/*
SQLyog Ultimate v13.1.1 (64 bit)
MySQL - 5.6.47 : Database - obedient_dev
*********************************************************************
*/

/*!40101 SET NAMES utf8 */;

/*!40101 SET SQL_MODE=''*/;

/*!40014 SET @OLD_UNIQUE_CHECKS=@@UNIQUE_CHECKS, UNIQUE_CHECKS=0 */;
/*!40014 SET @OLD_FOREIGN_KEY_CHECKS=@@FOREIGN_KEY_CHECKS, FOREIGN_KEY_CHECKS=0 */;
/*!40101 SET @OLD_SQL_MODE=@@SQL_MODE, SQL_MODE='NO_AUTO_VALUE_ON_ZERO' */;
/*!40111 SET @OLD_SQL_NOTES=@@SQL_NOTES, SQL_NOTES=0 */;
CREATE DATABASE /*!32312 IF NOT EXISTS*/`obedient_dev` /*!40100 DEFAULT CHARACTER SET latin1 */;

USE `obedient_dev`;

/*Table structure for table `categories` */

DROP TABLE IF EXISTS `categories`;

CREATE TABLE `categories` (
  `id` bigint(20) unsigned NOT NULL AUTO_INCREMENT,
  `name` varchar(191) COLLATE utf8mb4_unicode_ci NOT NULL,
  `parent_id` int(11) NOT NULL DEFAULT '0',
  `image` varchar(191) COLLATE utf8mb4_unicode_ci NOT NULL,
  `description` text COLLATE utf8mb4_unicode_ci NOT NULL,
  `created_by` int(11) NOT NULL DEFAULT '0',
  `updated_by` int(11) NOT NULL DEFAULT '0',
  `created_at` timestamp NULL DEFAULT NULL,
  `updated_at` timestamp NULL DEFAULT NULL,
  `deleted_at` timestamp NULL DEFAULT NULL,
  PRIMARY KEY (`id`)
) ENGINE=MyISAM AUTO_INCREMENT=13 DEFAULT CHARSET=utf8mb4 COLLATE=utf8mb4_unicode_ci;

/*Data for the table `categories` */

insert  into `categories`(`id`,`name`,`parent_id`,`image`,`description`,`created_by`,`updated_by`,`created_at`,`updated_at`,`deleted_at`) values 
(1,'Fast Moving Consumer Goods',0,'cat_1585899611.png','Fast-moving consumer goods (FMCG) are products that are sold quickly and at a relatively low cost. Examples include non-durable household goods such as packaged foods, beverages, toiletries, over-the-counter drugs and other consumables.',1,0,'2020-04-03 07:40:11','2020-04-03 07:40:11',NULL),
(2,'Animal Products',0,'cat_1585899857.png','An animal product is any material derived from the body of an animal. Examples are fat, flesh, blood, milk, eggs, and lesser known products, such as isinglass and rennet. Animal by-products, as defined by the USDA, are products harvested or manufactured from livestock other than muscle meat.',1,0,'2020-04-03 07:44:17','2020-04-03 07:44:17',NULL),
(3,'Hindustan Unilever Limited',1,'cat_1585908846.png','Hindustan Unilever Limited is a British-Dutch manufacturing company headquartered in Mumbai, India. Its products include foods, beverages, cleaning agents, personal care products, water purifiers and consumer goods.',1,0,'2020-04-03 10:14:06','2020-04-03 10:14:06',NULL),
(4,'Dabur',1,'cat_1585908971.png','Dabur India Limited is a fast moving consumer goods (FMCG) company. The Company operates in various product categories, such as hair care, oral care, healthcare, skin care, home care and foods. Its business units include Consumer Care Business, Foods Business and International Business.',1,0,'2020-04-03 10:16:11','2020-04-03 10:16:11',NULL),
(5,'ITC Limited',1,'cat_1585909102.png','ITC Limited is an Indian multinational conglomerate company headquartered in Kolkata, West Bengal. Established in 1910 as the \'Imperial Tobacco Company of India Limited\', the company was renamed as the \'India Tobacco Company Limited\' in 1970 and later to \'I.T.C. Limited\' in 1974.',1,0,'2020-04-03 10:18:22','2020-04-03 10:18:22',NULL),
(6,'Britannia Industries Limited',1,'cat_1585909218.png','Britannia Industries Limited is an Indian food-products corporation. Founded in 1892 and headquartered in Kolkata, it is one of India\'s oldest existing companies. It is now part of the Wadia Group headed by Nusli Wadia.',1,0,'2020-04-03 10:20:18','2020-04-03 10:20:18',NULL),
(7,'Godrej Consumer Products Limited',1,'cat_1585909377.png','Godrej Consumer Products Limited is an Indian consumer goods company based in Mumbai, India. GCPL\'s products include soap, hair colourants, toiletries and liquid detergents.',1,0,'2020-04-03 10:22:57','2020-04-03 10:22:57',NULL),
(8,'Emami',1,'cat_1585910474.png','The company is well known in India for its fairness cream products for men.[1]\n\nIn 2008, Emami acquired Zandu Pharmaceutical for Rs.730 crores. The company merged Zandu FMCG into Emami and raised Rs.310 Crore through QIP. The company became debt free within 2 years of the Zandu deal.\n\nThe company\'s health products unit offers tonics for colds and coughs as well as nutraceuticals.[',1,0,'2020-04-03 10:41:14','2020-04-03 10:41:14',NULL),
(9,'Pidilite Industries',1,'cat_1585910619.png','Pidilite Industries Limited is an India-based adhesives manufacturing company. It also sells art material, construction chemicals and other industrial chemicals. Pidilite markets the Fevicol range of adhesives. Its other brands are FeviKwik, Dr. Fixit, Roff, Cyclo, Ranipal, Hobby Ideas, M-seal and Acron.',1,0,'2020-04-03 10:43:39','2020-04-03 10:43:39',NULL),
(10,'Tata Global Beverages',1,'cat_1585910898.png','Tata Consumer Products Limited, is an Indian multinational non-alcoholic beverages company headquartered in Kolkata, West Bengal, India and a subsidiary of the Tata Group. It is the world\'s second-largest manufacturer and distributor of tea and a major producer of coffee.',1,0,'2020-04-03 10:48:18','2020-04-03 10:48:18',NULL),
(11,'Marico',1,'cat_1585910997.png','Marico Limited is one of India\'s leading consumer goods companies providing consumer products and services in the areas of health, beauty and wellness. With its headquarters in Mumbai, Maharashtra, India, Marico is present in over 25 countries across emerging markets of Asia and Africa.',1,0,'2020-04-03 10:49:57','2020-04-03 10:49:57',NULL),
(12,'SubCategory 1',1,'','This is Abhinav testing for a Sub-Category',1,0,'2020-04-06 06:35:09','2020-04-06 06:35:09',NULL);

/*Table structure for table `cities` */

DROP TABLE IF EXISTS `cities`;

CREATE TABLE `cities` (
  `id` bigint(20) unsigned NOT NULL AUTO_INCREMENT,
  `city` varchar(191) COLLATE utf8mb4_unicode_ci NOT NULL,
  `state_id` int(11) NOT NULL,
  `created_at` timestamp NULL DEFAULT NULL,
  `updated_at` timestamp NULL DEFAULT NULL,
  PRIMARY KEY (`id`)
) ENGINE=MyISAM AUTO_INCREMENT=604 DEFAULT CHARSET=utf8mb4 COLLATE=utf8mb4_unicode_ci;

/*Data for the table `cities` */

insert  into `cities`(`id`,`city`,`state_id`,`created_at`,`updated_at`) values 
(1,'North and Middle Andaman',32,NULL,NULL),
(2,'South Andaman',32,NULL,NULL),
(3,'Nicobar',32,NULL,NULL),
(4,'Adilabad',1,NULL,NULL),
(5,'Anantapur',1,NULL,NULL),
(6,'Chittoor',1,NULL,NULL),
(7,'East Godavari',1,NULL,NULL),
(8,'Guntur',1,NULL,NULL),
(9,'Hyderabad',1,NULL,NULL),
(10,'Kadapa',1,NULL,NULL),
(11,'Karimnagar',1,NULL,NULL),
(12,'Khammam',1,NULL,NULL),
(13,'Krishna',1,NULL,NULL),
(14,'Kurnool',1,NULL,NULL),
(15,'Mahbubnagar',1,NULL,NULL),
(16,'Medak',1,NULL,NULL),
(17,'Nalgonda',1,NULL,NULL),
(18,'Nellore',1,NULL,NULL),
(19,'Nizamabad',1,NULL,NULL),
(20,'Prakasam',1,NULL,NULL),
(21,'Rangareddi',1,NULL,NULL),
(22,'Srikakulam',1,NULL,NULL),
(23,'Vishakhapatnam',1,NULL,NULL),
(24,'Vizianagaram',1,NULL,NULL),
(25,'Warangal',1,NULL,NULL),
(26,'West Godavari',1,NULL,NULL),
(27,'Anjaw',3,NULL,NULL),
(28,'Changlang',3,NULL,NULL),
(29,'East Kameng',3,NULL,NULL),
(30,'Lohit',3,NULL,NULL),
(31,'Lower Subansiri',3,NULL,NULL),
(32,'Papum Pare',3,NULL,NULL),
(33,'Tirap',3,NULL,NULL),
(34,'Dibang Valley',3,NULL,NULL),
(35,'Upper Subansiri',3,NULL,NULL),
(36,'West Kameng',3,NULL,NULL),
(37,'Barpeta',2,NULL,NULL),
(38,'Bongaigaon',2,NULL,NULL),
(39,'Cachar',2,NULL,NULL),
(40,'Darrang',2,NULL,NULL),
(41,'Dhemaji',2,NULL,NULL),
(42,'Dhubri',2,NULL,NULL),
(43,'Dibrugarh',2,NULL,NULL),
(44,'Goalpara',2,NULL,NULL),
(45,'Golaghat',2,NULL,NULL),
(46,'Hailakandi',2,NULL,NULL),
(47,'Jorhat',2,NULL,NULL),
(48,'Karbi Anglong',2,NULL,NULL),
(49,'Karimganj',2,NULL,NULL),
(50,'Kokrajhar',2,NULL,NULL),
(51,'Lakhimpur',2,NULL,NULL),
(52,'Marigaon',2,NULL,NULL),
(53,'Nagaon',2,NULL,NULL),
(54,'Nalbari',2,NULL,NULL),
(55,'North Cachar Hills',2,NULL,NULL),
(56,'Sibsagar',2,NULL,NULL),
(57,'Sonitpur',2,NULL,NULL),
(58,'Tinsukia',2,NULL,NULL),
(59,'Araria',4,NULL,NULL),
(60,'Aurangabad',4,NULL,NULL),
(61,'Banka',4,NULL,NULL),
(62,'Begusarai',4,NULL,NULL),
(63,'Bhagalpur',4,NULL,NULL),
(64,'Bhojpur',4,NULL,NULL),
(65,'Buxar',4,NULL,NULL),
(66,'Darbhanga',4,NULL,NULL),
(67,'Purba Champaran',4,NULL,NULL),
(68,'Gaya',4,NULL,NULL),
(69,'Gopalganj',4,NULL,NULL),
(70,'Jamui',4,NULL,NULL),
(71,'Jehanabad',4,NULL,NULL),
(72,'Khagaria',4,NULL,NULL),
(73,'Kishanganj',4,NULL,NULL),
(74,'Kaimur',4,NULL,NULL),
(75,'Katihar',4,NULL,NULL),
(76,'Lakhisarai',4,NULL,NULL),
(77,'Madhubani',4,NULL,NULL),
(78,'Munger',4,NULL,NULL),
(79,'Madhepura',4,NULL,NULL),
(80,'Muzaffarpur',4,NULL,NULL),
(81,'Nalanda',4,NULL,NULL),
(82,'Nawada',4,NULL,NULL),
(83,'Patna',4,NULL,NULL),
(84,'Purnia',4,NULL,NULL),
(85,'Rohtas',4,NULL,NULL),
(86,'Saharsa',4,NULL,NULL),
(87,'Samastipur',4,NULL,NULL),
(88,'Sheohar',4,NULL,NULL),
(89,'Sheikhpura',4,NULL,NULL),
(90,'Saran',4,NULL,NULL),
(91,'Sitamarhi',4,NULL,NULL),
(92,'Supaul',4,NULL,NULL),
(93,'Siwan',4,NULL,NULL),
(94,'Vaishali',4,NULL,NULL),
(95,'Pashchim Champaran',4,NULL,NULL),
(96,'Bastar',36,NULL,NULL),
(97,'Bilaspur',36,NULL,NULL),
(98,'Dantewada',36,NULL,NULL),
(99,'Dhamtari',36,NULL,NULL),
(100,'Durg',36,NULL,NULL),
(101,'Jashpur',36,NULL,NULL),
(102,'Janjgir-Champa',36,NULL,NULL),
(103,'Korba',36,NULL,NULL),
(104,'Koriya',36,NULL,NULL),
(105,'Kanker',36,NULL,NULL),
(106,'Kawardha',36,NULL,NULL),
(107,'Mahasamund',36,NULL,NULL),
(108,'Raigarh',36,NULL,NULL),
(109,'Rajnandgaon',36,NULL,NULL),
(110,'Raipur',36,NULL,NULL),
(111,'Surguja',36,NULL,NULL),
(112,'Diu',29,NULL,NULL),
(113,'Daman',29,NULL,NULL),
(114,'Central Delhi',25,NULL,NULL),
(115,'East Delhi',25,NULL,NULL),
(116,'New Delhi',25,NULL,NULL),
(117,'North Delhi',25,NULL,NULL),
(118,'North East Delhi',25,NULL,NULL),
(119,'North West Delhi',25,NULL,NULL),
(120,'South Delhi',25,NULL,NULL),
(121,'South West Delhi',25,NULL,NULL),
(122,'West Delhi',25,NULL,NULL),
(123,'North Goa',26,NULL,NULL),
(124,'South Goa',26,NULL,NULL),
(125,'Ahmedabad',5,NULL,NULL),
(126,'Amreli District',5,NULL,NULL),
(127,'Anand',5,NULL,NULL),
(128,'Banaskantha',5,NULL,NULL),
(129,'Bharuch',5,NULL,NULL),
(130,'Bhavnagar',5,NULL,NULL),
(131,'Dahod',5,NULL,NULL),
(132,'The Dangs',5,NULL,NULL),
(133,'Gandhinagar',5,NULL,NULL),
(134,'Jamnagar',5,NULL,NULL),
(135,'Junagadh',5,NULL,NULL),
(136,'Kutch',5,NULL,NULL),
(137,'Kheda',5,NULL,NULL),
(138,'Mehsana',5,NULL,NULL),
(139,'Narmada',5,NULL,NULL),
(140,'Navsari',5,NULL,NULL),
(141,'Patan',5,NULL,NULL),
(142,'Panchmahal',5,NULL,NULL),
(143,'Porbandar',5,NULL,NULL),
(144,'Rajkot',5,NULL,NULL),
(145,'Sabarkantha',5,NULL,NULL),
(146,'Surendranagar',5,NULL,NULL),
(147,'Surat',5,NULL,NULL),
(148,'Vadodara',5,NULL,NULL),
(149,'Valsad',5,NULL,NULL),
(150,'Ambala',6,NULL,NULL),
(151,'Bhiwani',6,NULL,NULL),
(152,'Faridabad',6,NULL,NULL),
(153,'Fatehabad',6,NULL,NULL),
(154,'Gurgaon',6,NULL,NULL),
(155,'Hissar',6,NULL,NULL),
(156,'Jhajjar',6,NULL,NULL),
(157,'Jind',6,NULL,NULL),
(158,'Karnal',6,NULL,NULL),
(159,'Kaithal',6,NULL,NULL),
(160,'Kurukshetra',6,NULL,NULL),
(161,'Mahendragarh',6,NULL,NULL),
(162,'Mewat',6,NULL,NULL),
(163,'Panchkula',6,NULL,NULL),
(164,'Panipat',6,NULL,NULL),
(165,'Rewari',6,NULL,NULL),
(166,'Rohtak',6,NULL,NULL),
(167,'Sirsa',6,NULL,NULL),
(168,'Sonepat',6,NULL,NULL),
(169,'Yamuna Nagar',6,NULL,NULL),
(170,'Palwal',6,NULL,NULL),
(171,'Bilaspur',7,NULL,NULL),
(172,'Chamba',7,NULL,NULL),
(173,'Hamirpur',7,NULL,NULL),
(174,'Kangra',7,NULL,NULL),
(175,'Kinnaur',7,NULL,NULL),
(176,'Kulu',7,NULL,NULL),
(177,'Lahaul and Spiti',7,NULL,NULL),
(178,'Mandi',7,NULL,NULL),
(179,'Shimla',7,NULL,NULL),
(180,'Sirmaur',7,NULL,NULL),
(181,'Solan',7,NULL,NULL),
(182,'Una',7,NULL,NULL),
(183,'Anantnag',8,NULL,NULL),
(184,'Badgam',8,NULL,NULL),
(185,'Bandipore',8,NULL,NULL),
(186,'Baramula',8,NULL,NULL),
(187,'Doda',8,NULL,NULL),
(188,'Jammu',8,NULL,NULL),
(189,'Kargil',8,NULL,NULL),
(190,'Kathua',8,NULL,NULL),
(191,'Kupwara',8,NULL,NULL),
(192,'Leh',8,NULL,NULL),
(193,'Poonch',8,NULL,NULL),
(194,'Pulwama',8,NULL,NULL),
(195,'Rajauri',8,NULL,NULL),
(196,'Srinagar',8,NULL,NULL),
(197,'Samba',8,NULL,NULL),
(198,'Udhampur',8,NULL,NULL),
(199,'Bokaro',34,NULL,NULL),
(200,'Chatra',34,NULL,NULL),
(201,'Deoghar',34,NULL,NULL),
(202,'Dhanbad',34,NULL,NULL),
(203,'Dumka',34,NULL,NULL),
(204,'Purba Singhbhum',34,NULL,NULL),
(205,'Garhwa',34,NULL,NULL),
(206,'Giridih',34,NULL,NULL),
(207,'Godda',34,NULL,NULL),
(208,'Gumla',34,NULL,NULL),
(209,'Hazaribagh',34,NULL,NULL),
(210,'Koderma',34,NULL,NULL),
(211,'Lohardaga',34,NULL,NULL),
(212,'Pakur',34,NULL,NULL),
(213,'Palamu',34,NULL,NULL),
(214,'Ranchi',34,NULL,NULL),
(215,'Sahibganj',34,NULL,NULL),
(216,'Seraikela and Kharsawan',34,NULL,NULL),
(217,'Pashchim Singhbhum',34,NULL,NULL),
(218,'Ramgarh',34,NULL,NULL),
(219,'Bidar',9,NULL,NULL),
(220,'Belgaum',9,NULL,NULL),
(221,'Bijapur',9,NULL,NULL),
(222,'Bagalkot',9,NULL,NULL),
(223,'Bellary',9,NULL,NULL),
(224,'Bangalore Rural District',9,NULL,NULL),
(225,'Bangalore Urban District',9,NULL,NULL),
(226,'Chamarajnagar',9,NULL,NULL),
(227,'Chikmagalur',9,NULL,NULL),
(228,'Chitradurga',9,NULL,NULL),
(229,'Davanagere',9,NULL,NULL),
(230,'Dharwad',9,NULL,NULL),
(231,'Dakshina Kannada',9,NULL,NULL),
(232,'Gadag',9,NULL,NULL),
(233,'Gulbarga',9,NULL,NULL),
(234,'Hassan',9,NULL,NULL),
(235,'Haveri District',9,NULL,NULL),
(236,'Kodagu',9,NULL,NULL),
(237,'Kolar',9,NULL,NULL),
(238,'Koppal',9,NULL,NULL),
(239,'Mandya',9,NULL,NULL),
(240,'Mysore',9,NULL,NULL),
(241,'Raichur',9,NULL,NULL),
(242,'Shimoga',9,NULL,NULL),
(243,'Tumkur',9,NULL,NULL),
(244,'Udupi',9,NULL,NULL),
(245,'Uttara Kannada',9,NULL,NULL),
(246,'Ramanagara',9,NULL,NULL),
(247,'Chikballapur',9,NULL,NULL),
(248,'Yadagiri',9,NULL,NULL),
(249,'Alappuzha',10,NULL,NULL),
(250,'Ernakulam',10,NULL,NULL),
(251,'Idukki',10,NULL,NULL),
(252,'Kollam',10,NULL,NULL),
(253,'Kannur',10,NULL,NULL),
(254,'Kasaragod',10,NULL,NULL),
(255,'Kottayam',10,NULL,NULL),
(256,'Kozhikode',10,NULL,NULL),
(257,'Malappuram',10,NULL,NULL),
(258,'Palakkad',10,NULL,NULL),
(259,'Pathanamthitta',10,NULL,NULL),
(260,'Thrissur',10,NULL,NULL),
(261,'Thiruvananthapuram',10,NULL,NULL),
(262,'Wayanad',10,NULL,NULL),
(263,'Alirajpur',11,NULL,NULL),
(264,'Anuppur',11,NULL,NULL),
(265,'Ashok Nagar',11,NULL,NULL),
(266,'Balaghat',11,NULL,NULL),
(267,'Barwani',11,NULL,NULL),
(268,'Betul',11,NULL,NULL),
(269,'Bhind',11,NULL,NULL),
(270,'Bhopal',11,NULL,NULL),
(271,'Burhanpur',11,NULL,NULL),
(272,'Chhatarpur',11,NULL,NULL),
(273,'Chhindwara',11,NULL,NULL),
(274,'Damoh',11,NULL,NULL),
(275,'Datia',11,NULL,NULL),
(276,'Dewas',11,NULL,NULL),
(277,'Dhar',11,NULL,NULL),
(278,'Dindori',11,NULL,NULL),
(279,'Guna',11,NULL,NULL),
(280,'Gwalior',11,NULL,NULL),
(281,'Harda',11,NULL,NULL),
(282,'Hoshangabad',11,NULL,NULL),
(283,'Indore',11,NULL,NULL),
(284,'Jabalpur',11,NULL,NULL),
(285,'Jhabua',11,NULL,NULL),
(286,'Katni',11,NULL,NULL),
(287,'Khandwa',11,NULL,NULL),
(288,'Khargone',11,NULL,NULL),
(289,'Mandla',11,NULL,NULL),
(290,'Mandsaur',11,NULL,NULL),
(291,'Morena',11,NULL,NULL),
(292,'Narsinghpur',11,NULL,NULL),
(293,'Neemuch',11,NULL,NULL),
(294,'Panna',11,NULL,NULL),
(295,'Rewa',11,NULL,NULL),
(296,'Rajgarh',11,NULL,NULL),
(297,'Ratlam',11,NULL,NULL),
(298,'Raisen',11,NULL,NULL),
(299,'Sagar',11,NULL,NULL),
(300,'Satna',11,NULL,NULL),
(301,'Sehore',11,NULL,NULL),
(302,'Seoni',11,NULL,NULL),
(303,'Shahdol',11,NULL,NULL),
(304,'Shajapur',11,NULL,NULL),
(305,'Sheopur',11,NULL,NULL),
(306,'Shivpuri',11,NULL,NULL),
(307,'Sidhi',11,NULL,NULL),
(308,'Singrauli',11,NULL,NULL),
(309,'Tikamgarh',11,NULL,NULL),
(310,'Ujjain',11,NULL,NULL),
(311,'Umaria',11,NULL,NULL),
(312,'Vidisha',11,NULL,NULL),
(313,'Ahmednagar',12,NULL,NULL),
(314,'Akola',12,NULL,NULL),
(315,'Amrawati',12,NULL,NULL),
(316,'Aurangabad',12,NULL,NULL),
(317,'Bhandara',12,NULL,NULL),
(318,'Beed',12,NULL,NULL),
(319,'Buldhana',12,NULL,NULL),
(320,'Chandrapur',12,NULL,NULL),
(321,'Dhule',12,NULL,NULL),
(322,'Gadchiroli',12,NULL,NULL),
(323,'Gondiya',12,NULL,NULL),
(324,'Hingoli',12,NULL,NULL),
(325,'Jalgaon',12,NULL,NULL),
(326,'Jalna',12,NULL,NULL),
(327,'Kolhapur',12,NULL,NULL),
(328,'Latur',12,NULL,NULL),
(329,'Mumbai City',12,NULL,NULL),
(330,'Mumbai suburban',12,NULL,NULL),
(331,'Nandurbar',12,NULL,NULL),
(332,'Nanded',12,NULL,NULL),
(333,'Nagpur',12,NULL,NULL),
(334,'Nashik',12,NULL,NULL),
(335,'Osmanabad',12,NULL,NULL),
(336,'Parbhani',12,NULL,NULL),
(337,'Pune',12,NULL,NULL),
(338,'Raigad',12,NULL,NULL),
(339,'Ratnagiri',12,NULL,NULL),
(340,'Sindhudurg',12,NULL,NULL),
(341,'Sangli',12,NULL,NULL),
(342,'Solapur',12,NULL,NULL),
(343,'Satara',12,NULL,NULL),
(344,'Thane',12,NULL,NULL),
(345,'Wardha',12,NULL,NULL),
(346,'Washim',12,NULL,NULL),
(347,'Yavatmal',12,NULL,NULL),
(348,'Bishnupur',13,NULL,NULL),
(349,'Churachandpur',13,NULL,NULL),
(350,'Chandel',13,NULL,NULL),
(351,'Imphal East',13,NULL,NULL),
(352,'Senapati',13,NULL,NULL),
(353,'Tamenglong',13,NULL,NULL),
(354,'Thoubal',13,NULL,NULL),
(355,'Ukhrul',13,NULL,NULL),
(356,'Imphal West',13,NULL,NULL),
(357,'East Garo Hills',14,NULL,NULL),
(358,'East Khasi Hills',14,NULL,NULL),
(359,'Jaintia Hills',14,NULL,NULL),
(360,'Ri-Bhoi',14,NULL,NULL),
(361,'South Garo Hills',14,NULL,NULL),
(362,'West Garo Hills',14,NULL,NULL),
(363,'West Khasi Hills',14,NULL,NULL),
(364,'Aizawl',15,NULL,NULL),
(365,'Champhai',15,NULL,NULL),
(366,'Kolasib',15,NULL,NULL),
(367,'Lawngtlai',15,NULL,NULL),
(368,'Lunglei',15,NULL,NULL),
(369,'Mamit',15,NULL,NULL),
(370,'Saiha',15,NULL,NULL),
(371,'Serchhip',15,NULL,NULL),
(372,'Dimapur',16,NULL,NULL),
(373,'Kohima',16,NULL,NULL),
(374,'Mokokchung',16,NULL,NULL),
(375,'Mon',16,NULL,NULL),
(376,'Phek',16,NULL,NULL),
(377,'Tuensang',16,NULL,NULL),
(378,'Wokha',16,NULL,NULL),
(379,'Zunheboto',16,NULL,NULL),
(380,'Angul',17,NULL,NULL),
(381,'Boudh',17,NULL,NULL),
(382,'Bhadrak',17,NULL,NULL),
(383,'Bolangir',17,NULL,NULL),
(384,'Bargarh',17,NULL,NULL),
(385,'Baleswar',17,NULL,NULL),
(386,'Cuttack',17,NULL,NULL),
(387,'Debagarh',17,NULL,NULL),
(388,'Dhenkanal',17,NULL,NULL),
(389,'Ganjam',17,NULL,NULL),
(390,'Gajapati',17,NULL,NULL),
(391,'Jharsuguda',17,NULL,NULL),
(392,'Jajapur',17,NULL,NULL),
(393,'Jagatsinghpur',17,NULL,NULL),
(394,'Khordha',17,NULL,NULL),
(395,'Kendujhar',17,NULL,NULL),
(396,'Kalahandi',17,NULL,NULL),
(397,'Kandhamal',17,NULL,NULL),
(398,'Koraput',17,NULL,NULL),
(399,'Kendrapara',17,NULL,NULL),
(400,'Malkangiri',17,NULL,NULL),
(401,'Mayurbhanj',17,NULL,NULL),
(402,'Nabarangpur',17,NULL,NULL),
(403,'Nuapada',17,NULL,NULL),
(404,'Nayagarh',17,NULL,NULL),
(405,'Puri',17,NULL,NULL),
(406,'Rayagada',17,NULL,NULL),
(407,'Sambalpur',17,NULL,NULL),
(408,'Subarnapur',17,NULL,NULL),
(409,'Sundargarh',17,NULL,NULL),
(410,'Karaikal',27,NULL,NULL),
(411,'Mahe',27,NULL,NULL),
(412,'Puducherry',27,NULL,NULL),
(413,'Yanam',27,NULL,NULL),
(414,'Amritsar',18,NULL,NULL),
(415,'Bathinda',18,NULL,NULL),
(416,'Firozpur',18,NULL,NULL),
(417,'Faridkot',18,NULL,NULL),
(418,'Fatehgarh Sahib',18,NULL,NULL),
(419,'Gurdaspur',18,NULL,NULL),
(420,'Hoshiarpur',18,NULL,NULL),
(421,'Jalandhar',18,NULL,NULL),
(422,'Kapurthala',18,NULL,NULL),
(423,'Ludhiana',18,NULL,NULL),
(424,'Mansa',18,NULL,NULL),
(425,'Moga',18,NULL,NULL),
(426,'Mukatsar',18,NULL,NULL),
(427,'Nawan Shehar',18,NULL,NULL),
(428,'Patiala',18,NULL,NULL),
(429,'Rupnagar',18,NULL,NULL),
(430,'Sangrur',18,NULL,NULL),
(431,'Ajmer',19,NULL,NULL),
(432,'Alwar',19,NULL,NULL),
(433,'Bikaner',19,NULL,NULL),
(434,'Barmer',19,NULL,NULL),
(435,'Banswara',19,NULL,NULL),
(436,'Bharatpur',19,NULL,NULL),
(437,'Baran',19,NULL,NULL),
(438,'Bundi',19,NULL,NULL),
(439,'Bhilwara',19,NULL,NULL),
(440,'Churu',19,NULL,NULL),
(441,'Chittorgarh',19,NULL,NULL),
(442,'Dausa',19,NULL,NULL),
(443,'Dholpur',19,NULL,NULL),
(444,'Dungapur',19,NULL,NULL),
(445,'Ganganagar',19,NULL,NULL),
(446,'Hanumangarh',19,NULL,NULL),
(447,'Juhnjhunun',19,NULL,NULL),
(448,'Jalore',19,NULL,NULL),
(449,'Jodhpur',19,NULL,NULL),
(450,'Jaipur',19,NULL,NULL),
(451,'Jaisalmer',19,NULL,NULL),
(452,'Jhalawar',19,NULL,NULL),
(453,'Karauli',19,NULL,NULL),
(454,'Kota',19,NULL,NULL),
(455,'Nagaur',19,NULL,NULL),
(456,'Pali',19,NULL,NULL),
(457,'Pratapgarh',19,NULL,NULL),
(458,'Rajsamand',19,NULL,NULL),
(459,'Sikar',19,NULL,NULL),
(460,'Sawai Madhopur',19,NULL,NULL),
(461,'Sirohi',19,NULL,NULL),
(462,'Tonk',19,NULL,NULL),
(463,'Udaipur',19,NULL,NULL),
(464,'East Sikkim',20,NULL,NULL),
(465,'North Sikkim',20,NULL,NULL),
(466,'South Sikkim',20,NULL,NULL),
(467,'West Sikkim',20,NULL,NULL),
(468,'Ariyalur',21,NULL,NULL),
(469,'Chennai',21,NULL,NULL),
(470,'Coimbatore',21,NULL,NULL),
(471,'Cuddalore',21,NULL,NULL),
(472,'Dharmapuri',21,NULL,NULL),
(473,'Dindigul',21,NULL,NULL),
(474,'Erode',21,NULL,NULL),
(475,'Kanchipuram',21,NULL,NULL),
(476,'Kanyakumari',21,NULL,NULL),
(477,'Karur',21,NULL,NULL),
(478,'Madurai',21,NULL,NULL),
(479,'Nagapattinam',21,NULL,NULL),
(480,'The Nilgiris',21,NULL,NULL),
(481,'Namakkal',21,NULL,NULL),
(482,'Perambalur',21,NULL,NULL),
(483,'Pudukkottai',21,NULL,NULL),
(484,'Ramanathapuram',21,NULL,NULL),
(485,'Salem',21,NULL,NULL),
(486,'Sivagangai',21,NULL,NULL),
(487,'Tiruppur',21,NULL,NULL),
(488,'Tiruchirappalli',21,NULL,NULL),
(489,'Theni',21,NULL,NULL),
(490,'Tirunelveli',21,NULL,NULL),
(491,'Thanjavur',21,NULL,NULL),
(492,'Thoothukudi',21,NULL,NULL),
(493,'Thiruvallur',21,NULL,NULL),
(494,'Thiruvarur',21,NULL,NULL),
(495,'Tiruvannamalai',21,NULL,NULL),
(496,'Vellore',21,NULL,NULL),
(497,'Villupuram',21,NULL,NULL),
(498,'Dhalai',22,NULL,NULL),
(499,'North Tripura',22,NULL,NULL),
(500,'South Tripura',22,NULL,NULL),
(501,'West Tripura',22,NULL,NULL),
(502,'Almora',33,NULL,NULL),
(503,'Bageshwar',33,NULL,NULL),
(504,'Chamoli',33,NULL,NULL),
(505,'Champawat',33,NULL,NULL),
(506,'Dehradun',33,NULL,NULL),
(507,'Haridwar',33,NULL,NULL),
(508,'Nainital',33,NULL,NULL),
(509,'Pauri Garhwal',33,NULL,NULL),
(510,'Pithoragharh',33,NULL,NULL),
(511,'Rudraprayag',33,NULL,NULL),
(512,'Tehri Garhwal',33,NULL,NULL),
(513,'Udham Singh Nagar',33,NULL,NULL),
(514,'Uttarkashi',33,NULL,NULL),
(515,'Agra',23,NULL,NULL),
(516,'Allahabad',23,NULL,NULL),
(517,'Aligarh',23,NULL,NULL),
(518,'Ambedkar Nagar',23,NULL,NULL),
(519,'Auraiya',23,NULL,NULL),
(520,'Azamgarh',23,NULL,NULL),
(521,'Barabanki',23,NULL,NULL),
(522,'Badaun',23,NULL,NULL),
(523,'Bagpat',23,NULL,NULL),
(524,'Bahraich',23,NULL,NULL),
(525,'Bijnor',23,NULL,NULL),
(526,'Ballia',23,NULL,NULL),
(527,'Banda',23,NULL,NULL),
(528,'Balrampur',23,NULL,NULL),
(529,'Bareilly',23,NULL,NULL),
(530,'Basti',23,NULL,NULL),
(531,'Bulandshahr',23,NULL,NULL),
(532,'Chandauli',23,NULL,NULL),
(533,'Chitrakoot',23,NULL,NULL),
(534,'Deoria',23,NULL,NULL),
(535,'Etah',23,NULL,NULL),
(536,'Kanshiram Nagar',23,NULL,NULL),
(537,'Etawah',23,NULL,NULL),
(538,'Firozabad',23,NULL,NULL),
(539,'Farrukhabad',23,NULL,NULL),
(540,'Fatehpur',23,NULL,NULL),
(541,'Faizabad',23,NULL,NULL),
(542,'Gautam Buddha Nagar',23,NULL,NULL),
(543,'Gonda',23,NULL,NULL),
(544,'Ghazipur',23,NULL,NULL),
(545,'Gorkakhpur',23,NULL,NULL),
(546,'Ghaziabad',23,NULL,NULL),
(547,'Hamirpur',23,NULL,NULL),
(548,'Hardoi',23,NULL,NULL),
(549,'Mahamaya Nagar',23,NULL,NULL),
(550,'Jhansi',23,NULL,NULL),
(551,'Jalaun',23,NULL,NULL),
(552,'Jyotiba Phule Nagar',23,NULL,NULL),
(553,'Jaunpur District',23,NULL,NULL),
(554,'Kanpur Dehat',23,NULL,NULL),
(555,'Kannauj',23,NULL,NULL),
(556,'Kanpur Nagar',23,NULL,NULL),
(557,'Kaushambi',23,NULL,NULL),
(558,'Kushinagar',23,NULL,NULL),
(559,'Lalitpur',23,NULL,NULL),
(560,'Lakhimpur Kheri',23,NULL,NULL),
(561,'Lucknow',23,NULL,NULL),
(562,'Mau',23,NULL,NULL),
(563,'Meerut',23,NULL,NULL),
(564,'Maharajganj',23,NULL,NULL),
(565,'Mahoba',23,NULL,NULL),
(566,'Mirzapur',23,NULL,NULL),
(567,'Moradabad',23,NULL,NULL),
(568,'Mainpuri',23,NULL,NULL),
(569,'Mathura',23,NULL,NULL),
(570,'Muzaffarnagar',23,NULL,NULL),
(571,'Pilibhit',23,NULL,NULL),
(572,'Pratapgarh',23,NULL,NULL),
(573,'Rampur',23,NULL,NULL),
(574,'Rae Bareli',23,NULL,NULL),
(575,'Saharanpur',23,NULL,NULL),
(576,'Sitapur',23,NULL,NULL),
(577,'Shahjahanpur',23,NULL,NULL),
(578,'Sant Kabir Nagar',23,NULL,NULL),
(579,'Siddharthnagar',23,NULL,NULL),
(580,'Sonbhadra',23,NULL,NULL),
(581,'Sant Ravidas Nagar',23,NULL,NULL),
(582,'Sultanpur',23,NULL,NULL),
(583,'Shravasti',23,NULL,NULL),
(584,'Unnao',23,NULL,NULL),
(585,'Varanasi',23,NULL,NULL),
(586,'Birbhum',24,NULL,NULL),
(587,'Bankura',24,NULL,NULL),
(588,'Bardhaman',24,NULL,NULL),
(589,'Darjeeling',24,NULL,NULL),
(590,'Dakshin Dinajpur',24,NULL,NULL),
(591,'Hooghly',24,NULL,NULL),
(592,'Howrah',24,NULL,NULL),
(593,'Jalpaiguri',24,NULL,NULL),
(594,'Cooch Behar',24,NULL,NULL),
(595,'Kolkata',24,NULL,NULL),
(596,'Malda',24,NULL,NULL),
(597,'Midnapore',24,NULL,NULL),
(598,'Murshidabad',24,NULL,NULL),
(599,'Nadia',24,NULL,NULL),
(600,'North 24 Parganas',24,NULL,NULL),
(601,'South 24 Parganas',24,NULL,NULL),
(602,'Purulia',24,NULL,NULL),
(603,'Uttar Dinajpur',24,NULL,NULL);

/*Table structure for table `commission_wallets` */

DROP TABLE IF EXISTS `commission_wallets`;

CREATE TABLE `commission_wallets` (
  `id` bigint(20) unsigned NOT NULL AUTO_INCREMENT,
  `user_id` int(11) NOT NULL,
  `amount` decimal(10,2) NOT NULL DEFAULT '0.00',
  `type` enum('Cr','Dr','') COLLATE utf8mb4_unicode_ci NOT NULL DEFAULT '',
  `created_at` timestamp NULL DEFAULT NULL,
  `updated_at` timestamp NULL DEFAULT NULL,
  `deleted_at` timestamp NULL DEFAULT NULL,
  PRIMARY KEY (`id`)
) ENGINE=MyISAM DEFAULT CHARSET=utf8mb4 COLLATE=utf8mb4_unicode_ci;

/*Data for the table `commission_wallets` */

/*Table structure for table `configurations` */

DROP TABLE IF EXISTS `configurations`;

CREATE TABLE `configurations` (
  `id` bigint(20) unsigned NOT NULL AUTO_INCREMENT,
  `key` varchar(191) COLLATE utf8mb4_unicode_ci DEFAULT NULL,
  `value` text COLLATE utf8mb4_unicode_ci,
  `created_at` timestamp NULL DEFAULT NULL,
  `updated_at` timestamp NULL DEFAULT NULL,
  `deleted_at` timestamp NULL DEFAULT NULL,
  PRIMARY KEY (`id`)
) ENGINE=InnoDB AUTO_INCREMENT=14 DEFAULT CHARSET=utf8mb4 COLLATE=utf8mb4_unicode_ci;

/*Data for the table `configurations` */

insert  into `configurations`(`id`,`key`,`value`,`created_at`,`updated_at`,`deleted_at`) values 
(1,'user_active_range','500',NULL,NULL,NULL),
(2,'test','est',NULL,NULL,NULL),
(5,'landing_image','landing_image_1586157077.jpg','2020-04-06 05:43:28','2020-04-06 07:11:17',NULL),
(6,'FMCG_Coupon','80',NULL,NULL,NULL),
(7,'EMI_Coupon','75',NULL,NULL,NULL),
(8,'Matching_Amount','1',NULL,NULL,NULL),
(9,'slider_image_1','slider_image_1_1588346450.jpg',NULL,'2020-05-01 15:20:50',NULL),
(10,'slider_image_2','slider_image_2_1588346450.jpg',NULL,'2020-05-01 15:20:50',NULL),
(11,'slider_image_3','slider_image_3_1588346450.jpg',NULL,'2020-05-01 15:20:50',NULL),
(12,'slider_image_4','slider_image_4_1588346450.jpg',NULL,'2020-05-01 15:20:50',NULL),
(13,'slider_image_5','slider_image_5_1588346450.jpg',NULL,'2020-05-01 15:20:50',NULL);

/*Table structure for table `contact_form_requests` */

DROP TABLE IF EXISTS `contact_form_requests`;

CREATE TABLE `contact_form_requests` (
  `id` bigint(20) unsigned NOT NULL AUTO_INCREMENT,
  `name` varchar(191) COLLATE utf8mb4_unicode_ci DEFAULT NULL,
  `email` varchar(191) COLLATE utf8mb4_unicode_ci DEFAULT NULL,
  `phone` varchar(191) COLLATE utf8mb4_unicode_ci DEFAULT NULL,
  `message` text COLLATE utf8mb4_unicode_ci,
  `created_at` timestamp NULL DEFAULT NULL,
  `updated_at` timestamp NULL DEFAULT NULL,
  `deleted_at` timestamp NULL DEFAULT NULL,
  PRIMARY KEY (`id`)
) ENGINE=InnoDB AUTO_INCREMENT=7 DEFAULT CHARSET=utf8mb4 COLLATE=utf8mb4_unicode_ci;

/*Data for the table `contact_form_requests` */

insert  into `contact_form_requests`(`id`,`name`,`email`,`phone`,`message`,`created_at`,`updated_at`,`deleted_at`) values 
(1,'test','test@gmail.com','9632587410','test message','2020-04-05 07:39:04','2020-04-05 07:39:04',NULL),
(2,'test','test@gmail.com','9632587410','test message','2020-04-05 07:40:59','2020-04-05 07:40:59',NULL),
(3,'test','test@gmail.com','9632587410','test message','2020-04-05 07:43:28','2020-04-05 07:43:28',NULL),
(4,'hello','hello@gmail.com','9632587410','adfadfadfafa','2020-04-05 11:43:36','2020-04-05 11:43:36',NULL),
(5,'meenakshi pal','meenakshi@gmail.com','1234567890','hellooo','2020-04-05 12:16:00','2020-04-05 12:16:00',NULL),
(6,'kartik pal','kartik@gmail.com','5647891230','hello','2020-04-05 12:18:15','2020-04-05 12:18:15',NULL);

/*Table structure for table `coupon_denominations` */

DROP TABLE IF EXISTS `coupon_denominations`;

CREATE TABLE `coupon_denominations` (
  `id` bigint(20) unsigned NOT NULL AUTO_INCREMENT,
  `coupon_type_id` int(11) NOT NULL DEFAULT '1',
  `amount` decimal(10,2) NOT NULL DEFAULT '0.00',
  `created_by` int(11) NOT NULL DEFAULT '0',
  `updated_by` int(11) NOT NULL DEFAULT '0',
  `created_at` timestamp NULL DEFAULT NULL,
  `updated_at` timestamp NULL DEFAULT NULL,
  `deleted_at` timestamp NULL DEFAULT NULL,
  PRIMARY KEY (`id`)
) ENGINE=MyISAM AUTO_INCREMENT=10 DEFAULT CHARSET=utf8mb4 COLLATE=utf8mb4_unicode_ci;

/*Data for the table `coupon_denominations` */

insert  into `coupon_denominations`(`id`,`coupon_type_id`,`amount`,`created_by`,`updated_by`,`created_at`,`updated_at`,`deleted_at`) values 
(1,1,500.00,1,0,NULL,NULL,NULL),
(2,1,1000.00,1,0,NULL,NULL,NULL),
(3,1,2000.00,1,0,NULL,NULL,NULL),
(4,1,2500.00,1,0,NULL,NULL,NULL),
(5,1,3000.00,1,0,NULL,NULL,NULL),
(6,1,5000.00,1,0,NULL,NULL,NULL),
(7,1,10000.00,1,0,NULL,NULL,NULL),
(8,1,20000.00,1,0,NULL,NULL,NULL),
(9,1,25000.00,1,0,NULL,NULL,NULL);

/*Table structure for table `coupon_types` */

DROP TABLE IF EXISTS `coupon_types`;

CREATE TABLE `coupon_types` (
  `id` bigint(20) unsigned NOT NULL AUTO_INCREMENT,
  `type` varchar(191) COLLATE utf8mb4_unicode_ci NOT NULL,
  `created_at` timestamp NULL DEFAULT NULL,
  `updated_at` timestamp NULL DEFAULT NULL,
  PRIMARY KEY (`id`)
) ENGINE=MyISAM AUTO_INCREMENT=4 DEFAULT CHARSET=utf8mb4 COLLATE=utf8mb4_unicode_ci;

/*Data for the table `coupon_types` */

insert  into `coupon_types`(`id`,`type`,`created_at`,`updated_at`) values 
(1,'Consumer Goods Coupon',NULL,NULL),
(2,'Real Estate EMI',NULL,NULL),
(3,'Real Estate Advance',NULL,NULL);

/*Table structure for table `coupons` */

DROP TABLE IF EXISTS `coupons`;

CREATE TABLE `coupons` (
  `id` bigint(20) unsigned NOT NULL AUTO_INCREMENT,
  `coupon_type_id` int(11) NOT NULL DEFAULT '1',
  `coupon_denomination_id` int(11) NOT NULL,
  `coupon_code` varchar(191) COLLATE utf8mb4_unicode_ci DEFAULT NULL,
  `coupon_security_code` varchar(191) COLLATE utf8mb4_unicode_ci DEFAULT NULL,
  `coupon_amount` decimal(10,2) NOT NULL DEFAULT '0.00',
  `generated_date` date DEFAULT NULL,
  `expiry_date` date DEFAULT NULL,
  `utilized_date` date DEFAULT NULL,
  `utilized_amount` decimal(10,2) NOT NULL DEFAULT '0.00',
  `status` enum('Active','Utilized','Expired') COLLATE utf8mb4_unicode_ci NOT NULL DEFAULT 'Active',
  `created_by` int(11) NOT NULL DEFAULT '0',
  `created_for` int(11) NOT NULL DEFAULT '0',
  `updated_by` int(11) NOT NULL DEFAULT '0',
  `comments` text COLLATE utf8mb4_unicode_ci,
  `created_at` timestamp NULL DEFAULT NULL,
  `updated_at` timestamp NULL DEFAULT NULL,
  `deleted_at` timestamp NULL DEFAULT NULL,
  PRIMARY KEY (`id`)
) ENGINE=MyISAM AUTO_INCREMENT=88 DEFAULT CHARSET=utf8mb4 COLLATE=utf8mb4_unicode_ci;

/*Data for the table `coupons` */

insert  into `coupons`(`id`,`coupon_type_id`,`coupon_denomination_id`,`coupon_code`,`coupon_security_code`,`coupon_amount`,`generated_date`,`expiry_date`,`utilized_date`,`utilized_amount`,`status`,`created_by`,`created_for`,`updated_by`,`comments`,`created_at`,`updated_at`,`deleted_at`) values 
(1,1,1,'A5D4001','A5D4001C2DBFFF9B2553BDCFB3118D311',500.00,'2020-03-16','2020-04-30',NULL,0.00,'Active',1,3,0,'Coupon generated','2020-03-16 08:56:15','2020-04-06 13:39:44',NULL),
(2,1,1,'B12CF12','B12CF1A74BD1D953526BD3CC1D73B2512',500.00,'2020-03-16','2020-04-15',NULL,0.00,'Active',1,3,0,'Coupon generated','2020-03-16 08:56:34','2020-03-16 08:56:34',NULL),
(3,1,1,'D3AB703','D3AB70586F3D78356052582A52AE76043',500.00,'2020-03-16','2020-04-15',NULL,0.00,'Active',1,3,0,'Coupon generated','2020-03-16 08:58:34','2020-03-16 08:58:34',NULL),
(4,1,1,'2109A84','2109A8836A6065A9284B0C9C865E1F814',500.00,'2020-03-16','2020-04-15',NULL,0.00,'Active',1,3,0,'Coupon generated','2020-03-16 08:59:53','2020-03-16 08:59:53',NULL),
(5,1,1,'64A2AE5','64A2AE23529AE4A9043D561BD3A3A8375',500.00,'2020-03-16','2020-04-15',NULL,0.00,'Active',1,3,0,'Coupon generated','2020-03-16 09:10:19','2020-03-16 09:10:19',NULL),
(6,1,1,'53EC516','53EC510994DCC2C939EE3A7F0DB8991A6',500.00,'2020-03-16','2020-04-15',NULL,0.00,'Active',1,3,0,'Coupon generated','2020-03-16 09:12:44','2020-03-16 09:12:44',NULL),
(7,1,2,'53EC517','53EC510994DCC2C939EE3A7F0DB8991A7',1000.00,'2020-03-16','2020-04-15',NULL,0.00,'Active',1,3,0,'Coupon generated','2020-03-16 09:12:44','2020-03-16 09:12:44',NULL),
(8,1,2,'53EC518','53EC510994DCC2C939EE3A7F0DB8991A8',1000.00,'2020-03-16','2020-04-15',NULL,0.00,'Active',1,3,0,'Coupon generated','2020-03-16 09:12:44','2020-03-16 09:12:44',NULL),
(9,1,1,'5332289','533228F2F2B1862B07B577FB5E15BFD39',500.00,'2020-03-17','2020-04-16',NULL,0.00,'Active',1,5,0,'Coupon generated','2020-03-17 12:17:02','2020-03-17 12:17:02',NULL),
(10,2,0,'FEC75C10','FEC75C9D9D029620BAC614FD308E0F3D10',100000.00,'2020-03-19','2020-04-18','2020-03-19',100000.00,'Utilized',1,15,0,'Received booking amount is approved','2020-03-19 04:18:41','2020-03-19 04:18:41',NULL),
(11,2,0,'207E5811','207E5800225A2DAD085301BBD799734E11',158333.33,'2020-03-19','2020-04-18','2020-03-19',158333.33,'Utilized',1,15,0,'Approved 18 April 2020 EMI','2020-03-19 04:19:26','2020-03-19 04:19:26',NULL),
(12,1,1,'3AAAE912','3AAAE979814D55FCD9A4808F2429049012',500.00,'2020-03-19','2020-04-18',NULL,0.00,'Active',1,15,0,'Coupon generated','2020-03-19 04:42:47','2020-03-19 04:42:47',NULL),
(13,1,2,'3AAAE913','3AAAE979814D55FCD9A4808F2429049013',1000.00,'2020-03-19','2020-04-18',NULL,0.00,'Active',1,15,0,'Coupon generated','2020-03-19 04:42:47','2020-03-19 04:42:47',NULL),
(14,1,1,'55690B14','55690B1F98170ED414095ED923C8E40714',500.00,'2020-03-19','2020-05-30',NULL,0.00,'Active',1,2,0,'Coupon generated','2020-03-19 10:09:56','2020-04-07 14:41:16',NULL),
(15,1,2,'55690B15','55690B1F98170ED414095ED923C8E40715',1000.00,'2020-03-19','2020-06-17',NULL,0.00,'Expired',1,2,0,'Coupon generated','2020-03-19 10:09:56','2020-04-07 14:42:37',NULL),
(16,1,3,'55690B16','55690B1F98170ED414095ED923C8E40716',2000.00,'2020-03-19','2020-04-18',NULL,0.00,'Expired',1,2,0,'Coupon generated','2020-03-19 10:09:56','2020-03-25 12:28:08',NULL),
(17,1,3,'55690B17','55690B1F98170ED414095ED923C8E40717',2000.00,'2020-03-19','2020-04-18',NULL,0.00,'Expired',1,2,0,'Coupon generated','2020-03-19 10:09:56','2020-03-25 12:37:36',NULL),
(18,1,3,'55690B18','55690B1F98170ED414095ED923C8E40718',2000.00,'2020-03-19','2020-04-18',NULL,0.00,'Expired',1,2,0,'Coupon generated','2020-03-19 10:09:56','2020-03-25 12:28:04',NULL),
(19,1,3,'55690B19','55690B1F98170ED414095ED923C8E40719',2000.00,'2020-03-19','2020-04-18',NULL,0.00,'Active',1,2,0,'Coupon generated','2020-03-19 10:09:56','2020-03-19 10:09:56',NULL),
(20,1,3,'55690B20','55690B1F98170ED414095ED923C8E40720',2000.00,'2020-03-19','2020-04-18',NULL,0.00,'Active',1,2,0,'Coupon generated','2020-03-19 10:09:56','2020-03-19 10:09:56',NULL),
(21,2,0,'448C1A21','448C1AE1C12FE3A5ED414C44165FA76E21',100000.00,'2020-03-19','2020-04-18','2020-03-19',100000.00,'Utilized',1,3,0,'Payment approved','2020-03-19 12:22:38','2020-03-19 12:22:38',NULL),
(22,2,0,'75FD2622','75FD26C1E2DA4CAB5C4605F608FB72D322',1241666.67,'2020-03-19','2020-04-18','2020-03-19',1241666.67,'Utilized',1,3,0,'payment approved','2020-03-19 12:24:34','2020-03-19 12:24:34',NULL),
(23,2,0,'65EF2623','65EF2620F327BCB090E1788F1838C43D23',100000.00,'2020-03-19','2020-04-18','2020-03-19',100000.00,'Utilized',1,3,0,'approved','2020-03-19 12:32:41','2020-03-19 12:32:41',NULL),
(24,2,0,'BC1D6024','BC1D60E90006EEEED549A11B621599D424',1000000.00,'2020-03-23','2020-04-22','2020-03-23',1000000.00,'Utilized',1,2,0,'Approved','2020-03-23 06:13:03','2020-03-23 06:13:03',NULL),
(25,2,0,'1854EB25','1854EBC359E4E9AEDE0C20ECE889A5CE25',333333.33,'2020-03-23','2020-04-22','2020-03-23',333333.33,'Utilized',1,2,0,'emi approved','2020-03-23 07:18:01','2020-03-23 07:18:01',NULL),
(26,2,0,'1854EB26','1854EBC359E4E9AEDE0C20ECE889A5CE26',333333.33,'2020-03-23','2020-04-22','2020-03-23',333333.33,'Utilized',1,2,0,'emi approved','2020-03-23 07:18:01','2020-03-23 07:18:01',NULL),
(27,2,0,'EC565D27','EC565D6A14928CE597031B63C596CBE827',100000.00,'2020-03-23','2020-04-22','2020-03-23',100000.00,'Utilized',1,2,0,'ttt','2020-03-23 07:21:17','2020-03-23 07:21:17',NULL),
(28,2,0,'C6C4BE28','C6C4BE9D1B46EF11F06B783B8178603A28',1000000.00,'2020-03-23','2020-04-22','2020-03-23',1000000.00,'Utilized',1,2,0,'yyy','2020-03-23 07:22:23','2020-03-23 07:22:23',NULL),
(29,2,0,'3F026729','3F026770EC938F01C29889441685E44F29',1241666.67,'2020-03-23','2020-04-22','2020-03-23',1241666.67,'Utilized',1,3,0,'accept','2020-03-23 07:33:40','2020-03-23 07:33:40',NULL),
(30,1,7,'7FA37830','7FA378FB81B242E8442F29AF7756A18930',10000.00,'2020-03-24','2020-04-23',NULL,0.00,'Expired',1,2,0,'Coupon generated','2020-03-24 09:00:17','2020-03-25 12:33:38',NULL),
(31,1,7,'7FA37831','7FA378FB81B242E8442F29AF7756A18931',10000.00,'2020-03-24','2020-04-23',NULL,0.00,'Active',1,2,0,'Coupon generated','2020-03-24 09:00:17','2020-03-24 09:00:17',NULL),
(32,1,7,'7FA37832','7FA378FB81B242E8442F29AF7756A18932',10000.00,'2020-03-24','2020-04-23',NULL,0.00,'Active',1,2,0,'Coupon generated','2020-03-24 09:00:17','2020-03-24 09:00:17',NULL),
(33,1,7,'7FA37833','7FA378FB81B242E8442F29AF7756A18933',10000.00,'2020-03-24','2020-04-23',NULL,0.00,'Active',1,2,0,'Coupon generated','2020-03-24 09:00:17','2020-03-24 09:00:17',NULL),
(34,1,7,'7FA37834','7FA378FB81B242E8442F29AF7756A18934',10000.00,'2020-03-24','2020-04-23',NULL,0.00,'Active',1,2,0,'Coupon generated','2020-03-24 09:00:17','2020-03-24 09:00:17',NULL),
(35,1,1,'07621B35','07621B0F0CF1CCFB6F80BD9AD3D7C89A35',500.00,'2020-03-24','2020-04-23',NULL,0.00,'Active',1,2,0,'Coupon generated','2020-03-24 16:23:09','2020-03-24 16:23:09',NULL),
(36,1,1,'B710F536','B710F53F6A108D4948FCEF80FD68D9EC36',500.00,'2020-03-24','2020-04-23',NULL,0.00,'Active',1,2,0,'Coupon generated','2020-03-24 18:02:05','2020-03-24 18:02:05',NULL),
(37,1,6,'B710F537','B710F53F6A108D4948FCEF80FD68D9EC37',5000.00,'2020-03-24','2020-04-23',NULL,0.00,'Active',1,2,0,'Coupon generated','2020-03-24 18:02:05','2020-03-24 18:02:05',NULL),
(38,1,2,'5A609738','5A6097D3F8ADB2C2F7FA4175EEE2D7C538',1000.00,'2020-03-25','2020-04-24',NULL,0.00,'Active',1,2,0,'Coupon generated','2020-03-25 09:05:13','2020-03-25 12:31:36',NULL),
(39,1,1,'385E1539','385E15651F2E40569EDBE52610527A7339',500.00,'2020-03-25','2020-04-24',NULL,0.00,'Active',1,2,0,'Coupon generated','2020-03-25 09:07:42','2020-03-25 09:07:42',NULL),
(40,1,1,'5ED12840','5ED1286E704107FDDF0EEA484DB29E7540',500.00,'2020-03-25','2020-04-24',NULL,0.00,'Active',1,2,0,'Coupon generated','2020-03-25 09:10:23','2020-03-25 12:31:38',NULL),
(41,1,1,'69BBA941','69BBA99E63D66631A0298C1D173722CB41',500.00,'2020-03-25','2020-04-24',NULL,0.00,'Active',1,2,0,'Coupon generated','2020-03-25 09:10:45','2020-03-25 09:10:45',NULL),
(42,1,1,'69BBA942','69BBA99E63D66631A0298C1D173722CB42',500.00,'2020-03-25','2020-04-24',NULL,0.00,'Active',1,2,0,'Coupon generated','2020-03-25 09:10:45','2020-03-25 12:31:39',NULL),
(43,1,2,'69BBA943','69BBA99E63D66631A0298C1D173722CB43',1000.00,'2020-03-25','2020-04-24',NULL,0.00,'Active',1,2,0,'Coupon generated','2020-03-25 09:10:45','2020-03-25 09:10:45',NULL),
(44,1,1,'947E2444','947E24AB3258632DC7A384843EC4815344',500.00,'2020-03-25','2020-04-24',NULL,0.00,'Expired',1,2,0,'Coupon generated','2020-03-25 09:39:23','2020-03-25 12:30:57',NULL),
(45,1,1,'3C422E45','3C422EC40D139B165B4670A30F351DFC45',500.00,'2020-03-30','2020-04-29',NULL,0.00,'Active',1,2,0,'Coupon generated','2020-03-30 05:10:02','2020-03-30 05:10:02',NULL),
(46,2,0,'31F6EC46','31F6EC341B58C4B4483D5D36918E9A0846',15000.00,'2020-03-30','2020-04-29','2020-03-30',15000.00,'Utilized',1,2,0,'emi approved','2020-03-30 06:12:51','2020-03-30 06:12:51',NULL),
(47,2,0,'47244047','472440E351B0ED857E8E5BC49F27A44747',20000.00,'2020-03-31','2020-04-30','2020-03-31',20000.00,'Utilized',1,2,0,'Rs. 20,000 cash emi is approved','2020-03-31 06:00:58','2020-03-31 06:00:58',NULL),
(48,2,0,'7A39BB48','7A39BBB204AADEE5D8902BCDD2E506F848',15000.00,'2020-03-31','2020-04-30','2020-03-31',15000.00,'Utilized',1,2,0,'15000 emi approved','2020-03-31 06:04:10','2020-03-31 06:04:10',NULL),
(49,2,0,'BFCE0E49','BFCE0EB8F956B64F08E0B006F1C7647549',100000.00,'2020-03-31','2020-04-30','2020-03-31',100000.00,'Utilized',1,3,0,'advance payment approved','2020-03-31 06:42:04','2020-03-31 06:42:04',NULL),
(50,2,0,'E490F150','E490F17526CA85B1F6322FB59CDEDFB850',1241666.67,'2020-03-31','2020-04-30','2020-03-31',1241666.67,'Utilized',1,3,0,'EMI approved','2020-03-31 06:43:46','2020-03-31 06:43:46',NULL),
(51,1,1,'387B4551','387B45C2D98E430A845BBF42DBC86BA051',500.00,'2020-04-03','2020-05-05',NULL,0.00,'Active',1,3,0,'Coupon generated','2020-04-03 03:23:26','2020-04-03 06:22:03',NULL),
(52,1,1,'387B4552','387B45C2D98E430A845BBF42DBC86BA052',500.00,'2020-04-03','2020-06-06',NULL,0.00,'Expired',1,1,0,'Coupon generated','2020-04-03 03:23:26','2020-04-08 11:54:51',NULL),
(53,1,4,'387B4553','387B45C2D98E430A845BBF42DBC86BA053',2500.00,'2020-04-03','2020-05-05',NULL,0.00,'Active',1,1,0,'Coupon generated','2020-04-03 03:23:26','2020-04-03 06:25:05',NULL),
(54,1,4,'387B4554','387B45C2D98E430A845BBF42DBC86BA054',2500.00,'2020-04-03','2020-05-05',NULL,0.00,'Active',1,1,0,'Coupon generated','2020-04-03 03:23:26','2020-04-03 06:25:35',NULL),
(55,1,4,'387B4555','387B45C2D98E430A845BBF42DBC86BA055',2500.00,'2020-04-03','2020-05-05',NULL,0.00,'Active',1,1,0,'Coupon generated','2020-04-03 03:23:26','2020-04-03 06:30:39',NULL),
(56,1,7,'387B4556','387B45C2D98E430A845BBF42DBC86BA056',10000.00,'2020-04-03','2020-05-03',NULL,0.00,'Active',1,1,0,'Coupon generated','2020-04-03 03:23:26','2020-04-03 03:23:26',NULL),
(57,1,7,'387B4557','387B45C2D98E430A845BBF42DBC86BA057',10000.00,'2020-04-03','2020-05-03',NULL,0.00,'Active',1,1,0,'Coupon generated','2020-04-03 03:23:26','2020-04-03 03:23:26',NULL),
(58,1,7,'387B4558','387B45C2D98E430A845BBF42DBC86BA058',10000.00,'2020-04-03','2020-05-03',NULL,0.00,'Active',1,1,0,'Coupon generated','2020-04-03 03:23:26','2020-04-03 03:23:26',NULL),
(59,1,9,'387B4559','387B45C2D98E430A845BBF42DBC86BA059',25000.00,'2020-04-03','2020-05-03',NULL,0.00,'Active',1,1,0,'Coupon generated','2020-04-03 03:23:26','2020-04-03 03:23:26',NULL),
(60,1,9,'387B4560','387B45C2D98E430A845BBF42DBC86BA060',25000.00,'2020-04-03','2020-05-03',NULL,0.00,'Active',1,1,0,'Coupon generated','2020-04-03 03:23:26','2020-04-03 03:23:26',NULL),
(61,2,0,'3B7B5661','3B7B56EE82F0FFDEBF950C22B944290361',2000.00,'2020-04-06','2020-05-06','2020-04-06',2000.00,'Utilized',1,24,0,'Admin comment 1','2020-04-06 06:09:46','2020-04-06 06:09:46',NULL),
(62,1,1,'065CB562','065CB54EC0762223A9A409E88A284BE862',500.00,'2020-04-06','2020-05-06',NULL,0.00,'Active',1,22,0,'Coupon generated','2020-04-06 06:30:52','2020-04-09 13:04:13',NULL),
(63,1,1,'A1C7AA63','A1C7AA20A8532330F4AE88974C8AED1863',500.00,'2020-04-06','2020-05-06',NULL,0.00,'Active',1,4,0,'Coupon generated','2020-04-06 06:51:21','2020-04-06 06:51:21',NULL),
(64,1,1,'A1C7AA64','A1C7AA20A8532330F4AE88974C8AED1864',500.00,'2020-04-06','2020-05-06',NULL,0.00,'Active',1,4,0,'Coupon generated','2020-04-06 06:51:21','2020-04-06 06:51:21',NULL),
(65,1,1,'A1C7AA65','A1C7AA20A8532330F4AE88974C8AED1865',500.00,'2020-04-06','2020-05-06',NULL,0.00,'Active',1,4,0,'Coupon generated','2020-04-06 06:51:21','2020-04-06 06:51:21',NULL),
(66,1,1,'AA83E466','AA83E47F4D186F2ACB0ABEAAC807281B66',500.00,'2020-04-06','2020-05-06',NULL,0.00,'Active',1,4,0,'Coupon generated','2020-04-06 13:36:24','2020-04-06 13:36:24',NULL),
(67,1,1,'AA83E467','AA83E47F4D186F2ACB0ABEAAC807281B67',500.00,'2020-04-06','2020-05-06',NULL,0.00,'Active',1,4,0,'Coupon generated','2020-04-06 13:36:24','2020-04-06 13:36:24',NULL),
(68,1,1,'AA83E468','AA83E47F4D186F2ACB0ABEAAC807281B68',500.00,'2020-04-06','2020-05-06',NULL,0.00,'Active',1,4,0,'Coupon generated','2020-04-06 13:36:24','2020-04-06 13:36:24',NULL),
(69,1,3,'ADA75369','ADA753F462DE0EC5AE320D263279CB9B69',2000.00,'2020-04-06','2020-05-06',NULL,0.00,'Active',1,11,0,'Coupon generated','2020-04-06 14:03:43','2020-04-06 14:03:43',NULL),
(70,1,3,'ADA75370','ADA753F462DE0EC5AE320D263279CB9B70',2000.00,'2020-04-06','2020-05-06',NULL,0.00,'Active',1,11,0,'Coupon generated','2020-04-06 14:03:43','2020-04-06 14:03:43',NULL),
(71,1,6,'ADA75371','ADA753F462DE0EC5AE320D263279CB9B71',5000.00,'2020-04-06','2020-05-06',NULL,0.00,'Active',1,11,0,'Coupon generated','2020-04-06 14:03:43','2020-04-06 14:03:43',NULL),
(72,1,6,'ADA75372','ADA753F462DE0EC5AE320D263279CB9B72',5000.00,'2020-04-06','2020-05-06',NULL,0.00,'Active',1,11,0,'Coupon generated','2020-04-06 14:03:43','2020-04-06 14:03:43',NULL),
(73,1,1,'434BF973','434BF97E96E96ABFAB294932B730AC7473',500.00,'2020-04-08','2020-05-08',NULL,0.00,'Active',1,2,0,'Coupon generated','2020-04-08 21:17:45','2020-04-08 21:17:45',NULL),
(74,1,1,'434BF974','434BF97E96E96ABFAB294932B730AC7474',500.00,'2020-04-08','2020-05-08',NULL,0.00,'Active',1,2,0,'Coupon generated','2020-04-08 21:17:45','2020-04-08 21:17:45',NULL),
(75,1,1,'434BF975','434BF97E96E96ABFAB294932B730AC7475',500.00,'2020-04-08','2020-05-08',NULL,0.00,'Active',1,2,0,'Coupon generated','2020-04-08 21:17:45','2020-04-08 21:17:45',NULL),
(76,1,1,'434BF976','434BF97E96E96ABFAB294932B730AC7476',500.00,'2020-04-08','2020-05-08',NULL,0.00,'Active',1,2,0,'Coupon generated','2020-04-08 21:17:45','2020-04-08 21:17:45',NULL),
(77,1,1,'434BF977','434BF97E96E96ABFAB294932B730AC7477',500.00,'2020-04-08','2020-05-08',NULL,0.00,'Active',1,2,0,'Coupon generated','2020-04-08 21:17:45','2020-04-08 21:17:45',NULL),
(78,1,1,'D1259478','D12594D67F05FADE78BAE9798C602A5878',500.00,'2020-04-09','2020-05-09',NULL,0.00,'Active',1,37,0,'Coupon generated','2020-04-09 10:29:24','2020-04-09 10:29:24',NULL),
(79,1,1,'69523F79','69523FA7841C2E65439BEA4323A9FB9179',500.00,'2020-04-09','2020-05-09',NULL,0.00,'Active',1,38,0,'Coupon generated','2020-04-09 10:42:26','2020-04-09 10:42:26',NULL),
(80,1,1,'69523F80','69523FA7841C2E65439BEA4323A9FB9180',500.00,'2020-04-09','2020-05-09',NULL,0.00,'Active',1,38,0,'Coupon generated','2020-04-09 10:42:26','2020-04-09 10:42:26',NULL),
(81,1,1,'AA123C81','AA123C5761C259A410AA944E8D70E3BF81',500.00,'2020-04-09','2020-05-09',NULL,0.00,'Active',1,37,0,'Coupon generated','2020-04-09 10:59:06','2020-04-09 10:59:06',NULL),
(82,1,2,'7D7F9182','7D7F91841D4FE67F37C2501A305B048882',1000.00,'2020-04-09','2020-05-09',NULL,0.00,'Active',1,38,0,'Coupon generated','2020-04-09 10:59:19','2020-04-09 10:59:19',NULL),
(83,2,0,'9AFF5F83','9AFF5F8341AE29174455685B0ABC676E83',13999.50,'2020-04-09','2020-05-09','2020-04-09',13999.50,'Utilized',1,37,0,'approved','2020-04-09 11:10:47','2020-04-09 11:10:47',NULL),
(84,2,0,'CD805284','CD805232C70A5DF26DA3D74CFA3311C984',400000.00,'2020-04-09','2020-06-08','2020-04-09',400000.00,'Utilized',1,22,0,'Booking payment received TT','2020-04-09 12:30:25','2020-04-09 12:53:14',NULL),
(85,2,0,'FCA0CA85','FCA0CA357DA6C0F60184DDBC43A4FAB085',20.00,'2020-04-25','2020-05-25','2020-04-25',20.00,'Utilized',1,2,0,'Payment of Rs. 20 is approved by admin','2020-04-25 14:57:15','2020-04-25 14:57:15',NULL),
(86,2,0,'E3DBCD86','E3DBCD284F0E9A27BCDD04562A43E82286',1585.50,'2020-04-27','2020-05-27','2020-04-27',1585.50,'Utilized',1,4,0,'yes','2020-04-27 10:41:26','2020-04-27 10:41:26',NULL),
(87,2,0,'FBF25F87','FBF25FB89A12A512E259F3CA9C84518287',1629.54,'2020-04-27','2020-05-27','2020-04-27',1629.54,'Utilized',1,4,0,'yes','2020-04-27 10:58:54','2020-04-27 10:58:54',NULL);

/*Table structure for table `customer_plot_booking_details` */

DROP TABLE IF EXISTS `customer_plot_booking_details`;

CREATE TABLE `customer_plot_booking_details` (
  `id` bigint(20) unsigned NOT NULL AUTO_INCREMENT,
  `customer_id` int(11) NOT NULL,
  `customer_username` varchar(191) COLLATE utf8mb4_unicode_ci NOT NULL,
  `registration_number` varchar(191) COLLATE utf8mb4_unicode_ci DEFAULT NULL,
  `project_master_id` int(11) NOT NULL,
  `sub_project_id` int(11) NOT NULL DEFAULT '0',
  `plot_master_id` int(11) NOT NULL,
  `plot_area` varchar(191) COLLATE utf8mb4_unicode_ci NOT NULL,
  `reference` varchar(191) COLLATE utf8mb4_unicode_ci DEFAULT NULL,
  `unit_rate` decimal(20,2) NOT NULL DEFAULT '0.00',
  `discount_rate` decimal(20,2) NOT NULL DEFAULT '0.00',
  `total_amount` decimal(20,2) NOT NULL DEFAULT '0.00',
  `received_booking_amount` decimal(20,2) NOT NULL DEFAULT '0.00',
  `date_of_payment` date DEFAULT NULL,
  `installment` varchar(191) COLLATE utf8mb4_unicode_ci DEFAULT NULL,
  `created_by` int(11) NOT NULL DEFAULT '0',
  `updated_by` int(11) NOT NULL DEFAULT '0',
  `deleted_by` int(11) NOT NULL DEFAULT '0',
  `payment_master_id` int(11) NOT NULL DEFAULT '0',
  `created_at` timestamp NULL DEFAULT NULL,
  `updated_at` timestamp NULL DEFAULT NULL,
  `deleted_at` timestamp NULL DEFAULT NULL,
  PRIMARY KEY (`id`)
) ENGINE=MyISAM AUTO_INCREMENT=87 DEFAULT CHARSET=utf8mb4 COLLATE=utf8mb4_unicode_ci;

/*Data for the table `customer_plot_booking_details` */

insert  into `customer_plot_booking_details`(`id`,`customer_id`,`customer_username`,`registration_number`,`project_master_id`,`sub_project_id`,`plot_master_id`,`plot_area`,`reference`,`unit_rate`,`discount_rate`,`total_amount`,`received_booking_amount`,`date_of_payment`,`installment`,`created_by`,`updated_by`,`deleted_by`,`payment_master_id`,`created_at`,`updated_at`,`deleted_at`) values 
(1,5,'OC0005','2222',5,0,11,'100','3333',500.00,10.00,1200000.00,100000.00,'2020-03-17','24',1,0,0,1,'2020-03-17 10:04:06','2020-03-17 10:04:06',NULL),
(2,2,'OC0002','12121',3,0,5,'100 sqft','Kaku',600.00,100.00,1500000.00,50000.00,'2020-03-17','36',1,0,0,2,'2020-03-17 10:14:20','2020-03-17 10:14:20',NULL),
(3,2,'OC0002','12121',10,0,12,'100 sqft','1212',600.00,100.00,15000.00,15000.00,'2020-02-23','1',1,0,0,3,'2020-03-17 10:46:08','2020-03-17 10:46:08',NULL),
(4,8,'OC0008','1111',1,0,17,'100 SqFt','Suresh',600.00,10.00,1000000.00,1000000.00,'2020-03-18','1',1,0,0,5,'2020-03-18 06:32:13','2020-03-18 06:32:13',NULL),
(5,9,'OC0009','1111',1,0,17,'100 SqFt','Suresh',600.00,10.00,1000000.00,1000000.00,'2020-03-18','1',1,0,0,6,'2020-03-18 06:37:16','2020-03-18 06:37:16',NULL),
(6,10,'OC0010','1111',1,0,17,'100 SqFt','Suresh',600.00,10.00,1000000.00,1000000.00,'2020-03-18','1',1,0,0,7,'2020-03-18 06:40:28','2020-03-18 06:40:28',NULL),
(7,11,'OC0011','1111',1,0,17,'100 SqFt','Suresh',600.00,10.00,1000000.00,1000000.00,'2020-03-18','1',1,0,0,8,'2020-03-18 06:43:37','2020-03-18 06:43:37',NULL),
(8,12,'OC0012','1111',1,0,17,'100 SqFt','Suresh',600.00,10.00,1000000.00,100000.00,'2020-03-18','5',1,0,0,9,'2020-03-18 06:44:22','2020-03-18 06:44:22',NULL),
(12,39,'OC0039','41221321',1,0,17,'123sqt','meenakshi',600.00,10.00,1000000.00,100000.00,'2020-03-11','12',3,0,0,13,'2020-03-18 08:51:24','2020-03-18 08:51:24',NULL),
(13,42,'OC0042','312312',3,4,5,'123sqt','meenakshi',230.00,10.00,13000000.00,1200000.00,'2020-03-11','12',3,0,0,14,'2020-03-18 11:31:35','2020-03-18 11:31:35',NULL),
(14,43,'OC0043','3123123123',3,15,13,'123sqt','meenakshi',500.00,10.00,15000000.00,100000.00,'2020-03-11','12',3,0,0,15,'2020-03-18 12:35:36','2020-03-18 12:35:36',NULL),
(15,45,'OC0045','FHJK78',3,15,13,'1200SQFT','SSS',900.00,100.00,2000000.00,100000.00,'2020-03-19','12',15,0,0,16,'2020-03-19 04:06:17','2020-03-19 04:06:17',NULL),
(16,46,'OC0046','4545454',1,0,1,'45sqt','meenakshi',900.00,10.00,100000.00,100000.00,'2020-03-12','1',3,0,0,25,'2020-03-19 13:51:08','2020-03-19 13:51:08',NULL),
(17,47,'OC0047','75441254',16,17,22,'522','58512',747.00,5.00,2000000.00,1000000.00,'2020-03-09','12',13,0,0,26,'2020-03-19 14:18:52','2020-03-19 14:18:52',NULL),
(18,49,'OC0049','998745587954700',26,27,26,'100 sqft','Mansij',400.00,100.00,5000000.00,1000000.00,'2020-03-22','12',2,0,0,35,'2020-03-22 05:26:16','2020-03-22 05:26:16',NULL),
(19,50,'OC0050','998745587954700',1,0,1,'100 sqft','Mansij',400.00,100.00,100000.00,100000.00,'2020-03-27','1',2,0,0,36,'2020-03-23 07:00:39','2020-03-23 07:00:39',NULL),
(20,52,'OC0052','321312312312',1,0,1,'23sqt','meenakshi',100.00,10.00,1000000.00,10000.00,'1970-01-01','1',3,0,0,38,'2020-03-23 10:06:47','2020-03-23 10:06:47',NULL),
(21,53,'OC0053','321312312312',1,0,1,'23sqt','meenakshi',100.00,10.00,1000000.00,10000.00,'1970-01-01','1',3,0,0,39,'2020-03-23 10:08:52','2020-03-23 10:08:52',NULL),
(22,54,'OC0054','213213123',1,0,2,'23sqt','meenakshi',450.00,10.00,100000.00,10000.00,'1970-01-01','1',3,0,0,40,'2020-03-23 10:13:03','2020-03-23 10:13:03',NULL),
(23,55,'OC0055','12345678',3,4,5,'234sqt','meenakshi',200.00,10.00,1000000.00,10000.00,'2020-03-23','1',3,0,0,41,'2020-03-23 10:19:41','2020-03-23 10:19:41',NULL),
(24,57,'OC0057','32131231',1,0,1,'23sqt','meenakshi pal',200.00,10.00,1000000.00,10000.00,'1970-01-01','1',3,0,0,42,'2020-03-23 10:35:13','2020-03-23 10:35:13',NULL),
(25,58,'OC0058','45544554',30,31,28,'100SqFt','Mansij',500.00,10.00,10000.00,1000.00,'1970-01-01','12',3,0,0,43,'2020-03-23 11:39:49','2020-03-23 11:39:49',NULL),
(26,57,'OC0057','55667711',3,4,5,'34sqt','meenakshi pal',10.00,5.00,10000.00,2000.00,'1970-01-01','1',3,0,0,45,'2020-03-23 14:38:12','2020-03-23 14:38:12',NULL),
(27,58,'OC0058','1111111111',1,0,1,'34sqt','mansij',560.00,10.00,15000.00,1000.00,'2020-03-24','1',3,0,0,46,'2020-03-23 14:47:13','2020-03-23 14:47:13',NULL),
(28,57,'OC0057','123456789',3,4,5,'23sqt','sakshi',200.00,10.00,50000.00,10000.00,'2020-03-25','1',3,0,0,47,'2020-03-24 05:33:13','2020-03-24 05:33:13',NULL),
(29,46,'OC0046','123',5,7,11,'34sqt','raju',400.00,5.00,100000.00,10000.00,'2020-03-26','1',3,0,0,48,'2020-03-24 05:39:40','2020-03-24 05:39:40',NULL),
(30,2,'OC0002','123',3,4,6,'1245','123456789',2000.00,2000.00,200000.00,20000.00,'2020-03-24','12',1,0,0,50,'2020-03-24 11:59:43','2020-03-24 11:59:43',NULL),
(31,59,'OC0059','111222',3,15,29,'234','Anita waldia',45.00,10.00,10000.00,1000.00,'2020-03-27','1',1,0,0,52,'2020-03-26 11:18:30','2020-03-26 11:18:30',NULL),
(32,59,'OC0059','889966',1,2,1,'100sqt','Manik Pal',1200000.00,5.00,100000.00,5000.00,'2020-03-27','1',1,0,0,53,'2020-03-26 11:24:06','2020-03-26 11:24:06',NULL),
(33,60,'OC0060','75441254',3,15,13,'2500','58512',45.00,5.00,12500.00,1250.00,'2020-03-16','24',1,0,0,54,'2020-03-27 10:44:56','2020-03-27 10:44:56',NULL),
(34,62,'OC0062','123',1,0,8,'1118','ref1',21.00,20.00,22360.00,2000.00,'2020-04-06','12',22,0,0,68,'2020-04-06 05:43:11','2020-04-06 05:43:11',NULL),
(35,63,'OC0063',NULL,1,0,2,'1112','manik pal',21.00,10.00,11120.00,1112.00,'2020-04-07','12',1,0,0,73,'2020-04-07 12:36:40','2020-04-07 12:36:40',NULL),
(36,64,'OC0064',NULL,3,0,23,'3111','-',45.00,0.00,139995.00,13999.50,'2020-04-09','12',37,0,0,77,'2020-04-09 11:08:20','2020-04-09 11:08:20',NULL),
(37,65,'OC0065',NULL,4,6,34,'2000','Abhishek',2000.00,0.00,4000000.00,400000.00,'2020-04-09','1',1,0,0,78,'2020-04-09 12:24:25','2020-04-09 12:24:25',NULL),
(86,77,'OC0077','456DFGH567',4,6,34,'2000','Friend',2000.00,500.00,1000000.00,100000.00,'2020-01-20','12',4,0,0,166,'2020-04-29 09:45:07','2020-04-29 09:45:07',NULL),
(85,77,'OC0077','866154FGHJ75',1,0,1,'1111','Friend',21.00,20.00,22220.00,2222.00,'2020-01-20','12',4,0,0,165,'2020-04-29 09:23:33','2020-04-29 09:23:33',NULL),
(84,76,'OC0076','741565966',7,0,36,'100','954566655',1500.00,500.00,50000.00,5000.00,'2020-10-15','12',4,0,0,157,'2020-04-29 08:38:38','2020-04-29 08:38:38',NULL),
(83,75,'OC0075','754412547485',1,0,10,'1110','9997',21.00,1.00,1110.00,100.00,'2020-01-08','12',4,0,0,156,'2020-04-29 08:30:54','2020-04-29 08:30:54',NULL),
(82,74,'OC0074','88888',3,0,25,'3113','5555',45.00,5.00,15565.00,565.00,'2020-02-11','12',4,0,0,155,'2020-04-28 14:24:19','2020-04-28 14:24:19',NULL),
(81,74,'OC0074','878454',1,0,6,'1116','66666',21.00,1.00,1116.00,111.00,'2020-03-18','12',4,0,0,154,'2020-04-28 14:05:52','2020-04-28 14:05:52',NULL),
(80,74,'OC0074','785445966',1,0,5,'1115','66666',21.00,1.00,1115.00,111.00,'2020-03-10','12',4,0,0,153,'2020-04-28 14:03:12','2020-04-28 14:03:12',NULL),
(79,73,'OC0073','412546555',3,0,23,'3111',NULL,45.00,5.00,15555.00,555.50,'2020-04-28','120',4,0,0,151,'2020-04-28 12:47:32','2020-04-28 12:47:32',NULL),
(78,3,'OC0003',NULL,7,0,36,'100',NULL,1500.00,0.00,150000.00,30000.00,'2020-04-28','12',2,0,0,150,'2020-04-28 11:27:00','2020-04-28 11:27:00',NULL);

/*Table structure for table `customer_plot_booking_due_list_transactions` */

DROP TABLE IF EXISTS `customer_plot_booking_due_list_transactions`;

CREATE TABLE `customer_plot_booking_due_list_transactions` (
  `id` bigint(20) unsigned NOT NULL AUTO_INCREMENT,
  `customer_plot_booking_detail_id` int(11) NOT NULL DEFAULT '0',
  `customer_id` int(11) NOT NULL DEFAULT '0',
  `customer_plot_booking_paid_list_id` int(11) NOT NULL DEFAULT '0',
  `payment_master_id` int(11) NOT NULL DEFAULT '0',
  `generated_date` date DEFAULT NULL,
  `received_date` date DEFAULT NULL,
  `due_date` date DEFAULT NULL,
  `total_emi_amount` decimal(20,2) NOT NULL DEFAULT '0.00',
  `balance_emi_amount` decimal(20,2) NOT NULL DEFAULT '0.00' COMMENT 'total_emi_amount - total_paid',
  `total_paid` decimal(20,2) NOT NULL DEFAULT '0.00' COMMENT 'adding current paid amount with previous given amount',
  `emi_amount` decimal(20,2) NOT NULL DEFAULT '0.00' COMMENT 'balance_amount / balance_installment',
  `total_installment` int(11) NOT NULL DEFAULT '0',
  `created_at` timestamp NULL DEFAULT NULL,
  `updated_at` timestamp NULL DEFAULT NULL,
  `deleted_at` timestamp NULL DEFAULT NULL,
  PRIMARY KEY (`id`)
) ENGINE=InnoDB AUTO_INCREMENT=22 DEFAULT CHARSET=utf8mb4 COLLATE=utf8mb4_unicode_ci;

/*Data for the table `customer_plot_booking_due_list_transactions` */

insert  into `customer_plot_booking_due_list_transactions`(`id`,`customer_plot_booking_detail_id`,`customer_id`,`customer_plot_booking_paid_list_id`,`payment_master_id`,`generated_date`,`received_date`,`due_date`,`total_emi_amount`,`balance_emi_amount`,`total_paid`,`emi_amount`,`total_installment`,`created_at`,`updated_at`,`deleted_at`) values 
(1,79,73,2,151,'2020-04-28','2020-04-28','2020-05-28',14999.50,14999.50,0.00,125.00,120,'2020-04-28 12:47:32','2020-04-28 12:47:32',NULL),
(2,82,74,6,155,'2020-02-11','2020-02-11','2020-03-11',15000.00,15000.00,0.00,1250.00,12,'2020-04-28 14:24:19','2020-04-28 14:24:19',NULL),
(3,83,75,7,156,'2020-01-08','2020-01-08','2020-02-08',1010.00,1010.00,0.00,84.17,12,'2020-04-29 08:30:54','2020-04-29 08:30:54',NULL),
(4,83,75,7,156,'2020-01-08','2020-01-08','2020-02-08',1010.00,929.83,80.17,4.00,12,'2020-04-29 08:30:54','2020-04-29 08:42:32',NULL),
(5,83,75,7,156,'2020-01-08','2020-01-08','2020-02-08',1010.00,849.66,160.34,0.00,12,'2020-04-29 08:30:54','2020-04-29 08:42:34',NULL),
(6,84,76,8,157,'2020-10-15','2020-10-15','2020-11-15',45000.00,45000.00,0.00,3750.00,12,'2020-04-29 08:38:38','2020-04-29 08:38:38',NULL),
(7,83,75,7,156,'2020-01-08','2020-01-08','2020-02-08',1010.00,759.66,250.34,0.00,12,'2020-04-29 08:30:54','2020-04-29 08:45:05',NULL),
(8,83,75,7,156,'2020-01-08','2020-01-08','2020-03-08',1010.00,759.66,250.34,75.97,12,'2020-04-29 08:30:54','2020-04-29 08:47:13',NULL),
(9,83,75,7,156,'2020-01-08','2020-01-08','2020-03-08',1010.00,688.69,321.31,0.00,12,'2020-04-29 08:30:54','2020-04-29 09:02:08',NULL),
(10,83,75,7,156,'2020-01-08','2020-01-08','2020-04-08',1010.00,688.69,321.31,76.52,12,'2020-04-29 08:30:54','2020-04-29 09:04:50',NULL),
(11,83,75,7,156,'2020-01-08','2020-01-08','2020-04-08',1010.00,618.17,391.83,0.00,12,'2020-04-29 08:30:54','2020-04-29 09:06:45',NULL),
(12,83,75,7,156,'2020-01-08','2020-01-08','2020-05-08',1010.00,618.17,391.83,77.27,12,'2020-04-29 08:30:54','2020-04-29 09:08:03',NULL),
(13,85,77,16,165,'2020-01-20','2020-01-20','2020-02-20',19998.00,19998.00,0.00,1666.50,12,'2020-04-29 09:23:33','2020-04-29 09:23:33',NULL),
(14,85,77,16,165,'2020-01-20','2020-01-20','2020-03-20',19998.00,19998.00,0.00,1999.80,12,'2020-04-29 09:23:33','2020-04-29 09:37:19',NULL),
(15,86,77,17,166,'2020-01-20','2020-01-20','2020-02-20',900000.00,900000.00,0.00,75000.00,12,'2020-04-29 09:45:07','2020-04-29 09:45:07',NULL),
(16,86,77,17,166,'2020-01-20','2020-01-20','2020-04-20',900000.00,900000.00,0.00,75000.00,12,'2020-04-29 09:45:07','2020-04-29 09:45:07',NULL),
(17,85,77,16,165,'2020-01-20','2020-01-20','2020-05-20',19998.00,19998.00,0.00,1999.80,12,'2020-04-29 09:23:33','2020-04-29 09:37:19',NULL),
(18,85,77,16,165,'2020-01-20','2020-01-20','2020-03-20',19998.00,19998.00,0.00,1999.80,12,'2020-04-29 09:23:33','2020-04-29 09:37:19',NULL),
(19,85,77,16,165,'2020-01-20','2020-01-20','2020-04-20',19998.00,19998.00,0.00,2222.00,12,'2020-04-29 09:23:33','2020-04-29 09:51:42',NULL),
(20,85,77,16,165,'2020-01-20','2020-01-20','2020-05-20',19998.00,19998.00,0.00,2499.75,12,'2020-04-29 09:23:33','2020-04-29 09:52:02',NULL),
(21,85,77,16,165,'2020-01-20','2020-01-20','2020-05-20',19998.00,17998.00,2000.00,499.75,12,'2020-04-29 09:23:33','2020-04-29 10:02:00',NULL);

/*Table structure for table `customer_plot_booking_due_lists` */

DROP TABLE IF EXISTS `customer_plot_booking_due_lists`;

CREATE TABLE `customer_plot_booking_due_lists` (
  `id` bigint(20) unsigned NOT NULL AUTO_INCREMENT,
  `customer_plot_booking_detail_id` int(11) NOT NULL DEFAULT '0',
  `customer_id` int(11) NOT NULL DEFAULT '0',
  `customer_plot_booking_paid_list_id` int(11) NOT NULL DEFAULT '0',
  `payment_master_id` int(11) NOT NULL DEFAULT '0',
  `generated_date` date DEFAULT NULL,
  `received_date` date DEFAULT NULL,
  `due_date` date DEFAULT NULL,
  `total_amount` decimal(20,2) NOT NULL DEFAULT '0.00',
  `received_booking_amount` decimal(20,2) NOT NULL DEFAULT '0.00',
  `total_emi_amount` decimal(20,2) NOT NULL DEFAULT '0.00',
  `balance_emi_amount` decimal(20,2) NOT NULL DEFAULT '0.00' COMMENT 'total_emi_amount - total_paid',
  `total_paid` decimal(20,2) NOT NULL DEFAULT '0.00' COMMENT 'adding current paid amount with previous given amount',
  `emi_amount` decimal(20,2) NOT NULL DEFAULT '0.00' COMMENT 'balance_amount / balance_installment',
  `total_installment` int(11) NOT NULL DEFAULT '0',
  `created_at` timestamp NULL DEFAULT NULL,
  `updated_at` timestamp NULL DEFAULT NULL,
  `deleted_at` timestamp NULL DEFAULT NULL,
  PRIMARY KEY (`id`)
) ENGINE=InnoDB AUTO_INCREMENT=10 DEFAULT CHARSET=utf8mb4 COLLATE=utf8mb4_unicode_ci;

/*Data for the table `customer_plot_booking_due_lists` */

insert  into `customer_plot_booking_due_lists`(`id`,`customer_plot_booking_detail_id`,`customer_id`,`customer_plot_booking_paid_list_id`,`payment_master_id`,`generated_date`,`received_date`,`due_date`,`total_amount`,`received_booking_amount`,`total_emi_amount`,`balance_emi_amount`,`total_paid`,`emi_amount`,`total_installment`,`created_at`,`updated_at`,`deleted_at`) values 
(1,78,3,1,150,'2020-04-28','2020-04-28','2020-05-28',150000.00,30000.00,120000.00,120000.00,0.00,10000.00,12,'2020-04-28 11:27:00','2020-04-28 11:27:00',NULL),
(2,79,73,2,151,'2020-04-28','2020-04-28','2020-05-28',15555.00,555.50,14999.50,14874.50,125.00,0.00,120,'2020-04-28 12:47:32','2020-04-28 13:37:14',NULL),
(3,80,74,4,153,'2020-04-28','2020-04-28','2020-05-28',1115.00,111.00,1004.00,1004.00,0.00,83.67,12,'2020-04-28 14:03:12','2020-04-28 14:03:12',NULL),
(4,81,74,5,154,'2020-04-28','2020-04-28','2020-05-28',1116.00,111.00,1005.00,1005.00,0.00,83.75,12,'2020-04-28 14:05:52','2020-04-28 14:05:52',NULL),
(5,82,74,6,155,'2020-02-11','2020-02-11','2020-05-11',15565.00,565.00,15000.00,15000.00,0.00,1666.67,12,'2020-04-28 14:24:19','2020-04-28 14:35:29',NULL),
(6,83,75,7,156,'2020-01-08','2020-01-08','2020-05-08',1110.00,100.00,1010.00,547.90,462.10,0.00,12,'2020-04-29 08:30:54','2020-04-29 09:08:59',NULL),
(7,84,76,8,157,'2020-10-15','2020-10-15','2020-11-15',50000.00,5000.00,45000.00,44250.00,750.00,3000.00,12,'2020-04-29 08:38:38','2020-04-29 08:46:29',NULL),
(8,85,77,16,165,'2020-01-20','2020-01-20','2020-05-20',22220.00,2222.00,19998.00,17498.00,2500.00,0.00,12,'2020-04-29 09:23:33','2020-04-29 10:06:02',NULL),
(9,86,77,17,166,'2020-01-20','2020-01-20','2020-05-20',1000000.00,100000.00,900000.00,900000.00,0.00,112500.00,12,'2020-04-29 09:45:07','2020-04-29 09:49:18',NULL);

/*Table structure for table `customer_plot_booking_paid_lists` */

DROP TABLE IF EXISTS `customer_plot_booking_paid_lists`;

CREATE TABLE `customer_plot_booking_paid_lists` (
  `id` bigint(20) unsigned NOT NULL AUTO_INCREMENT,
  `customer_plot_booking_detail_id` int(11) NOT NULL DEFAULT '0',
  `customer_id` int(11) NOT NULL DEFAULT '0',
  `payment_master_id` int(11) NOT NULL DEFAULT '0',
  `received_date` date DEFAULT NULL,
  `paid_amount` decimal(20,2) NOT NULL DEFAULT '0.00',
  `created_at` timestamp NULL DEFAULT NULL,
  `updated_at` timestamp NULL DEFAULT NULL,
  `deleted_at` timestamp NULL DEFAULT NULL,
  PRIMARY KEY (`id`)
) ENGINE=InnoDB AUTO_INCREMENT=20 DEFAULT CHARSET=utf8mb4 COLLATE=utf8mb4_unicode_ci;

/*Data for the table `customer_plot_booking_paid_lists` */

insert  into `customer_plot_booking_paid_lists`(`id`,`customer_plot_booking_detail_id`,`customer_id`,`payment_master_id`,`received_date`,`paid_amount`,`created_at`,`updated_at`,`deleted_at`) values 
(1,78,3,150,'2020-04-28',30000.00,'2020-04-28 11:27:00','2020-04-28 11:27:00',NULL),
(2,79,73,151,'2020-04-28',555.50,'2020-04-28 12:47:32','2020-04-28 12:47:32',NULL),
(3,79,73,152,'2020-04-28',125.00,'2020-04-28 13:37:14','2020-04-28 13:37:14',NULL),
(4,80,74,153,'2020-04-28',111.00,'2020-04-28 14:03:12','2020-04-28 14:03:12',NULL),
(5,81,74,154,'2020-04-28',111.00,'2020-04-28 14:05:52','2020-04-28 14:05:52',NULL),
(6,82,74,155,'2020-02-11',565.00,'2020-04-28 14:24:19','2020-04-28 14:24:19',NULL),
(7,83,75,156,'2020-01-08',100.00,'2020-04-29 08:30:54','2020-04-29 08:30:54',NULL),
(8,84,76,157,'2020-10-15',5000.00,'2020-04-29 08:38:38','2020-04-29 08:38:38',NULL),
(9,83,75,158,'2020-04-29',80.17,'2020-04-29 08:42:32','2020-04-29 08:42:32',NULL),
(10,83,75,159,'2020-04-29',80.17,'2020-04-29 08:42:34','2020-04-29 08:42:34',NULL),
(11,83,75,160,'2020-04-29',90.00,'2020-04-29 08:45:05','2020-04-29 08:45:05',NULL),
(12,84,76,161,'2020-04-29',750.00,'2020-04-29 08:46:29','2020-04-29 08:46:29',NULL),
(13,83,75,162,'2020-04-29',70.97,'2020-04-29 09:02:08','2020-04-29 09:02:08',NULL),
(14,83,75,163,'2020-04-29',70.52,'2020-04-29 09:06:45','2020-04-29 09:06:45',NULL),
(15,83,75,164,'2020-04-29',70.27,'2020-04-29 09:08:59','2020-04-29 09:08:59',NULL),
(16,85,77,165,'2020-01-20',2222.00,'2020-04-29 09:23:33','2020-04-29 09:23:33',NULL),
(17,86,77,166,'2020-01-20',100000.00,'2020-04-29 09:45:07','2020-04-29 09:45:07',NULL),
(18,85,77,167,'2020-04-29',2000.00,'2020-04-29 10:02:00','2020-04-29 10:02:00',NULL),
(19,85,77,168,'2020-04-29',500.00,'2020-04-29 10:06:01','2020-04-29 10:06:01',NULL);

/*Table structure for table `customer_plot_booking_payment_details` */

DROP TABLE IF EXISTS `customer_plot_booking_payment_details`;

CREATE TABLE `customer_plot_booking_payment_details` (
  `id` bigint(20) unsigned NOT NULL AUTO_INCREMENT,
  `customer_plot_booking_detail_id` int(11) NOT NULL,
  `coupon_id` int(11) NOT NULL DEFAULT '0',
  `amount` decimal(20,2) NOT NULL DEFAULT '0.00',
  `payment_master_id` int(11) NOT NULL DEFAULT '0',
  `generated_date` date DEFAULT NULL,
  `due_date` date DEFAULT NULL,
  `received_date` date DEFAULT NULL,
  `created_by` int(11) NOT NULL DEFAULT '0',
  `updated_by` int(11) NOT NULL DEFAULT '0',
  `deleted_by` int(11) NOT NULL DEFAULT '0',
  `status` enum('Due','Pending','Approved','Rejected') COLLATE utf8mb4_unicode_ci NOT NULL DEFAULT 'Due' COMMENT 'Due: Payment is due. Pending: Payment has received by the agent, pending to approved by the admin. Approved: Payment is approved by the admin. Rejected: Payment is rejected by the Admin.',
  `comment` text COLLATE utf8mb4_unicode_ci,
  `created_at` timestamp NULL DEFAULT NULL,
  `updated_at` timestamp NULL DEFAULT NULL,
  `deleted_at` timestamp NULL DEFAULT NULL,
  PRIMARY KEY (`id`)
) ENGINE=MyISAM AUTO_INCREMENT=1108 DEFAULT CHARSET=utf8mb4 COLLATE=utf8mb4_unicode_ci;

/*Data for the table `customer_plot_booking_payment_details` */

insert  into `customer_plot_booking_payment_details`(`id`,`customer_plot_booking_detail_id`,`coupon_id`,`amount`,`payment_master_id`,`generated_date`,`due_date`,`received_date`,`created_by`,`updated_by`,`deleted_by`,`status`,`comment`,`created_at`,`updated_at`,`deleted_at`) values 
(1,1,0,0.00,1,'2020-03-17','2020-03-17','2020-03-17',1,0,0,'Pending',NULL,'2020-03-17 10:04:06','2020-03-17 10:04:06',NULL),
(2,1,0,0.00,0,'2020-03-17','2020-04-16',NULL,1,0,0,'Due',NULL,'2020-03-17 10:04:06','2020-03-17 10:04:06',NULL),
(3,1,0,0.00,0,'2020-03-17','2020-05-16',NULL,1,0,0,'Due',NULL,'2020-03-17 10:04:06','2020-03-17 10:04:06',NULL),
(4,1,0,0.00,0,'2020-03-17','2020-06-15',NULL,1,0,0,'Due',NULL,'2020-03-17 10:04:06','2020-03-17 10:04:06',NULL),
(5,1,0,0.00,0,'2020-03-17','2020-07-15',NULL,1,0,0,'Due',NULL,'2020-03-17 10:04:06','2020-03-17 10:04:06',NULL),
(6,1,0,0.00,0,'2020-03-17','2020-08-14',NULL,1,0,0,'Due',NULL,'2020-03-17 10:04:06','2020-03-17 10:04:06',NULL),
(7,1,0,0.00,0,'2020-03-17','2020-09-13',NULL,1,0,0,'Due',NULL,'2020-03-17 10:04:06','2020-03-17 10:04:06',NULL),
(8,1,0,0.00,0,'2020-03-17','2020-10-13',NULL,1,0,0,'Due',NULL,'2020-03-17 10:04:06','2020-03-17 10:04:06',NULL),
(9,1,0,0.00,0,'2020-03-17','2020-11-12',NULL,1,0,0,'Due',NULL,'2020-03-17 10:04:06','2020-03-17 10:04:06',NULL),
(10,1,0,0.00,0,'2020-03-17','2020-12-12',NULL,1,0,0,'Due',NULL,'2020-03-17 10:04:06','2020-03-17 10:04:06',NULL),
(11,1,0,0.00,0,'2020-03-17','2021-01-11',NULL,1,0,0,'Due',NULL,'2020-03-17 10:04:06','2020-03-17 10:04:06',NULL),
(12,1,0,0.00,0,'2020-03-17','2021-02-10',NULL,1,0,0,'Due',NULL,'2020-03-17 10:04:06','2020-03-17 10:04:06',NULL),
(13,1,0,0.00,0,'2020-03-17','2021-03-12',NULL,1,0,0,'Due',NULL,'2020-03-17 10:04:06','2020-03-17 10:04:06',NULL),
(14,1,0,0.00,0,'2020-03-17','2021-04-11',NULL,1,0,0,'Due',NULL,'2020-03-17 10:04:06','2020-03-17 10:04:06',NULL),
(15,1,0,0.00,0,'2020-03-17','2021-05-11',NULL,1,0,0,'Due',NULL,'2020-03-17 10:04:06','2020-03-17 10:04:06',NULL),
(16,1,0,0.00,0,'2020-03-17','2021-06-10',NULL,1,0,0,'Due',NULL,'2020-03-17 10:04:06','2020-03-17 10:04:06',NULL),
(17,1,0,0.00,0,'2020-03-17','2021-07-10',NULL,1,0,0,'Due',NULL,'2020-03-17 10:04:06','2020-03-17 10:04:06',NULL),
(18,1,0,0.00,0,'2020-03-17','2021-08-09',NULL,1,0,0,'Due',NULL,'2020-03-17 10:04:06','2020-03-17 10:04:06',NULL),
(19,1,0,0.00,0,'2020-03-17','2021-09-08',NULL,1,0,0,'Due',NULL,'2020-03-17 10:04:06','2020-03-17 10:04:06',NULL),
(20,1,0,0.00,0,'2020-03-17','2021-10-08',NULL,1,0,0,'Due',NULL,'2020-03-17 10:04:06','2020-03-17 10:04:06',NULL),
(21,1,0,0.00,0,'2020-03-17','2021-11-07',NULL,1,0,0,'Due',NULL,'2020-03-17 10:04:06','2020-03-17 10:04:06',NULL),
(22,1,0,0.00,0,'2020-03-17','2021-12-07',NULL,1,0,0,'Due',NULL,'2020-03-17 10:04:06','2020-03-17 10:04:06',NULL),
(23,1,0,0.00,0,'2020-03-17','2022-01-06',NULL,1,0,0,'Due',NULL,'2020-03-17 10:04:06','2020-03-17 10:04:06',NULL),
(24,1,0,0.00,0,'2020-03-17','2022-02-05',NULL,1,0,0,'Due',NULL,'2020-03-17 10:04:06','2020-03-17 10:04:06',NULL),
(25,1,0,0.00,0,'2020-03-17','2022-03-07',NULL,1,0,0,'Due',NULL,'2020-03-17 10:04:06','2020-03-17 10:04:06',NULL),
(26,2,0,0.00,2,'2020-03-17','2020-03-17','2020-03-17',1,0,0,'Pending',NULL,'2020-03-17 10:14:20','2020-03-17 10:14:20',NULL),
(27,2,0,0.00,60,'2020-03-17','2020-04-16',NULL,1,0,0,'Pending',NULL,'2020-03-17 10:14:20','2020-03-30 06:24:21',NULL),
(28,2,0,0.00,76,'2020-03-17','2020-05-16',NULL,1,0,0,'Rejected',NULL,'2020-03-17 10:14:20','2020-04-08 09:18:49',NULL),
(29,2,0,0.00,72,'2020-03-17','2020-06-15',NULL,1,0,0,'Pending',NULL,'2020-03-17 10:14:20','2020-03-17 10:14:20',NULL),
(30,2,0,0.00,0,'2020-03-17','2020-07-15',NULL,1,0,0,'Due',NULL,'2020-03-17 10:14:20','2020-03-17 10:14:20',NULL),
(31,2,0,0.00,0,'2020-03-17','2020-08-14',NULL,1,0,0,'Due',NULL,'2020-03-17 10:14:20','2020-03-17 10:14:20',NULL),
(32,2,0,0.00,0,'2020-03-17','2020-09-13',NULL,1,0,0,'Due',NULL,'2020-03-17 10:14:20','2020-03-17 10:14:20',NULL),
(33,2,0,0.00,0,'2020-03-17','2020-10-13',NULL,1,0,0,'Due',NULL,'2020-03-17 10:14:20','2020-03-17 10:14:20',NULL),
(34,2,0,0.00,0,'2020-03-17','2020-11-12',NULL,1,0,0,'Due',NULL,'2020-03-17 10:14:20','2020-03-17 10:14:20',NULL),
(35,2,0,0.00,0,'2020-03-17','2020-12-12',NULL,1,0,0,'Due',NULL,'2020-03-17 10:14:20','2020-03-17 10:14:20',NULL),
(36,2,0,0.00,0,'2020-03-17','2021-01-11',NULL,1,0,0,'Due',NULL,'2020-03-17 10:14:20','2020-03-17 10:14:20',NULL),
(37,2,0,0.00,0,'2020-03-17','2021-02-10',NULL,1,0,0,'Due',NULL,'2020-03-17 10:14:20','2020-03-17 10:14:20',NULL),
(38,2,0,0.00,0,'2020-03-17','2021-03-12',NULL,1,0,0,'Due',NULL,'2020-03-17 10:14:20','2020-03-17 10:14:20',NULL),
(39,2,0,0.00,0,'2020-03-17','2021-04-11',NULL,1,0,0,'Due',NULL,'2020-03-17 10:14:20','2020-03-17 10:14:20',NULL),
(40,2,0,0.00,0,'2020-03-17','2021-05-11',NULL,1,0,0,'Due',NULL,'2020-03-17 10:14:20','2020-03-17 10:14:20',NULL),
(41,2,0,0.00,0,'2020-03-17','2021-06-10',NULL,1,0,0,'Due',NULL,'2020-03-17 10:14:20','2020-03-17 10:14:20',NULL),
(42,2,0,0.00,0,'2020-03-17','2021-07-10',NULL,1,0,0,'Due',NULL,'2020-03-17 10:14:20','2020-03-17 10:14:20',NULL),
(43,2,0,0.00,0,'2020-03-17','2021-08-09',NULL,1,0,0,'Due',NULL,'2020-03-17 10:14:20','2020-03-17 10:14:20',NULL),
(44,2,0,0.00,0,'2020-03-17','2021-09-08',NULL,1,0,0,'Due',NULL,'2020-03-17 10:14:20','2020-03-17 10:14:20',NULL),
(45,2,0,0.00,0,'2020-03-17','2021-10-08',NULL,1,0,0,'Due',NULL,'2020-03-17 10:14:20','2020-03-17 10:14:20',NULL),
(46,2,0,0.00,0,'2020-03-17','2021-11-07',NULL,1,0,0,'Due',NULL,'2020-03-17 10:14:20','2020-03-17 10:14:20',NULL),
(47,2,0,0.00,67,'2020-03-17','2021-12-07',NULL,1,0,0,'Rejected',NULL,'2020-03-17 10:14:20','2020-04-05 09:36:31',NULL),
(48,2,0,0.00,67,'2020-03-17','2022-01-06',NULL,1,0,0,'Rejected',NULL,'2020-03-17 10:14:20','2020-04-05 09:36:31',NULL),
(49,2,0,0.00,67,'2020-03-17','2022-02-05',NULL,1,0,0,'Rejected',NULL,'2020-03-17 10:14:20','2020-04-05 09:36:31',NULL),
(50,2,0,0.00,67,'2020-03-17','2022-03-07',NULL,1,0,0,'Rejected',NULL,'2020-03-17 10:14:20','2020-04-05 09:36:31',NULL),
(51,2,0,0.00,67,'2020-03-17','2022-04-06',NULL,1,0,0,'Rejected',NULL,'2020-03-17 10:14:20','2020-04-05 09:36:31',NULL),
(52,2,0,0.00,67,'2020-03-17','2022-05-06',NULL,1,0,0,'Rejected',NULL,'2020-03-17 10:14:20','2020-04-05 09:36:31',NULL),
(53,2,0,0.00,67,'2020-03-17','2022-06-05',NULL,1,0,0,'Rejected',NULL,'2020-03-17 10:14:20','2020-04-05 09:36:31',NULL),
(54,2,0,0.00,67,'2020-03-17','2022-07-05',NULL,1,0,0,'Rejected',NULL,'2020-03-17 10:14:20','2020-04-05 09:36:31',NULL),
(55,2,0,0.00,67,'2020-03-17','2022-08-04',NULL,1,0,0,'Rejected',NULL,'2020-03-17 10:14:20','2020-04-05 09:36:31',NULL),
(56,2,0,0.00,67,'2020-03-17','2022-09-03',NULL,1,0,0,'Rejected',NULL,'2020-03-17 10:14:20','2020-04-05 09:36:31',NULL),
(57,2,0,0.00,66,'2020-03-17','2022-10-03',NULL,1,0,0,'Rejected',NULL,'2020-03-17 10:14:20','2020-04-05 08:46:06',NULL),
(58,2,0,0.00,66,'2020-03-17','2022-11-02',NULL,1,0,0,'Rejected',NULL,'2020-03-17 10:14:20','2020-04-05 08:46:06',NULL),
(59,2,0,0.00,66,'2020-03-17','2022-12-02',NULL,1,0,0,'Rejected',NULL,'2020-03-17 10:14:20','2020-04-05 08:46:06',NULL),
(60,2,0,0.00,66,'2020-03-17','2023-01-01',NULL,1,0,0,'Rejected',NULL,'2020-03-17 10:14:20','2020-04-05 08:46:06',NULL),
(61,2,0,0.00,66,'2020-03-17','2023-01-31',NULL,1,0,0,'Rejected',NULL,'2020-03-17 10:14:20','2020-04-05 08:46:06',NULL),
(62,2,0,0.00,66,'2020-03-17','2023-03-02',NULL,1,0,0,'Rejected',NULL,'2020-03-17 10:14:20','2020-04-05 08:46:06',NULL),
(63,3,0,0.00,60,'2020-03-17','2020-03-17','2020-03-17',1,0,0,'Pending',NULL,'2020-03-17 10:46:08','2020-03-30 06:24:21',NULL),
(64,3,0,0.00,60,'2020-03-17','2020-04-16',NULL,1,0,0,'Pending',NULL,'2020-03-17 10:46:08','2020-03-30 06:24:21',NULL),
(97,12,0,75000.00,0,'2020-03-18','2021-03-13',NULL,3,0,0,'Due',NULL,'2020-03-18 08:51:24','2020-03-18 08:51:24',NULL),
(96,12,0,75000.00,0,'2020-03-18','2021-02-11',NULL,3,0,0,'Due',NULL,'2020-03-18 08:51:24','2020-03-18 08:51:24',NULL),
(95,12,0,75000.00,0,'2020-03-18','2021-01-12',NULL,3,0,0,'Due',NULL,'2020-03-18 08:51:24','2020-03-18 08:51:24',NULL),
(94,12,0,75000.00,0,'2020-03-18','2020-12-13',NULL,3,0,0,'Due',NULL,'2020-03-18 08:51:24','2020-03-18 08:51:24',NULL),
(93,12,0,75000.00,0,'2020-03-18','2020-11-13',NULL,3,0,0,'Due',NULL,'2020-03-18 08:51:24','2020-03-18 08:51:24',NULL),
(92,12,0,75000.00,0,'2020-03-18','2020-10-14',NULL,3,0,0,'Due',NULL,'2020-03-18 08:51:24','2020-03-18 08:51:24',NULL),
(91,12,0,75000.00,0,'2020-03-18','2020-09-14',NULL,3,0,0,'Due',NULL,'2020-03-18 08:51:24','2020-03-18 08:51:24',NULL),
(90,12,0,75000.00,0,'2020-03-18','2020-08-15',NULL,3,0,0,'Due',NULL,'2020-03-18 08:51:24','2020-03-18 08:51:24',NULL),
(89,12,0,75000.00,0,'2020-03-18','2020-07-16',NULL,3,0,0,'Due',NULL,'2020-03-18 08:51:24','2020-03-18 08:51:24',NULL),
(88,12,0,75000.00,0,'2020-03-18','2020-06-16',NULL,3,0,0,'Due',NULL,'2020-03-18 08:51:24','2020-03-18 08:51:24',NULL),
(87,12,0,75000.00,0,'2020-03-18','2020-05-17',NULL,3,0,0,'Due',NULL,'2020-03-18 08:51:24','2020-03-18 08:51:24',NULL),
(85,12,0,100000.00,13,'2020-03-18','2020-03-18','2020-03-18',3,0,0,'Approved',NULL,'2020-03-18 08:51:24','2020-03-19 12:22:39',NULL),
(86,12,0,75000.00,74,'2020-03-18','2020-04-17',NULL,3,0,0,'Pending',NULL,'2020-03-18 08:51:24','2020-03-18 08:51:24',NULL),
(98,13,0,1200000.00,14,'2020-03-18','2020-03-18','2020-03-18',3,0,0,'Pending',NULL,'2020-03-18 11:31:35','2020-03-18 11:31:35',NULL),
(99,13,0,983333.33,0,'2020-03-18','2020-04-17',NULL,3,0,0,'Due',NULL,'2020-03-18 11:31:35','2020-03-18 11:31:35',NULL),
(100,13,0,983333.33,0,'2020-03-18','2020-05-17',NULL,3,0,0,'Due',NULL,'2020-03-18 11:31:35','2020-03-18 11:31:35',NULL),
(101,13,0,983333.33,0,'2020-03-18','2020-06-16',NULL,3,0,0,'Due',NULL,'2020-03-18 11:31:35','2020-03-18 11:31:35',NULL),
(102,13,0,983333.33,0,'2020-03-18','2020-07-16',NULL,3,0,0,'Due',NULL,'2020-03-18 11:31:35','2020-03-18 11:31:35',NULL),
(103,13,0,983333.33,0,'2020-03-18','2020-08-15',NULL,3,0,0,'Due',NULL,'2020-03-18 11:31:35','2020-03-18 11:31:35',NULL),
(104,13,0,983333.33,0,'2020-03-18','2020-09-14',NULL,3,0,0,'Due',NULL,'2020-03-18 11:31:35','2020-03-18 11:31:35',NULL),
(105,13,0,983333.33,0,'2020-03-18','2020-10-14',NULL,3,0,0,'Due',NULL,'2020-03-18 11:31:35','2020-03-18 11:31:35',NULL),
(106,13,0,983333.33,0,'2020-03-18','2020-11-13',NULL,3,0,0,'Due',NULL,'2020-03-18 11:31:35','2020-03-18 11:31:35',NULL),
(107,13,0,983333.33,0,'2020-03-18','2020-12-13',NULL,3,0,0,'Due',NULL,'2020-03-18 11:31:35','2020-03-18 11:31:35',NULL),
(108,13,0,983333.33,0,'2020-03-18','2021-01-12',NULL,3,0,0,'Due',NULL,'2020-03-18 11:31:35','2020-03-18 11:31:35',NULL),
(109,13,0,983333.33,0,'2020-03-18','2021-02-11',NULL,3,0,0,'Due',NULL,'2020-03-18 11:31:35','2020-03-18 11:31:35',NULL),
(110,13,0,983333.33,0,'2020-03-18','2021-03-13',NULL,3,0,0,'Due',NULL,'2020-03-18 11:31:35','2020-03-18 11:31:35',NULL),
(111,14,0,100000.00,24,'2020-03-18','2020-03-18','2020-03-18',3,0,0,'Approved',NULL,'2020-03-18 12:35:36','2020-03-19 12:32:41',NULL),
(112,14,0,1241666.67,19,'2020-03-18','2020-04-17',NULL,3,0,0,'Due',NULL,'2020-03-18 12:35:36','2020-03-19 12:24:19',NULL),
(113,14,29,1241666.67,20,'2020-03-18','2020-05-17',NULL,3,0,0,'Approved',NULL,'2020-03-18 12:35:36','2020-03-23 07:33:40',NULL),
(114,14,50,1241666.67,21,'2020-03-18','2020-06-16',NULL,3,0,0,'Approved',NULL,'2020-03-18 12:35:36','2020-03-31 06:43:46',NULL),
(115,14,0,1241666.67,22,'2020-03-18','2020-07-16',NULL,3,0,0,'Pending',NULL,'2020-03-18 12:35:36','2020-03-18 12:35:36',NULL),
(116,14,0,1241666.67,23,'2020-03-18','2020-08-15',NULL,3,0,0,'Pending',NULL,'2020-03-18 12:35:36','2020-03-18 12:35:36',NULL),
(117,14,0,1241666.67,0,'2020-03-18','2020-09-14',NULL,3,0,0,'Due',NULL,'2020-03-18 12:35:36','2020-03-18 12:35:36',NULL),
(118,14,0,1241666.67,0,'2020-03-18','2020-10-14',NULL,3,0,0,'Due',NULL,'2020-03-18 12:35:36','2020-03-18 12:35:36',NULL),
(119,14,0,1241666.67,0,'2020-03-18','2020-11-13',NULL,3,0,0,'Due',NULL,'2020-03-18 12:35:36','2020-03-18 12:35:36',NULL),
(120,14,0,1241666.67,0,'2020-03-18','2020-12-13',NULL,3,0,0,'Due',NULL,'2020-03-18 12:35:36','2020-03-18 12:35:36',NULL),
(121,14,0,1241666.67,0,'2020-03-18','2021-01-12',NULL,3,0,0,'Due',NULL,'2020-03-18 12:35:36','2020-03-18 12:35:36',NULL),
(122,14,0,1241666.67,0,'2020-03-18','2021-02-11',NULL,3,0,0,'Due',NULL,'2020-03-18 12:35:36','2020-03-18 12:35:36',NULL),
(123,14,0,1241666.67,0,'2020-03-18','2021-03-13',NULL,3,0,0,'Due',NULL,'2020-03-18 12:35:36','2020-03-18 12:35:36',NULL),
(124,15,0,100000.00,16,'2020-03-19','2020-03-19','2020-03-19',15,0,0,'Approved',NULL,'2020-03-19 04:06:17','2020-03-19 04:18:41',NULL),
(125,15,0,158333.33,17,'2020-03-19','2020-04-18',NULL,15,0,0,'Approved',NULL,'2020-03-19 04:06:17','2020-03-19 04:19:26',NULL),
(126,15,0,158333.33,18,'2020-03-19','2020-05-18',NULL,15,0,0,'Due',NULL,'2020-03-19 04:06:17','2020-03-19 04:25:59',NULL),
(127,15,0,158333.33,0,'2020-03-19','2020-06-17',NULL,15,0,0,'Due',NULL,'2020-03-19 04:06:17','2020-03-19 04:06:17',NULL),
(128,15,0,158333.33,0,'2020-03-19','2020-07-17',NULL,15,0,0,'Due',NULL,'2020-03-19 04:06:17','2020-03-19 04:06:17',NULL),
(129,15,0,158333.33,0,'2020-03-19','2020-08-16',NULL,15,0,0,'Due',NULL,'2020-03-19 04:06:17','2020-03-19 04:06:17',NULL),
(130,15,0,158333.33,0,'2020-03-19','2020-09-15',NULL,15,0,0,'Due',NULL,'2020-03-19 04:06:17','2020-03-19 04:06:17',NULL),
(131,15,0,158333.33,0,'2020-03-19','2020-10-15',NULL,15,0,0,'Due',NULL,'2020-03-19 04:06:17','2020-03-19 04:06:17',NULL),
(132,15,0,158333.33,0,'2020-03-19','2020-11-14',NULL,15,0,0,'Due',NULL,'2020-03-19 04:06:17','2020-03-19 04:06:17',NULL),
(133,15,0,158333.33,0,'2020-03-19','2020-12-14',NULL,15,0,0,'Due',NULL,'2020-03-19 04:06:17','2020-03-19 04:06:17',NULL),
(134,15,0,158333.33,0,'2020-03-19','2021-01-13',NULL,15,0,0,'Due',NULL,'2020-03-19 04:06:17','2020-03-19 04:06:17',NULL),
(135,15,0,158333.33,0,'2020-03-19','2021-02-12',NULL,15,0,0,'Due',NULL,'2020-03-19 04:06:17','2020-03-19 04:06:17',NULL),
(136,15,0,158333.33,0,'2020-03-19','2021-03-14',NULL,15,0,0,'Due',NULL,'2020-03-19 04:06:17','2020-03-19 04:06:17',NULL),
(137,16,49,100000.00,25,'2020-03-19','2020-03-19','2020-03-19',3,0,0,'Approved',NULL,'2020-03-19 13:51:08','2020-03-31 06:42:04',NULL),
(138,17,0,1000000.00,26,'2020-03-19','2020-03-19','2020-03-19',13,0,0,'Pending',NULL,'2020-03-19 14:18:52','2020-03-19 14:18:52',NULL),
(139,17,0,83333.33,0,'2020-03-19','2020-04-18',NULL,13,0,0,'Due',NULL,'2020-03-19 14:18:52','2020-03-19 14:18:52',NULL),
(140,17,0,83333.33,0,'2020-03-19','2020-05-18',NULL,13,0,0,'Due',NULL,'2020-03-19 14:18:52','2020-03-19 14:18:52',NULL),
(141,17,0,83333.33,0,'2020-03-19','2020-06-17',NULL,13,0,0,'Due',NULL,'2020-03-19 14:18:52','2020-03-19 14:18:52',NULL),
(142,17,0,83333.33,0,'2020-03-19','2020-07-17',NULL,13,0,0,'Due',NULL,'2020-03-19 14:18:52','2020-03-19 14:18:52',NULL),
(143,17,0,83333.33,0,'2020-03-19','2020-08-16',NULL,13,0,0,'Due',NULL,'2020-03-19 14:18:52','2020-03-19 14:18:52',NULL),
(144,17,0,83333.33,0,'2020-03-19','2020-09-15',NULL,13,0,0,'Due',NULL,'2020-03-19 14:18:52','2020-03-19 14:18:52',NULL),
(145,17,0,83333.33,0,'2020-03-19','2020-10-15',NULL,13,0,0,'Due',NULL,'2020-03-19 14:18:52','2020-03-19 14:18:52',NULL),
(146,17,0,83333.33,0,'2020-03-19','2020-11-14',NULL,13,0,0,'Due',NULL,'2020-03-19 14:18:52','2020-03-19 14:18:52',NULL),
(147,17,0,83333.33,0,'2020-03-19','2020-12-14',NULL,13,0,0,'Due',NULL,'2020-03-19 14:18:52','2020-03-19 14:18:52',NULL),
(148,17,0,83333.33,0,'2020-03-19','2021-01-13',NULL,13,0,0,'Due',NULL,'2020-03-19 14:18:52','2020-03-19 14:18:52',NULL),
(149,17,0,83333.33,0,'2020-03-19','2021-02-12',NULL,13,0,0,'Due',NULL,'2020-03-19 14:18:52','2020-03-19 14:18:52',NULL),
(150,17,0,83333.33,0,'2020-03-19','2021-03-14',NULL,13,0,0,'Due',NULL,'2020-03-19 14:18:52','2020-03-19 14:18:52',NULL),
(151,18,28,1000000.00,35,'2020-03-22','2020-03-22','2020-03-22',2,0,0,'Approved',NULL,'2020-03-22 05:26:16','2020-03-23 07:22:23',NULL),
(152,18,25,333333.33,37,'2020-03-22','2020-04-21',NULL,2,0,0,'Approved',NULL,'2020-03-22 05:26:16','2020-03-23 07:18:01',NULL),
(153,18,26,333333.33,37,'2020-03-22','2020-05-21',NULL,2,0,0,'Approved',NULL,'2020-03-22 05:26:16','2020-03-23 07:18:01',NULL),
(154,18,0,333333.33,0,'2020-03-22','2020-06-20',NULL,2,0,0,'Due',NULL,'2020-03-22 05:26:16','2020-03-22 05:26:16',NULL),
(155,18,0,333333.33,0,'2020-03-22','2020-07-20',NULL,2,0,0,'Due',NULL,'2020-03-22 05:26:16','2020-03-22 05:26:16',NULL),
(156,18,0,333333.33,0,'2020-03-22','2020-08-19',NULL,2,0,0,'Due',NULL,'2020-03-22 05:26:16','2020-03-22 05:26:16',NULL),
(157,18,0,333333.33,0,'2020-03-22','2020-09-18',NULL,2,0,0,'Due',NULL,'2020-03-22 05:26:16','2020-03-22 05:26:16',NULL),
(158,18,0,333333.33,0,'2020-03-22','2020-10-18',NULL,2,0,0,'Due',NULL,'2020-03-22 05:26:16','2020-03-22 05:26:16',NULL),
(159,18,0,333333.33,0,'2020-03-22','2020-11-17',NULL,2,0,0,'Due',NULL,'2020-03-22 05:26:16','2020-03-22 05:26:16',NULL),
(160,18,0,333333.33,0,'2020-03-22','2020-12-17',NULL,2,0,0,'Due',NULL,'2020-03-22 05:26:16','2020-03-22 05:26:16',NULL),
(161,18,0,333333.33,0,'2020-03-22','2021-01-16',NULL,2,0,0,'Due',NULL,'2020-03-22 05:26:16','2020-03-22 05:26:16',NULL),
(162,18,0,333333.33,0,'2020-03-22','2021-02-15',NULL,2,0,0,'Due',NULL,'2020-03-22 05:26:16','2020-03-22 05:26:16',NULL),
(163,18,0,333333.33,0,'2020-03-22','2021-03-17',NULL,2,0,0,'Due',NULL,'2020-03-22 05:26:16','2020-03-22 05:26:16',NULL),
(164,19,27,100000.00,36,'2020-03-23','2020-03-23','2020-03-23',2,0,0,'Approved',NULL,'2020-03-23 07:00:39','2020-03-23 07:21:17',NULL),
(165,20,0,10000.00,38,'2020-03-23','2020-03-23','2020-03-23',3,0,0,'Pending',NULL,'2020-03-23 10:06:47','2020-03-23 10:06:47',NULL),
(166,21,0,10000.00,39,'2020-03-23','2020-03-23','2020-03-23',3,0,0,'Pending',NULL,'2020-03-23 10:08:52','2020-03-23 10:08:52',NULL),
(167,22,0,10000.00,40,'2020-03-23','2020-03-23','2020-03-23',3,0,0,'Pending',NULL,'2020-03-23 10:13:03','2020-03-23 10:13:03',NULL),
(168,23,0,10000.00,41,'2020-03-23','2020-03-23','2020-03-23',3,0,0,'Pending',NULL,'2020-03-23 10:19:41','2020-03-23 10:19:41',NULL),
(169,24,0,10000.00,42,'2020-03-23','2020-03-23','2020-03-23',3,0,0,'Pending',NULL,'2020-03-23 10:35:13','2020-03-23 10:35:13',NULL),
(170,25,0,1000.00,43,'2020-03-23','2020-03-23','2020-03-23',3,0,0,'Pending',NULL,'2020-03-23 11:39:49','2020-03-23 11:39:49',NULL),
(171,25,0,750.00,0,'2020-03-23','2020-04-22',NULL,3,0,0,'Due',NULL,'2020-03-23 11:39:49','2020-03-23 11:39:49',NULL),
(172,25,0,750.00,0,'2020-03-23','2020-05-22',NULL,3,0,0,'Due',NULL,'2020-03-23 11:39:49','2020-03-23 11:39:49',NULL),
(173,25,0,750.00,0,'2020-03-23','2020-06-21',NULL,3,0,0,'Due',NULL,'2020-03-23 11:39:49','2020-03-23 11:39:49',NULL),
(174,25,0,750.00,0,'2020-03-23','2020-07-21',NULL,3,0,0,'Due',NULL,'2020-03-23 11:39:49','2020-03-23 11:39:49',NULL),
(175,25,0,750.00,0,'2020-03-23','2020-08-20',NULL,3,0,0,'Due',NULL,'2020-03-23 11:39:49','2020-03-23 11:39:49',NULL),
(176,25,0,750.00,0,'2020-03-23','2020-09-19',NULL,3,0,0,'Due',NULL,'2020-03-23 11:39:49','2020-03-23 11:39:49',NULL),
(177,25,0,750.00,0,'2020-03-23','2020-10-19',NULL,3,0,0,'Due',NULL,'2020-03-23 11:39:49','2020-03-23 11:39:49',NULL),
(178,25,0,750.00,0,'2020-03-23','2020-11-18',NULL,3,0,0,'Due',NULL,'2020-03-23 11:39:49','2020-03-23 11:39:49',NULL),
(179,25,0,750.00,0,'2020-03-23','2020-12-18',NULL,3,0,0,'Due',NULL,'2020-03-23 11:39:49','2020-03-23 11:39:49',NULL),
(180,25,0,750.00,0,'2020-03-23','2021-01-17',NULL,3,0,0,'Due',NULL,'2020-03-23 11:39:49','2020-03-23 11:39:49',NULL),
(181,25,0,750.00,0,'2020-03-23','2021-02-16',NULL,3,0,0,'Due',NULL,'2020-03-23 11:39:49','2020-03-23 11:39:49',NULL),
(182,25,0,750.00,0,'2020-03-23','2021-03-18',NULL,3,0,0,'Due',NULL,'2020-03-23 11:39:49','2020-03-23 11:39:49',NULL),
(183,26,0,2000.00,45,'2020-03-23','2020-03-23','2020-03-23',3,0,0,'Pending',NULL,'2020-03-23 14:38:12','2020-03-23 14:38:12',NULL),
(184,27,0,1000.00,46,'2020-03-23','2020-03-23','2020-03-23',3,0,0,'Pending',NULL,'2020-03-23 14:47:13','2020-03-23 14:47:13',NULL),
(185,28,0,10000.00,47,'2020-03-24','2020-03-24','2020-03-24',3,0,0,'Pending',NULL,'2020-03-24 05:33:13','2020-03-24 05:33:13',NULL),
(186,29,0,10000.00,48,'2020-03-24','2020-03-24','2020-03-24',3,0,0,'Pending',NULL,'2020-03-24 05:39:40','2020-03-24 05:39:40',NULL),
(187,30,47,20000.00,50,'2020-03-24','2020-03-24','2020-03-24',1,0,0,'Approved',NULL,'2020-03-24 11:59:43','2020-03-31 06:00:58',NULL),
(188,30,48,15000.00,58,'2020-03-24','2020-04-23',NULL,1,0,0,'Approved',NULL,'2020-03-24 11:59:43','2020-03-31 06:04:10',NULL),
(189,30,0,15000.00,0,'2020-03-24','2020-05-23',NULL,1,0,0,'Due',NULL,'2020-03-24 11:59:43','2020-03-24 11:59:43',NULL),
(190,30,0,15000.00,72,'2020-03-24','2020-06-22',NULL,1,0,0,'Pending',NULL,'2020-03-24 11:59:43','2020-03-24 11:59:43',NULL),
(191,30,0,15000.00,72,'2020-03-24','2020-07-22',NULL,1,0,0,'Pending',NULL,'2020-03-24 11:59:43','2020-03-24 11:59:43',NULL),
(192,30,0,15000.00,0,'2020-03-24','2020-08-21',NULL,1,0,0,'Due',NULL,'2020-03-24 11:59:43','2020-03-24 11:59:43',NULL),
(193,30,0,15000.00,0,'2020-03-24','2020-09-20',NULL,1,0,0,'Due',NULL,'2020-03-24 11:59:43','2020-03-24 11:59:43',NULL),
(194,30,0,15000.00,0,'2020-03-24','2020-10-20',NULL,1,0,0,'Due',NULL,'2020-03-24 11:59:43','2020-03-24 11:59:43',NULL),
(195,30,0,15000.00,0,'2020-03-24','2020-11-19',NULL,1,0,0,'Due',NULL,'2020-03-24 11:59:43','2020-03-24 11:59:43',NULL),
(196,30,0,15000.00,0,'2020-03-24','2020-12-19',NULL,1,0,0,'Due',NULL,'2020-03-24 11:59:43','2020-03-24 11:59:43',NULL),
(197,30,0,15000.00,0,'2020-03-24','2021-01-18',NULL,1,0,0,'Due',NULL,'2020-03-24 11:59:43','2020-03-24 11:59:43',NULL),
(198,30,0,15000.00,0,'2020-03-24','2021-02-17',NULL,1,0,0,'Due',NULL,'2020-03-24 11:59:43','2020-03-24 11:59:43',NULL),
(199,30,0,15000.00,0,'2020-03-24','2021-03-19',NULL,1,0,0,'Due',NULL,'2020-03-24 11:59:43','2020-03-24 11:59:43',NULL),
(200,31,0,1000.00,52,'2020-03-26','2020-03-26','2020-03-26',1,0,0,'Pending',NULL,'2020-03-26 11:18:30','2020-03-26 11:18:30',NULL),
(201,32,0,5000.00,53,'2020-03-26','2020-03-26','2020-03-26',1,0,0,'Pending',NULL,'2020-03-26 11:24:06','2020-03-26 11:24:06',NULL),
(202,33,0,1250.00,54,'2020-03-27','2020-03-27','2020-03-27',1,0,0,'Pending',NULL,'2020-03-27 10:44:56','2020-03-27 10:44:56',NULL),
(203,33,0,468.75,0,'2020-03-27','2020-04-26',NULL,1,0,0,'Due',NULL,'2020-03-27 10:44:56','2020-03-27 10:44:56',NULL),
(204,33,0,468.75,0,'2020-03-27','2020-05-26',NULL,1,0,0,'Due',NULL,'2020-03-27 10:44:56','2020-03-27 10:44:56',NULL),
(205,33,0,468.75,0,'2020-03-27','2020-06-25',NULL,1,0,0,'Due',NULL,'2020-03-27 10:44:56','2020-03-27 10:44:56',NULL),
(206,33,0,468.75,0,'2020-03-27','2020-07-25',NULL,1,0,0,'Due',NULL,'2020-03-27 10:44:56','2020-03-27 10:44:56',NULL),
(207,33,0,468.75,0,'2020-03-27','2020-08-24',NULL,1,0,0,'Due',NULL,'2020-03-27 10:44:56','2020-03-27 10:44:56',NULL),
(208,33,0,468.75,0,'2020-03-27','2020-09-23',NULL,1,0,0,'Due',NULL,'2020-03-27 10:44:56','2020-03-27 10:44:56',NULL),
(209,33,0,468.75,0,'2020-03-27','2020-10-23',NULL,1,0,0,'Due',NULL,'2020-03-27 10:44:56','2020-03-27 10:44:56',NULL),
(210,33,0,468.75,0,'2020-03-27','2020-11-22',NULL,1,0,0,'Due',NULL,'2020-03-27 10:44:56','2020-03-27 10:44:56',NULL),
(211,33,0,468.75,0,'2020-03-27','2020-12-22',NULL,1,0,0,'Due',NULL,'2020-03-27 10:44:56','2020-03-27 10:44:56',NULL),
(212,33,0,468.75,0,'2020-03-27','2021-01-21',NULL,1,0,0,'Due',NULL,'2020-03-27 10:44:56','2020-03-27 10:44:56',NULL),
(213,33,0,468.75,0,'2020-03-27','2021-02-20',NULL,1,0,0,'Due',NULL,'2020-03-27 10:44:56','2020-03-27 10:44:56',NULL),
(214,33,0,468.75,0,'2020-03-27','2021-03-22',NULL,1,0,0,'Due',NULL,'2020-03-27 10:44:56','2020-03-27 10:44:56',NULL),
(215,33,0,468.75,0,'2020-03-27','2021-04-21',NULL,1,0,0,'Due',NULL,'2020-03-27 10:44:56','2020-03-27 10:44:56',NULL),
(216,33,0,468.75,0,'2020-03-27','2021-05-21',NULL,1,0,0,'Due',NULL,'2020-03-27 10:44:56','2020-03-27 10:44:56',NULL),
(217,33,0,468.75,0,'2020-03-27','2021-06-20',NULL,1,0,0,'Due',NULL,'2020-03-27 10:44:56','2020-03-27 10:44:56',NULL),
(218,33,0,468.75,0,'2020-03-27','2021-07-20',NULL,1,0,0,'Due',NULL,'2020-03-27 10:44:56','2020-03-27 10:44:56',NULL),
(219,33,0,468.75,0,'2020-03-27','2021-08-19',NULL,1,0,0,'Due',NULL,'2020-03-27 10:44:56','2020-03-27 10:44:56',NULL),
(220,33,0,468.75,0,'2020-03-27','2021-09-18',NULL,1,0,0,'Due',NULL,'2020-03-27 10:44:56','2020-03-27 10:44:56',NULL),
(221,33,0,468.75,0,'2020-03-27','2021-10-18',NULL,1,0,0,'Due',NULL,'2020-03-27 10:44:56','2020-03-27 10:44:56',NULL),
(222,33,0,468.75,0,'2020-03-27','2021-11-17',NULL,1,0,0,'Due',NULL,'2020-03-27 10:44:56','2020-03-27 10:44:56',NULL),
(223,33,0,468.75,0,'2020-03-27','2021-12-17',NULL,1,0,0,'Due',NULL,'2020-03-27 10:44:56','2020-03-27 10:44:56',NULL),
(224,33,0,468.75,0,'2020-03-27','2022-01-16',NULL,1,0,0,'Due',NULL,'2020-03-27 10:44:56','2020-03-27 10:44:56',NULL),
(225,33,0,468.75,0,'2020-03-27','2022-02-15',NULL,1,0,0,'Due',NULL,'2020-03-27 10:44:56','2020-03-27 10:44:56',NULL),
(226,33,0,468.75,0,'2020-03-27','2022-03-17',NULL,1,0,0,'Due',NULL,'2020-03-27 10:44:56','2020-03-27 10:44:56',NULL),
(227,34,61,2000.00,68,'2020-04-06','2020-04-06','2020-04-06',22,0,0,'Approved',NULL,'2020-04-06 05:43:11','2020-04-06 06:09:46',NULL),
(228,34,0,1696.67,69,'2020-04-06','2020-05-06',NULL,22,0,0,'Pending',NULL,'2020-04-06 05:43:11','2020-04-06 05:43:11',NULL),
(229,34,0,1696.67,0,'2020-04-06','2020-06-05',NULL,22,0,0,'Due',NULL,'2020-04-06 05:43:11','2020-04-06 05:43:11',NULL),
(230,34,0,1696.67,0,'2020-04-06','2020-07-05',NULL,22,0,0,'Due',NULL,'2020-04-06 05:43:11','2020-04-06 05:43:11',NULL),
(231,34,0,1696.67,0,'2020-04-06','2020-08-04',NULL,22,0,0,'Due',NULL,'2020-04-06 05:43:11','2020-04-06 05:43:11',NULL),
(232,34,0,1696.67,0,'2020-04-06','2020-09-03',NULL,22,0,0,'Due',NULL,'2020-04-06 05:43:11','2020-04-06 05:43:11',NULL),
(233,34,0,1696.67,0,'2020-04-06','2020-10-03',NULL,22,0,0,'Due',NULL,'2020-04-06 05:43:11','2020-04-06 05:43:11',NULL),
(234,34,0,1696.67,0,'2020-04-06','2020-11-02',NULL,22,0,0,'Due',NULL,'2020-04-06 05:43:11','2020-04-06 05:43:11',NULL),
(235,34,0,1696.67,0,'2020-04-06','2020-12-02',NULL,22,0,0,'Due',NULL,'2020-04-06 05:43:11','2020-04-06 05:43:11',NULL),
(236,34,0,1696.67,0,'2020-04-06','2021-01-01',NULL,22,0,0,'Due',NULL,'2020-04-06 05:43:11','2020-04-06 05:43:11',NULL),
(237,34,0,1696.67,0,'2020-04-06','2021-01-31',NULL,22,0,0,'Due',NULL,'2020-04-06 05:43:11','2020-04-06 05:43:11',NULL),
(238,34,0,1696.67,0,'2020-04-06','2021-03-02',NULL,22,0,0,'Due',NULL,'2020-04-06 05:43:11','2020-04-06 05:43:11',NULL),
(239,34,0,1696.67,0,'2020-04-06','2021-04-01',NULL,22,0,0,'Due',NULL,'2020-04-06 05:43:11','2020-04-06 05:43:11',NULL),
(240,35,0,1112.00,73,'2020-04-07','2020-04-07','2020-04-07',1,0,0,'Pending',NULL,'2020-04-07 12:36:40','2020-04-07 12:36:40',NULL),
(241,35,0,834.00,75,'2020-04-07','2020-05-07',NULL,1,0,0,'Pending',NULL,'2020-04-07 12:36:40','2020-04-07 12:36:40',NULL),
(242,35,0,834.00,75,'2020-04-07','2020-06-06',NULL,1,0,0,'Pending',NULL,'2020-04-07 12:36:40','2020-04-07 12:36:40',NULL),
(243,35,0,834.00,0,'2020-04-07','2020-07-06',NULL,1,0,0,'Due',NULL,'2020-04-07 12:36:40','2020-04-07 12:36:40',NULL),
(244,35,0,834.00,0,'2020-04-07','2020-08-05',NULL,1,0,0,'Due',NULL,'2020-04-07 12:36:40','2020-04-07 12:36:40',NULL),
(245,35,0,834.00,0,'2020-04-07','2020-09-04',NULL,1,0,0,'Due',NULL,'2020-04-07 12:36:40','2020-04-07 12:36:40',NULL),
(246,35,0,834.00,0,'2020-04-07','2020-10-04',NULL,1,0,0,'Due',NULL,'2020-04-07 12:36:40','2020-04-07 12:36:40',NULL),
(247,35,0,834.00,0,'2020-04-07','2020-11-03',NULL,1,0,0,'Due',NULL,'2020-04-07 12:36:40','2020-04-07 12:36:40',NULL),
(248,35,0,834.00,0,'2020-04-07','2020-12-03',NULL,1,0,0,'Due',NULL,'2020-04-07 12:36:40','2020-04-07 12:36:40',NULL),
(249,35,0,834.00,0,'2020-04-07','2021-01-02',NULL,1,0,0,'Due',NULL,'2020-04-07 12:36:40','2020-04-07 12:36:40',NULL),
(250,35,0,834.00,0,'2020-04-07','2021-02-01',NULL,1,0,0,'Due',NULL,'2020-04-07 12:36:40','2020-04-07 12:36:40',NULL),
(251,35,0,834.00,0,'2020-04-07','2021-03-03',NULL,1,0,0,'Due',NULL,'2020-04-07 12:36:40','2020-04-07 12:36:40',NULL),
(252,35,0,834.00,0,'2020-04-07','2021-04-02',NULL,1,0,0,'Due',NULL,'2020-04-07 12:36:40','2020-04-07 12:36:40',NULL),
(253,36,83,13999.50,77,'2020-04-09','2020-04-09','2020-04-09',37,0,0,'Approved',NULL,'2020-04-09 11:08:20','2020-04-09 11:10:47',NULL),
(254,36,0,10499.63,0,'2020-04-09','2020-05-09',NULL,37,0,0,'Due',NULL,'2020-04-09 11:08:20','2020-04-09 11:08:20',NULL),
(255,36,0,10499.63,0,'2020-04-09','2020-06-08',NULL,37,0,0,'Due',NULL,'2020-04-09 11:08:20','2020-04-09 11:08:20',NULL),
(256,36,0,10499.63,0,'2020-04-09','2020-07-08',NULL,37,0,0,'Due',NULL,'2020-04-09 11:08:20','2020-04-09 11:08:20',NULL),
(257,36,0,10499.63,0,'2020-04-09','2020-08-07',NULL,37,0,0,'Due',NULL,'2020-04-09 11:08:20','2020-04-09 11:08:20',NULL),
(258,36,0,10499.63,0,'2020-04-09','2020-09-06',NULL,37,0,0,'Due',NULL,'2020-04-09 11:08:20','2020-04-09 11:08:20',NULL),
(259,36,0,10499.63,0,'2020-04-09','2020-10-06',NULL,37,0,0,'Due',NULL,'2020-04-09 11:08:20','2020-04-09 11:08:20',NULL),
(260,36,0,10499.63,0,'2020-04-09','2020-11-05',NULL,37,0,0,'Due',NULL,'2020-04-09 11:08:20','2020-04-09 11:08:20',NULL),
(261,36,0,10499.63,0,'2020-04-09','2020-12-05',NULL,37,0,0,'Due',NULL,'2020-04-09 11:08:20','2020-04-09 11:08:20',NULL),
(262,36,0,10499.63,0,'2020-04-09','2021-01-04',NULL,37,0,0,'Due',NULL,'2020-04-09 11:08:20','2020-04-09 11:08:20',NULL),
(263,36,0,10499.63,0,'2020-04-09','2021-02-03',NULL,37,0,0,'Due',NULL,'2020-04-09 11:08:20','2020-04-09 11:08:20',NULL),
(264,36,0,10499.63,0,'2020-04-09','2021-03-05',NULL,37,0,0,'Due',NULL,'2020-04-09 11:08:20','2020-04-09 11:08:20',NULL),
(265,36,0,10499.63,0,'2020-04-09','2021-04-04',NULL,37,0,0,'Due',NULL,'2020-04-09 11:08:20','2020-04-09 11:08:20',NULL),
(266,37,84,400000.00,78,'2020-04-09','2020-04-09','2020-04-09',1,0,0,'Approved',NULL,'2020-04-09 12:24:25','2020-04-09 12:30:25',NULL),
(414,53,0,11250.00,0,'2020-04-24','2021-04-24',NULL,2,0,0,'Due',NULL,'2020-04-24 13:32:41','2020-04-24 13:32:41',NULL),
(413,53,0,11250.00,0,'2020-04-24','2021-03-24',NULL,2,0,0,'Due',NULL,'2020-04-24 13:32:41','2020-04-24 13:32:41',NULL),
(412,53,0,11250.00,0,'2020-04-24','2021-02-24',NULL,2,0,0,'Due',NULL,'2020-04-24 13:32:41','2020-04-24 13:32:41',NULL),
(411,53,0,11250.00,0,'2020-04-24','2021-01-24',NULL,2,0,0,'Due',NULL,'2020-04-24 13:32:41','2020-04-24 13:32:41',NULL),
(410,53,0,11250.00,0,'2020-04-24','2020-12-24',NULL,2,0,0,'Due',NULL,'2020-04-24 13:32:41','2020-04-24 13:32:41',NULL),
(409,53,0,11250.00,0,'2020-04-24','2020-11-24',NULL,2,0,0,'Due',NULL,'2020-04-24 13:32:41','2020-04-24 13:32:41',NULL),
(407,53,0,11250.00,0,'2020-04-24','2020-09-24',NULL,2,0,0,'Due',NULL,'2020-04-24 13:32:41','2020-04-24 13:32:41',NULL),
(408,53,0,11250.00,0,'2020-04-24','2020-10-24',NULL,2,0,0,'Due',NULL,'2020-04-24 13:32:41','2020-04-24 13:32:41',NULL),
(406,53,0,11250.00,0,'2020-04-24','2020-08-24',NULL,2,0,0,'Due',NULL,'2020-04-24 13:32:41','2020-04-24 13:32:41',NULL),
(405,53,0,11250.00,0,'2020-04-24','2020-07-24',NULL,2,0,0,'Due',NULL,'2020-04-24 13:32:41','2020-04-24 13:32:41',NULL),
(404,53,0,11250.00,0,'2020-04-24','2020-06-24',NULL,2,0,0,'Due',NULL,'2020-04-24 13:32:41','2020-04-24 13:32:41',NULL),
(403,53,0,11250.00,0,'2020-04-24','2020-05-24',NULL,2,0,0,'Due',NULL,'2020-04-24 13:32:41','2020-04-24 13:32:41',NULL),
(402,53,0,15000.00,98,'2020-04-24','2020-04-24','2020-04-24',2,0,0,'Pending',NULL,'2020-04-24 13:32:41','2020-04-24 13:32:41',NULL),
(401,52,0,10000.00,0,'2020-04-24','2021-04-24',NULL,2,0,0,'Due',NULL,'2020-04-24 12:17:27','2020-04-24 12:17:27',NULL),
(400,52,0,10000.00,0,'2020-04-24','2021-03-24',NULL,2,0,0,'Due',NULL,'2020-04-24 12:17:27','2020-04-24 12:17:27',NULL),
(399,52,0,10000.00,0,'2020-04-24','2021-02-24',NULL,2,0,0,'Due',NULL,'2020-04-24 12:17:27','2020-04-24 12:17:27',NULL),
(398,52,0,10000.00,0,'2020-04-24','2021-01-24',NULL,2,0,0,'Due',NULL,'2020-04-24 12:17:27','2020-04-24 12:17:27',NULL),
(397,52,0,10000.00,0,'2020-04-24','2020-12-24',NULL,2,0,0,'Due',NULL,'2020-04-24 12:17:27','2020-04-24 12:17:27',NULL),
(396,52,0,10000.00,0,'2020-04-24','2020-11-24',NULL,2,0,0,'Due',NULL,'2020-04-24 12:17:27','2020-04-24 12:17:27',NULL),
(395,52,0,10000.00,0,'2020-04-24','2020-10-24',NULL,2,0,0,'Due',NULL,'2020-04-24 12:17:27','2020-04-24 12:17:27',NULL),
(394,52,0,10000.00,0,'2020-04-24','2020-09-24',NULL,2,0,0,'Due',NULL,'2020-04-24 12:17:27','2020-04-24 12:17:27',NULL),
(393,52,0,10000.00,0,'2020-04-24','2020-08-24',NULL,2,0,0,'Due',NULL,'2020-04-24 12:17:27','2020-04-24 12:17:27',NULL),
(392,52,0,10000.00,0,'2020-04-24','2020-07-24',NULL,2,0,0,'Due',NULL,'2020-04-24 12:17:27','2020-04-24 12:17:27',NULL),
(391,52,0,10000.00,0,'2020-04-24','2020-06-24',NULL,2,0,0,'Due',NULL,'2020-04-24 12:17:27','2020-04-24 12:17:27',NULL),
(389,52,0,30000.00,96,'2020-04-24','2020-04-24','2020-04-24',2,0,0,'Pending',NULL,'2020-04-24 12:17:27','2020-04-24 12:17:27',NULL),
(390,52,0,10000.00,0,'2020-04-24','2020-05-24',NULL,2,0,0,'Due',NULL,'2020-04-24 12:17:27','2020-04-24 12:17:27',NULL),
(1107,86,0,75000.00,0,'2020-01-20','2021-01-20',NULL,4,0,0,'Due',NULL,'2020-04-29 09:45:07','2020-04-29 09:45:07',NULL),
(1106,86,0,75000.00,0,'2020-01-20','2020-12-20',NULL,4,0,0,'Due',NULL,'2020-04-29 09:45:07','2020-04-29 09:45:07',NULL),
(1105,86,0,75000.00,0,'2020-01-20','2020-11-20',NULL,4,0,0,'Due',NULL,'2020-04-29 09:45:07','2020-04-29 09:45:07',NULL),
(1104,86,0,75000.00,0,'2020-01-20','2020-10-20',NULL,4,0,0,'Due',NULL,'2020-04-29 09:45:07','2020-04-29 09:45:07',NULL),
(1103,86,0,75000.00,0,'2020-01-20','2020-09-20',NULL,4,0,0,'Due',NULL,'2020-04-29 09:45:07','2020-04-29 09:45:07',NULL),
(1102,86,0,75000.00,0,'2020-01-20','2020-08-20',NULL,4,0,0,'Due',NULL,'2020-04-29 09:45:07','2020-04-29 09:45:07',NULL),
(1101,86,0,75000.00,0,'2020-01-20','2020-07-20',NULL,4,0,0,'Due',NULL,'2020-04-29 09:45:07','2020-04-29 09:45:07',NULL),
(1100,86,0,75000.00,0,'2020-01-20','2020-06-20',NULL,4,0,0,'Due',NULL,'2020-04-29 09:45:07','2020-04-29 09:45:07',NULL),
(1099,86,0,75000.00,0,'2020-01-20','2020-05-20',NULL,4,0,0,'Due',NULL,'2020-04-29 09:45:07','2020-04-29 09:45:07',NULL),
(1098,86,0,75000.00,0,'2020-01-20','2020-04-20',NULL,4,0,0,'Due',NULL,'2020-04-29 09:45:07','2020-04-29 09:45:07',NULL),
(1097,86,0,75000.00,0,'2020-01-20','2020-03-20',NULL,4,0,0,'Due',NULL,'2020-04-29 09:45:07','2020-04-29 09:45:07',NULL),
(1096,86,0,75000.00,0,'2020-01-20','2020-02-20',NULL,4,0,0,'Due',NULL,'2020-04-29 09:45:07','2020-04-29 09:45:07',NULL),
(1095,86,0,100000.00,166,'2020-01-20','2020-01-20','2020-01-20',4,0,0,'Pending',NULL,'2020-04-29 09:45:07','2020-04-29 09:45:07',NULL),
(1094,85,0,1666.50,0,'2020-01-20','2021-01-20',NULL,4,0,0,'Due',NULL,'2020-04-29 09:23:33','2020-04-29 09:23:33',NULL),
(1093,85,0,1666.50,0,'2020-01-20','2020-12-20',NULL,4,0,0,'Due',NULL,'2020-04-29 09:23:33','2020-04-29 09:23:33',NULL),
(1092,85,0,1666.50,0,'2020-01-20','2020-11-20',NULL,4,0,0,'Due',NULL,'2020-04-29 09:23:33','2020-04-29 09:23:33',NULL),
(1091,85,0,1666.50,0,'2020-01-20','2020-10-20',NULL,4,0,0,'Due',NULL,'2020-04-29 09:23:33','2020-04-29 09:23:33',NULL),
(1090,85,0,1666.50,0,'2020-01-20','2020-09-20',NULL,4,0,0,'Due',NULL,'2020-04-29 09:23:33','2020-04-29 09:23:33',NULL),
(1089,85,0,1666.50,0,'2020-01-20','2020-08-20',NULL,4,0,0,'Due',NULL,'2020-04-29 09:23:33','2020-04-29 09:23:33',NULL),
(1088,85,0,1666.50,0,'2020-01-20','2020-07-20',NULL,4,0,0,'Due',NULL,'2020-04-29 09:23:33','2020-04-29 09:23:33',NULL),
(1087,85,0,1666.50,0,'2020-01-20','2020-06-20',NULL,4,0,0,'Due',NULL,'2020-04-29 09:23:33','2020-04-29 09:23:33',NULL),
(1086,85,0,1666.50,0,'2020-01-20','2020-05-20',NULL,4,0,0,'Due',NULL,'2020-04-29 09:23:33','2020-04-29 09:23:33',NULL),
(1085,85,0,1666.50,0,'2020-01-20','2020-04-20',NULL,4,0,0,'Due',NULL,'2020-04-29 09:23:33','2020-04-29 09:23:33',NULL),
(1084,85,0,1666.50,0,'2020-01-20','2020-03-20',NULL,4,0,0,'Due',NULL,'2020-04-29 09:23:33','2020-04-29 09:23:33',NULL),
(1083,85,0,1666.50,0,'2020-01-20','2020-02-20',NULL,4,0,0,'Due',NULL,'2020-04-29 09:23:33','2020-04-29 09:23:33',NULL),
(1082,85,0,2222.00,165,'2020-01-20','2020-01-20','2020-01-20',4,0,0,'Pending',NULL,'2020-04-29 09:23:33','2020-04-29 09:23:33',NULL),
(1081,84,0,3750.00,0,'2020-10-15','2021-10-15',NULL,4,0,0,'Due',NULL,'2020-04-29 08:38:38','2020-04-29 08:38:38',NULL),
(1080,84,0,3750.00,0,'2020-10-15','2021-09-15',NULL,4,0,0,'Due',NULL,'2020-04-29 08:38:38','2020-04-29 08:38:38',NULL),
(1079,84,0,3750.00,0,'2020-10-15','2021-08-15',NULL,4,0,0,'Due',NULL,'2020-04-29 08:38:38','2020-04-29 08:38:38',NULL),
(1078,84,0,3750.00,0,'2020-10-15','2021-07-15',NULL,4,0,0,'Due',NULL,'2020-04-29 08:38:38','2020-04-29 08:38:38',NULL),
(1077,84,0,3750.00,0,'2020-10-15','2021-06-15',NULL,4,0,0,'Due',NULL,'2020-04-29 08:38:38','2020-04-29 08:38:38',NULL),
(1076,84,0,3750.00,0,'2020-10-15','2021-05-15',NULL,4,0,0,'Due',NULL,'2020-04-29 08:38:38','2020-04-29 08:38:38',NULL),
(1075,84,0,3750.00,0,'2020-10-15','2021-04-15',NULL,4,0,0,'Due',NULL,'2020-04-29 08:38:38','2020-04-29 08:38:38',NULL),
(1074,84,0,3750.00,0,'2020-10-15','2021-03-15',NULL,4,0,0,'Due',NULL,'2020-04-29 08:38:38','2020-04-29 08:38:38',NULL),
(1073,84,0,3750.00,0,'2020-10-15','2021-02-15',NULL,4,0,0,'Due',NULL,'2020-04-29 08:38:38','2020-04-29 08:38:38',NULL),
(1072,84,0,3750.00,0,'2020-10-15','2021-01-15',NULL,4,0,0,'Due',NULL,'2020-04-29 08:38:38','2020-04-29 08:38:38',NULL),
(1071,84,0,3750.00,0,'2020-10-15','2020-12-15',NULL,4,0,0,'Due',NULL,'2020-04-29 08:38:38','2020-04-29 08:38:38',NULL),
(1070,84,0,3750.00,0,'2020-10-15','2020-11-15',NULL,4,0,0,'Due',NULL,'2020-04-29 08:38:38','2020-04-29 08:38:38',NULL),
(1069,84,0,5000.00,157,'2020-10-15','2020-10-15','2020-10-15',4,0,0,'Pending',NULL,'2020-04-29 08:38:38','2020-04-29 08:38:38',NULL),
(1068,83,0,84.17,0,'2020-01-08','2021-01-08',NULL,4,0,0,'Due',NULL,'2020-04-29 08:30:54','2020-04-29 08:30:54',NULL),
(1067,83,0,84.17,0,'2020-01-08','2020-12-08',NULL,4,0,0,'Due',NULL,'2020-04-29 08:30:54','2020-04-29 08:30:54',NULL),
(1066,83,0,84.17,0,'2020-01-08','2020-11-08',NULL,4,0,0,'Due',NULL,'2020-04-29 08:30:54','2020-04-29 08:30:54',NULL),
(1065,83,0,84.17,0,'2020-01-08','2020-10-08',NULL,4,0,0,'Due',NULL,'2020-04-29 08:30:54','2020-04-29 08:30:54',NULL),
(1064,83,0,84.17,0,'2020-01-08','2020-09-08',NULL,4,0,0,'Due',NULL,'2020-04-29 08:30:54','2020-04-29 08:30:54',NULL),
(1063,83,0,84.17,0,'2020-01-08','2020-08-08',NULL,4,0,0,'Due',NULL,'2020-04-29 08:30:54','2020-04-29 08:30:54',NULL),
(1062,83,0,84.17,0,'2020-01-08','2020-07-08',NULL,4,0,0,'Due',NULL,'2020-04-29 08:30:54','2020-04-29 08:30:54',NULL),
(1061,83,0,84.17,0,'2020-01-08','2020-06-08',NULL,4,0,0,'Due',NULL,'2020-04-29 08:30:54','2020-04-29 08:30:54',NULL),
(1060,83,0,84.17,0,'2020-01-08','2020-05-08',NULL,4,0,0,'Due',NULL,'2020-04-29 08:30:54','2020-04-29 08:30:54',NULL),
(1059,83,0,84.17,0,'2020-01-08','2020-04-08',NULL,4,0,0,'Due',NULL,'2020-04-29 08:30:54','2020-04-29 08:30:54',NULL),
(1058,83,0,84.17,0,'2020-01-08','2020-03-08',NULL,4,0,0,'Due',NULL,'2020-04-29 08:30:54','2020-04-29 08:30:54',NULL),
(1057,83,0,84.17,0,'2020-01-08','2020-02-08',NULL,4,0,0,'Due',NULL,'2020-04-29 08:30:54','2020-04-29 08:30:54',NULL),
(1056,83,0,100.00,156,'2020-01-08','2020-01-08','2020-01-08',4,0,0,'Pending',NULL,'2020-04-29 08:30:54','2020-04-29 08:30:54',NULL),
(1055,82,0,1250.00,0,'2020-02-11','2021-02-11',NULL,4,0,0,'Due',NULL,'2020-04-28 14:24:19','2020-04-28 14:24:19',NULL),
(1054,82,0,1250.00,0,'2020-02-11','2021-01-11',NULL,4,0,0,'Due',NULL,'2020-04-28 14:24:19','2020-04-28 14:24:19',NULL),
(1053,82,0,1250.00,0,'2020-02-11','2020-12-11',NULL,4,0,0,'Due',NULL,'2020-04-28 14:24:19','2020-04-28 14:24:19',NULL),
(1052,82,0,1250.00,0,'2020-02-11','2020-11-11',NULL,4,0,0,'Due',NULL,'2020-04-28 14:24:19','2020-04-28 14:24:19',NULL),
(1051,82,0,1250.00,0,'2020-02-11','2020-10-11',NULL,4,0,0,'Due',NULL,'2020-04-28 14:24:19','2020-04-28 14:24:19',NULL),
(1050,82,0,1250.00,0,'2020-02-11','2020-09-11',NULL,4,0,0,'Due',NULL,'2020-04-28 14:24:19','2020-04-28 14:24:19',NULL),
(1049,82,0,1250.00,0,'2020-02-11','2020-08-11',NULL,4,0,0,'Due',NULL,'2020-04-28 14:24:19','2020-04-28 14:24:19',NULL),
(1048,82,0,1250.00,0,'2020-02-11','2020-07-11',NULL,4,0,0,'Due',NULL,'2020-04-28 14:24:19','2020-04-28 14:24:19',NULL),
(1047,82,0,1250.00,0,'2020-02-11','2020-06-11',NULL,4,0,0,'Due',NULL,'2020-04-28 14:24:19','2020-04-28 14:24:19',NULL),
(1046,82,0,1250.00,0,'2020-02-11','2020-05-11',NULL,4,0,0,'Due',NULL,'2020-04-28 14:24:19','2020-04-28 14:24:19',NULL),
(1045,82,0,1250.00,0,'2020-02-11','2020-04-11',NULL,4,0,0,'Due',NULL,'2020-04-28 14:24:19','2020-04-28 14:24:19',NULL),
(1044,82,0,1250.00,0,'2020-02-11','2020-03-11',NULL,4,0,0,'Due',NULL,'2020-04-28 14:24:19','2020-04-28 14:24:19',NULL),
(1043,82,0,565.00,155,'2020-02-11','2020-02-11','2020-02-11',4,0,0,'Pending',NULL,'2020-04-28 14:24:19','2020-04-28 14:24:19',NULL),
(1042,81,0,83.75,0,'2020-04-28','2021-04-28',NULL,4,0,0,'Due',NULL,'2020-04-28 14:05:52','2020-04-28 14:05:52',NULL),
(1041,81,0,83.75,0,'2020-04-28','2021-03-28',NULL,4,0,0,'Due',NULL,'2020-04-28 14:05:52','2020-04-28 14:05:52',NULL),
(1040,81,0,83.75,0,'2020-04-28','2021-02-28',NULL,4,0,0,'Due',NULL,'2020-04-28 14:05:52','2020-04-28 14:05:52',NULL),
(1039,81,0,83.75,0,'2020-04-28','2021-01-28',NULL,4,0,0,'Due',NULL,'2020-04-28 14:05:52','2020-04-28 14:05:52',NULL),
(1038,81,0,83.75,0,'2020-04-28','2020-12-28',NULL,4,0,0,'Due',NULL,'2020-04-28 14:05:52','2020-04-28 14:05:52',NULL),
(1037,81,0,83.75,0,'2020-04-28','2020-11-28',NULL,4,0,0,'Due',NULL,'2020-04-28 14:05:52','2020-04-28 14:05:52',NULL),
(1036,81,0,83.75,0,'2020-04-28','2020-10-28',NULL,4,0,0,'Due',NULL,'2020-04-28 14:05:52','2020-04-28 14:05:52',NULL),
(1035,81,0,83.75,0,'2020-04-28','2020-09-28',NULL,4,0,0,'Due',NULL,'2020-04-28 14:05:52','2020-04-28 14:05:52',NULL),
(1034,81,0,83.75,0,'2020-04-28','2020-08-28',NULL,4,0,0,'Due',NULL,'2020-04-28 14:05:52','2020-04-28 14:05:52',NULL),
(1033,81,0,83.75,0,'2020-04-28','2020-07-28',NULL,4,0,0,'Due',NULL,'2020-04-28 14:05:52','2020-04-28 14:05:52',NULL),
(1032,81,0,83.75,0,'2020-04-28','2020-06-28',NULL,4,0,0,'Due',NULL,'2020-04-28 14:05:52','2020-04-28 14:05:52',NULL),
(1031,81,0,83.75,0,'2020-04-28','2020-05-28',NULL,4,0,0,'Due',NULL,'2020-04-28 14:05:52','2020-04-28 14:05:52',NULL),
(1030,81,0,111.00,154,'2020-04-28','2020-04-28','2020-04-28',4,0,0,'Pending',NULL,'2020-04-28 14:05:52','2020-04-28 14:05:52',NULL),
(1029,80,0,83.67,0,'2020-04-28','2021-04-28',NULL,4,0,0,'Due',NULL,'2020-04-28 14:03:12','2020-04-28 14:03:12',NULL),
(1028,80,0,83.67,0,'2020-04-28','2021-03-28',NULL,4,0,0,'Due',NULL,'2020-04-28 14:03:12','2020-04-28 14:03:12',NULL),
(1027,80,0,83.67,0,'2020-04-28','2021-02-28',NULL,4,0,0,'Due',NULL,'2020-04-28 14:03:12','2020-04-28 14:03:12',NULL),
(1026,80,0,83.67,0,'2020-04-28','2021-01-28',NULL,4,0,0,'Due',NULL,'2020-04-28 14:03:12','2020-04-28 14:03:12',NULL),
(1025,80,0,83.67,0,'2020-04-28','2020-12-28',NULL,4,0,0,'Due',NULL,'2020-04-28 14:03:12','2020-04-28 14:03:12',NULL),
(1024,80,0,83.67,0,'2020-04-28','2020-11-28',NULL,4,0,0,'Due',NULL,'2020-04-28 14:03:12','2020-04-28 14:03:12',NULL),
(1023,80,0,83.67,0,'2020-04-28','2020-10-28',NULL,4,0,0,'Due',NULL,'2020-04-28 14:03:12','2020-04-28 14:03:12',NULL),
(1022,80,0,83.67,0,'2020-04-28','2020-09-28',NULL,4,0,0,'Due',NULL,'2020-04-28 14:03:12','2020-04-28 14:03:12',NULL),
(1021,80,0,83.67,0,'2020-04-28','2020-08-28',NULL,4,0,0,'Due',NULL,'2020-04-28 14:03:12','2020-04-28 14:03:12',NULL),
(1020,80,0,83.67,0,'2020-04-28','2020-07-28',NULL,4,0,0,'Due',NULL,'2020-04-28 14:03:12','2020-04-28 14:03:12',NULL),
(1019,80,0,83.67,0,'2020-04-28','2020-06-28',NULL,4,0,0,'Due',NULL,'2020-04-28 14:03:12','2020-04-28 14:03:12',NULL),
(1018,80,0,83.67,0,'2020-04-28','2020-05-28',NULL,4,0,0,'Due',NULL,'2020-04-28 14:03:12','2020-04-28 14:03:12',NULL),
(1017,80,0,111.00,153,'2020-04-28','2020-04-28','2020-04-28',4,0,0,'Pending',NULL,'2020-04-28 14:03:12','2020-04-28 14:03:12',NULL),
(1016,79,0,125.00,0,'2020-04-28','2030-04-28',NULL,4,0,0,'Due',NULL,'2020-04-28 12:47:32','2020-04-28 12:47:32',NULL),
(1015,79,0,125.00,0,'2020-04-28','2030-03-28',NULL,4,0,0,'Due',NULL,'2020-04-28 12:47:32','2020-04-28 12:47:32',NULL),
(1014,79,0,125.00,0,'2020-04-28','2030-02-28',NULL,4,0,0,'Due',NULL,'2020-04-28 12:47:32','2020-04-28 12:47:32',NULL),
(1013,79,0,125.00,0,'2020-04-28','2030-01-28',NULL,4,0,0,'Due',NULL,'2020-04-28 12:47:32','2020-04-28 12:47:32',NULL),
(1012,79,0,125.00,0,'2020-04-28','2029-12-28',NULL,4,0,0,'Due',NULL,'2020-04-28 12:47:32','2020-04-28 12:47:32',NULL),
(1011,79,0,125.00,0,'2020-04-28','2029-11-28',NULL,4,0,0,'Due',NULL,'2020-04-28 12:47:32','2020-04-28 12:47:32',NULL),
(1010,79,0,125.00,0,'2020-04-28','2029-10-28',NULL,4,0,0,'Due',NULL,'2020-04-28 12:47:32','2020-04-28 12:47:32',NULL),
(1009,79,0,125.00,0,'2020-04-28','2029-09-28',NULL,4,0,0,'Due',NULL,'2020-04-28 12:47:32','2020-04-28 12:47:32',NULL),
(1008,79,0,125.00,0,'2020-04-28','2029-08-28',NULL,4,0,0,'Due',NULL,'2020-04-28 12:47:32','2020-04-28 12:47:32',NULL),
(1007,79,0,125.00,0,'2020-04-28','2029-07-28',NULL,4,0,0,'Due',NULL,'2020-04-28 12:47:32','2020-04-28 12:47:32',NULL),
(1006,79,0,125.00,0,'2020-04-28','2029-06-28',NULL,4,0,0,'Due',NULL,'2020-04-28 12:47:32','2020-04-28 12:47:32',NULL),
(1005,79,0,125.00,0,'2020-04-28','2029-05-28',NULL,4,0,0,'Due',NULL,'2020-04-28 12:47:32','2020-04-28 12:47:32',NULL),
(1004,79,0,125.00,0,'2020-04-28','2029-04-28',NULL,4,0,0,'Due',NULL,'2020-04-28 12:47:32','2020-04-28 12:47:32',NULL),
(1003,79,0,125.00,0,'2020-04-28','2029-03-28',NULL,4,0,0,'Due',NULL,'2020-04-28 12:47:32','2020-04-28 12:47:32',NULL),
(1002,79,0,125.00,0,'2020-04-28','2029-02-28',NULL,4,0,0,'Due',NULL,'2020-04-28 12:47:32','2020-04-28 12:47:32',NULL),
(1001,79,0,125.00,0,'2020-04-28','2029-01-28',NULL,4,0,0,'Due',NULL,'2020-04-28 12:47:32','2020-04-28 12:47:32',NULL),
(1000,79,0,125.00,0,'2020-04-28','2028-12-28',NULL,4,0,0,'Due',NULL,'2020-04-28 12:47:32','2020-04-28 12:47:32',NULL),
(999,79,0,125.00,0,'2020-04-28','2028-11-28',NULL,4,0,0,'Due',NULL,'2020-04-28 12:47:32','2020-04-28 12:47:32',NULL),
(998,79,0,125.00,0,'2020-04-28','2028-10-28',NULL,4,0,0,'Due',NULL,'2020-04-28 12:47:32','2020-04-28 12:47:32',NULL),
(997,79,0,125.00,0,'2020-04-28','2028-09-28',NULL,4,0,0,'Due',NULL,'2020-04-28 12:47:32','2020-04-28 12:47:32',NULL),
(996,79,0,125.00,0,'2020-04-28','2028-08-28',NULL,4,0,0,'Due',NULL,'2020-04-28 12:47:32','2020-04-28 12:47:32',NULL),
(995,79,0,125.00,0,'2020-04-28','2028-07-28',NULL,4,0,0,'Due',NULL,'2020-04-28 12:47:32','2020-04-28 12:47:32',NULL),
(994,79,0,125.00,0,'2020-04-28','2028-06-28',NULL,4,0,0,'Due',NULL,'2020-04-28 12:47:32','2020-04-28 12:47:32',NULL),
(993,79,0,125.00,0,'2020-04-28','2028-05-28',NULL,4,0,0,'Due',NULL,'2020-04-28 12:47:32','2020-04-28 12:47:32',NULL),
(992,79,0,125.00,0,'2020-04-28','2028-04-28',NULL,4,0,0,'Due',NULL,'2020-04-28 12:47:32','2020-04-28 12:47:32',NULL),
(991,79,0,125.00,0,'2020-04-28','2028-03-28',NULL,4,0,0,'Due',NULL,'2020-04-28 12:47:32','2020-04-28 12:47:32',NULL),
(990,79,0,125.00,0,'2020-04-28','2028-02-28',NULL,4,0,0,'Due',NULL,'2020-04-28 12:47:32','2020-04-28 12:47:32',NULL),
(989,79,0,125.00,0,'2020-04-28','2028-01-28',NULL,4,0,0,'Due',NULL,'2020-04-28 12:47:32','2020-04-28 12:47:32',NULL),
(988,79,0,125.00,0,'2020-04-28','2027-12-28',NULL,4,0,0,'Due',NULL,'2020-04-28 12:47:32','2020-04-28 12:47:32',NULL),
(987,79,0,125.00,0,'2020-04-28','2027-11-28',NULL,4,0,0,'Due',NULL,'2020-04-28 12:47:32','2020-04-28 12:47:32',NULL),
(986,79,0,125.00,0,'2020-04-28','2027-10-28',NULL,4,0,0,'Due',NULL,'2020-04-28 12:47:32','2020-04-28 12:47:32',NULL),
(985,79,0,125.00,0,'2020-04-28','2027-09-28',NULL,4,0,0,'Due',NULL,'2020-04-28 12:47:32','2020-04-28 12:47:32',NULL),
(984,79,0,125.00,0,'2020-04-28','2027-08-28',NULL,4,0,0,'Due',NULL,'2020-04-28 12:47:32','2020-04-28 12:47:32',NULL),
(983,79,0,125.00,0,'2020-04-28','2027-07-28',NULL,4,0,0,'Due',NULL,'2020-04-28 12:47:32','2020-04-28 12:47:32',NULL),
(982,79,0,125.00,0,'2020-04-28','2027-06-28',NULL,4,0,0,'Due',NULL,'2020-04-28 12:47:32','2020-04-28 12:47:32',NULL),
(981,79,0,125.00,0,'2020-04-28','2027-05-28',NULL,4,0,0,'Due',NULL,'2020-04-28 12:47:32','2020-04-28 12:47:32',NULL),
(980,79,0,125.00,0,'2020-04-28','2027-04-28',NULL,4,0,0,'Due',NULL,'2020-04-28 12:47:32','2020-04-28 12:47:32',NULL),
(979,79,0,125.00,0,'2020-04-28','2027-03-28',NULL,4,0,0,'Due',NULL,'2020-04-28 12:47:32','2020-04-28 12:47:32',NULL),
(978,79,0,125.00,0,'2020-04-28','2027-02-28',NULL,4,0,0,'Due',NULL,'2020-04-28 12:47:32','2020-04-28 12:47:32',NULL),
(977,79,0,125.00,0,'2020-04-28','2027-01-28',NULL,4,0,0,'Due',NULL,'2020-04-28 12:47:32','2020-04-28 12:47:32',NULL),
(976,79,0,125.00,0,'2020-04-28','2026-12-28',NULL,4,0,0,'Due',NULL,'2020-04-28 12:47:32','2020-04-28 12:47:32',NULL),
(975,79,0,125.00,0,'2020-04-28','2026-11-28',NULL,4,0,0,'Due',NULL,'2020-04-28 12:47:32','2020-04-28 12:47:32',NULL),
(974,79,0,125.00,0,'2020-04-28','2026-10-28',NULL,4,0,0,'Due',NULL,'2020-04-28 12:47:32','2020-04-28 12:47:32',NULL),
(973,79,0,125.00,0,'2020-04-28','2026-09-28',NULL,4,0,0,'Due',NULL,'2020-04-28 12:47:32','2020-04-28 12:47:32',NULL),
(972,79,0,125.00,0,'2020-04-28','2026-08-28',NULL,4,0,0,'Due',NULL,'2020-04-28 12:47:32','2020-04-28 12:47:32',NULL),
(971,79,0,125.00,0,'2020-04-28','2026-07-28',NULL,4,0,0,'Due',NULL,'2020-04-28 12:47:32','2020-04-28 12:47:32',NULL),
(970,79,0,125.00,0,'2020-04-28','2026-06-28',NULL,4,0,0,'Due',NULL,'2020-04-28 12:47:32','2020-04-28 12:47:32',NULL),
(969,79,0,125.00,0,'2020-04-28','2026-05-28',NULL,4,0,0,'Due',NULL,'2020-04-28 12:47:32','2020-04-28 12:47:32',NULL),
(968,79,0,125.00,0,'2020-04-28','2026-04-28',NULL,4,0,0,'Due',NULL,'2020-04-28 12:47:32','2020-04-28 12:47:32',NULL),
(967,79,0,125.00,0,'2020-04-28','2026-03-28',NULL,4,0,0,'Due',NULL,'2020-04-28 12:47:32','2020-04-28 12:47:32',NULL),
(966,79,0,125.00,0,'2020-04-28','2026-02-28',NULL,4,0,0,'Due',NULL,'2020-04-28 12:47:32','2020-04-28 12:47:32',NULL),
(965,79,0,125.00,0,'2020-04-28','2026-01-28',NULL,4,0,0,'Due',NULL,'2020-04-28 12:47:32','2020-04-28 12:47:32',NULL),
(964,79,0,125.00,0,'2020-04-28','2025-12-28',NULL,4,0,0,'Due',NULL,'2020-04-28 12:47:32','2020-04-28 12:47:32',NULL),
(963,79,0,125.00,0,'2020-04-28','2025-11-28',NULL,4,0,0,'Due',NULL,'2020-04-28 12:47:32','2020-04-28 12:47:32',NULL),
(962,79,0,125.00,0,'2020-04-28','2025-10-28',NULL,4,0,0,'Due',NULL,'2020-04-28 12:47:32','2020-04-28 12:47:32',NULL),
(961,79,0,125.00,0,'2020-04-28','2025-09-28',NULL,4,0,0,'Due',NULL,'2020-04-28 12:47:32','2020-04-28 12:47:32',NULL),
(960,79,0,125.00,0,'2020-04-28','2025-08-28',NULL,4,0,0,'Due',NULL,'2020-04-28 12:47:32','2020-04-28 12:47:32',NULL),
(959,79,0,125.00,0,'2020-04-28','2025-07-28',NULL,4,0,0,'Due',NULL,'2020-04-28 12:47:32','2020-04-28 12:47:32',NULL),
(958,79,0,125.00,0,'2020-04-28','2025-06-28',NULL,4,0,0,'Due',NULL,'2020-04-28 12:47:32','2020-04-28 12:47:32',NULL),
(957,79,0,125.00,0,'2020-04-28','2025-05-28',NULL,4,0,0,'Due',NULL,'2020-04-28 12:47:32','2020-04-28 12:47:32',NULL),
(956,79,0,125.00,0,'2020-04-28','2025-04-28',NULL,4,0,0,'Due',NULL,'2020-04-28 12:47:32','2020-04-28 12:47:32',NULL),
(955,79,0,125.00,0,'2020-04-28','2025-03-28',NULL,4,0,0,'Due',NULL,'2020-04-28 12:47:32','2020-04-28 12:47:32',NULL),
(954,79,0,125.00,0,'2020-04-28','2025-02-28',NULL,4,0,0,'Due',NULL,'2020-04-28 12:47:32','2020-04-28 12:47:32',NULL),
(953,79,0,125.00,0,'2020-04-28','2025-01-28',NULL,4,0,0,'Due',NULL,'2020-04-28 12:47:32','2020-04-28 12:47:32',NULL),
(952,79,0,125.00,0,'2020-04-28','2024-12-28',NULL,4,0,0,'Due',NULL,'2020-04-28 12:47:32','2020-04-28 12:47:32',NULL),
(951,79,0,125.00,0,'2020-04-28','2024-11-28',NULL,4,0,0,'Due',NULL,'2020-04-28 12:47:32','2020-04-28 12:47:32',NULL),
(950,79,0,125.00,0,'2020-04-28','2024-10-28',NULL,4,0,0,'Due',NULL,'2020-04-28 12:47:32','2020-04-28 12:47:32',NULL),
(949,79,0,125.00,0,'2020-04-28','2024-09-28',NULL,4,0,0,'Due',NULL,'2020-04-28 12:47:32','2020-04-28 12:47:32',NULL),
(948,79,0,125.00,0,'2020-04-28','2024-08-28',NULL,4,0,0,'Due',NULL,'2020-04-28 12:47:32','2020-04-28 12:47:32',NULL),
(947,79,0,125.00,0,'2020-04-28','2024-07-28',NULL,4,0,0,'Due',NULL,'2020-04-28 12:47:32','2020-04-28 12:47:32',NULL),
(946,79,0,125.00,0,'2020-04-28','2024-06-28',NULL,4,0,0,'Due',NULL,'2020-04-28 12:47:32','2020-04-28 12:47:32',NULL),
(945,79,0,125.00,0,'2020-04-28','2024-05-28',NULL,4,0,0,'Due',NULL,'2020-04-28 12:47:32','2020-04-28 12:47:32',NULL),
(944,79,0,125.00,0,'2020-04-28','2024-04-28',NULL,4,0,0,'Due',NULL,'2020-04-28 12:47:32','2020-04-28 12:47:32',NULL),
(943,79,0,125.00,0,'2020-04-28','2024-03-28',NULL,4,0,0,'Due',NULL,'2020-04-28 12:47:32','2020-04-28 12:47:32',NULL),
(942,79,0,125.00,0,'2020-04-28','2024-02-28',NULL,4,0,0,'Due',NULL,'2020-04-28 12:47:32','2020-04-28 12:47:32',NULL),
(941,79,0,125.00,0,'2020-04-28','2024-01-28',NULL,4,0,0,'Due',NULL,'2020-04-28 12:47:32','2020-04-28 12:47:32',NULL),
(940,79,0,125.00,0,'2020-04-28','2023-12-28',NULL,4,0,0,'Due',NULL,'2020-04-28 12:47:32','2020-04-28 12:47:32',NULL),
(939,79,0,125.00,0,'2020-04-28','2023-11-28',NULL,4,0,0,'Due',NULL,'2020-04-28 12:47:32','2020-04-28 12:47:32',NULL),
(938,79,0,125.00,0,'2020-04-28','2023-10-28',NULL,4,0,0,'Due',NULL,'2020-04-28 12:47:32','2020-04-28 12:47:32',NULL),
(937,79,0,125.00,0,'2020-04-28','2023-09-28',NULL,4,0,0,'Due',NULL,'2020-04-28 12:47:32','2020-04-28 12:47:32',NULL),
(936,79,0,125.00,0,'2020-04-28','2023-08-28',NULL,4,0,0,'Due',NULL,'2020-04-28 12:47:32','2020-04-28 12:47:32',NULL),
(935,79,0,125.00,0,'2020-04-28','2023-07-28',NULL,4,0,0,'Due',NULL,'2020-04-28 12:47:32','2020-04-28 12:47:32',NULL),
(934,79,0,125.00,0,'2020-04-28','2023-06-28',NULL,4,0,0,'Due',NULL,'2020-04-28 12:47:32','2020-04-28 12:47:32',NULL),
(933,79,0,125.00,0,'2020-04-28','2023-05-28',NULL,4,0,0,'Due',NULL,'2020-04-28 12:47:32','2020-04-28 12:47:32',NULL),
(932,79,0,125.00,0,'2020-04-28','2023-04-28',NULL,4,0,0,'Due',NULL,'2020-04-28 12:47:32','2020-04-28 12:47:32',NULL),
(931,79,0,125.00,0,'2020-04-28','2023-03-28',NULL,4,0,0,'Due',NULL,'2020-04-28 12:47:32','2020-04-28 12:47:32',NULL),
(930,79,0,125.00,0,'2020-04-28','2023-02-28',NULL,4,0,0,'Due',NULL,'2020-04-28 12:47:32','2020-04-28 12:47:32',NULL),
(929,79,0,125.00,0,'2020-04-28','2023-01-28',NULL,4,0,0,'Due',NULL,'2020-04-28 12:47:32','2020-04-28 12:47:32',NULL),
(928,79,0,125.00,0,'2020-04-28','2022-12-28',NULL,4,0,0,'Due',NULL,'2020-04-28 12:47:32','2020-04-28 12:47:32',NULL),
(927,79,0,125.00,0,'2020-04-28','2022-11-28',NULL,4,0,0,'Due',NULL,'2020-04-28 12:47:32','2020-04-28 12:47:32',NULL),
(926,79,0,125.00,0,'2020-04-28','2022-10-28',NULL,4,0,0,'Due',NULL,'2020-04-28 12:47:32','2020-04-28 12:47:32',NULL),
(925,79,0,125.00,0,'2020-04-28','2022-09-28',NULL,4,0,0,'Due',NULL,'2020-04-28 12:47:32','2020-04-28 12:47:32',NULL),
(924,79,0,125.00,0,'2020-04-28','2022-08-28',NULL,4,0,0,'Due',NULL,'2020-04-28 12:47:32','2020-04-28 12:47:32',NULL),
(923,79,0,125.00,0,'2020-04-28','2022-07-28',NULL,4,0,0,'Due',NULL,'2020-04-28 12:47:32','2020-04-28 12:47:32',NULL),
(922,79,0,125.00,0,'2020-04-28','2022-06-28',NULL,4,0,0,'Due',NULL,'2020-04-28 12:47:32','2020-04-28 12:47:32',NULL),
(921,79,0,125.00,0,'2020-04-28','2022-05-28',NULL,4,0,0,'Due',NULL,'2020-04-28 12:47:32','2020-04-28 12:47:32',NULL),
(920,79,0,125.00,0,'2020-04-28','2022-04-28',NULL,4,0,0,'Due',NULL,'2020-04-28 12:47:32','2020-04-28 12:47:32',NULL),
(919,79,0,125.00,0,'2020-04-28','2022-03-28',NULL,4,0,0,'Due',NULL,'2020-04-28 12:47:32','2020-04-28 12:47:32',NULL),
(918,79,0,125.00,0,'2020-04-28','2022-02-28',NULL,4,0,0,'Due',NULL,'2020-04-28 12:47:32','2020-04-28 12:47:32',NULL),
(917,79,0,125.00,0,'2020-04-28','2022-01-28',NULL,4,0,0,'Due',NULL,'2020-04-28 12:47:32','2020-04-28 12:47:32',NULL),
(916,79,0,125.00,0,'2020-04-28','2021-12-28',NULL,4,0,0,'Due',NULL,'2020-04-28 12:47:32','2020-04-28 12:47:32',NULL),
(915,79,0,125.00,0,'2020-04-28','2021-11-28',NULL,4,0,0,'Due',NULL,'2020-04-28 12:47:32','2020-04-28 12:47:32',NULL),
(914,79,0,125.00,0,'2020-04-28','2021-10-28',NULL,4,0,0,'Due',NULL,'2020-04-28 12:47:32','2020-04-28 12:47:32',NULL),
(913,79,0,125.00,0,'2020-04-28','2021-09-28',NULL,4,0,0,'Due',NULL,'2020-04-28 12:47:32','2020-04-28 12:47:32',NULL),
(912,79,0,125.00,0,'2020-04-28','2021-08-28',NULL,4,0,0,'Due',NULL,'2020-04-28 12:47:32','2020-04-28 12:47:32',NULL),
(911,79,0,125.00,0,'2020-04-28','2021-07-28',NULL,4,0,0,'Due',NULL,'2020-04-28 12:47:32','2020-04-28 12:47:32',NULL),
(910,79,0,125.00,0,'2020-04-28','2021-06-28',NULL,4,0,0,'Due',NULL,'2020-04-28 12:47:32','2020-04-28 12:47:32',NULL),
(909,79,0,125.00,0,'2020-04-28','2021-05-28',NULL,4,0,0,'Due',NULL,'2020-04-28 12:47:32','2020-04-28 12:47:32',NULL),
(908,79,0,125.00,0,'2020-04-28','2021-04-28',NULL,4,0,0,'Due',NULL,'2020-04-28 12:47:32','2020-04-28 12:47:32',NULL),
(907,79,0,125.00,0,'2020-04-28','2021-03-28',NULL,4,0,0,'Due',NULL,'2020-04-28 12:47:32','2020-04-28 12:47:32',NULL),
(906,79,0,125.00,0,'2020-04-28','2021-02-28',NULL,4,0,0,'Due',NULL,'2020-04-28 12:47:32','2020-04-28 12:47:32',NULL),
(905,79,0,125.00,0,'2020-04-28','2021-01-28',NULL,4,0,0,'Due',NULL,'2020-04-28 12:47:32','2020-04-28 12:47:32',NULL),
(904,79,0,125.00,0,'2020-04-28','2020-12-28',NULL,4,0,0,'Due',NULL,'2020-04-28 12:47:32','2020-04-28 12:47:32',NULL),
(903,79,0,125.00,0,'2020-04-28','2020-11-28',NULL,4,0,0,'Due',NULL,'2020-04-28 12:47:32','2020-04-28 12:47:32',NULL),
(902,79,0,125.00,0,'2020-04-28','2020-10-28',NULL,4,0,0,'Due',NULL,'2020-04-28 12:47:32','2020-04-28 12:47:32',NULL),
(901,79,0,125.00,0,'2020-04-28','2020-09-28',NULL,4,0,0,'Due',NULL,'2020-04-28 12:47:32','2020-04-28 12:47:32',NULL),
(900,79,0,125.00,0,'2020-04-28','2020-08-28',NULL,4,0,0,'Due',NULL,'2020-04-28 12:47:32','2020-04-28 12:47:32',NULL),
(899,79,0,125.00,0,'2020-04-28','2020-07-28',NULL,4,0,0,'Due',NULL,'2020-04-28 12:47:32','2020-04-28 12:47:32',NULL),
(898,79,0,125.00,0,'2020-04-28','2020-06-28',NULL,4,0,0,'Due',NULL,'2020-04-28 12:47:32','2020-04-28 12:47:32',NULL),
(897,79,0,125.00,0,'2020-04-28','2020-05-28',NULL,4,0,0,'Due',NULL,'2020-04-28 12:47:32','2020-04-28 12:47:32',NULL),
(896,79,0,555.50,151,'2020-04-28','2020-04-28','2020-04-28',4,0,0,'Pending',NULL,'2020-04-28 12:47:32','2020-04-28 12:47:32',NULL),
(895,78,0,10000.00,0,'2020-04-28','2021-04-28',NULL,2,0,0,'Due',NULL,'2020-04-28 11:27:00','2020-04-28 11:27:00',NULL),
(894,78,0,10000.00,0,'2020-04-28','2021-03-28',NULL,2,0,0,'Due',NULL,'2020-04-28 11:27:00','2020-04-28 11:27:00',NULL),
(893,78,0,10000.00,0,'2020-04-28','2021-02-28',NULL,2,0,0,'Due',NULL,'2020-04-28 11:27:00','2020-04-28 11:27:00',NULL),
(892,78,0,10000.00,0,'2020-04-28','2021-01-28',NULL,2,0,0,'Due',NULL,'2020-04-28 11:27:00','2020-04-28 11:27:00',NULL),
(891,78,0,10000.00,0,'2020-04-28','2020-12-28',NULL,2,0,0,'Due',NULL,'2020-04-28 11:27:00','2020-04-28 11:27:00',NULL),
(890,78,0,10000.00,0,'2020-04-28','2020-11-28',NULL,2,0,0,'Due',NULL,'2020-04-28 11:27:00','2020-04-28 11:27:00',NULL),
(889,78,0,10000.00,0,'2020-04-28','2020-10-28',NULL,2,0,0,'Due',NULL,'2020-04-28 11:27:00','2020-04-28 11:27:00',NULL),
(888,78,0,10000.00,0,'2020-04-28','2020-09-28',NULL,2,0,0,'Due',NULL,'2020-04-28 11:27:00','2020-04-28 11:27:00',NULL),
(887,78,0,10000.00,0,'2020-04-28','2020-08-28',NULL,2,0,0,'Due',NULL,'2020-04-28 11:27:00','2020-04-28 11:27:00',NULL),
(886,78,0,10000.00,0,'2020-04-28','2020-07-28',NULL,2,0,0,'Due',NULL,'2020-04-28 11:27:00','2020-04-28 11:27:00',NULL),
(884,78,0,10000.00,0,'2020-04-28','2020-05-28',NULL,2,0,0,'Due',NULL,'2020-04-28 11:27:00','2020-04-28 11:27:00',NULL),
(885,78,0,10000.00,0,'2020-04-28','2020-06-28',NULL,2,0,0,'Due',NULL,'2020-04-28 11:27:00','2020-04-28 11:27:00',NULL),
(883,78,0,30000.00,150,'2020-04-28','2020-04-28','2020-04-28',2,0,0,'Pending',NULL,'2020-04-28 11:27:00','2020-04-28 11:27:00',NULL);

/*Table structure for table `customers` */

DROP TABLE IF EXISTS `customers`;

CREATE TABLE `customers` (
  `id` bigint(20) unsigned NOT NULL AUTO_INCREMENT,
  `user_id` int(11) NOT NULL DEFAULT '0',
  `name` varchar(191) COLLATE utf8mb4_unicode_ci NOT NULL,
  `username` varchar(191) COLLATE utf8mb4_unicode_ci NOT NULL,
  `fathers_name` varchar(191) COLLATE utf8mb4_unicode_ci DEFAULT NULL,
  `dob` date DEFAULT NULL,
  `age` varchar(191) COLLATE utf8mb4_unicode_ci DEFAULT NULL,
  `sex` enum('Male','Female') COLLATE utf8mb4_unicode_ci NOT NULL DEFAULT 'Male',
  `nationality` varchar(191) COLLATE utf8mb4_unicode_ci NOT NULL DEFAULT 'Indian',
  `mobile` varchar(191) COLLATE utf8mb4_unicode_ci DEFAULT NULL,
  `email` varchar(191) COLLATE utf8mb4_unicode_ci DEFAULT NULL,
  `address` text COLLATE utf8mb4_unicode_ci,
  `photo` varchar(191) COLLATE utf8mb4_unicode_ci DEFAULT NULL,
  `nominee_name` varchar(191) COLLATE utf8mb4_unicode_ci DEFAULT NULL,
  `nominee_age` varchar(191) COLLATE utf8mb4_unicode_ci DEFAULT NULL,
  `nominee_dob` date DEFAULT NULL,
  `nominee_relation` varchar(191) COLLATE utf8mb4_unicode_ci DEFAULT NULL,
  `nominee_sex` enum('Male','Female') COLLATE utf8mb4_unicode_ci NOT NULL DEFAULT 'Male',
  `nominee_address` text COLLATE utf8mb4_unicode_ci,
  `payment_mode` varchar(191) COLLATE utf8mb4_unicode_ci DEFAULT NULL,
  `account_number` varchar(191) COLLATE utf8mb4_unicode_ci DEFAULT NULL,
  `branch_name` varchar(191) COLLATE utf8mb4_unicode_ci DEFAULT NULL,
  `ifsc_code` varchar(191) COLLATE utf8mb4_unicode_ci DEFAULT NULL,
  `account_holder_name` varchar(191) COLLATE utf8mb4_unicode_ci DEFAULT NULL,
  `bank_name` varchar(191) COLLATE utf8mb4_unicode_ci DEFAULT NULL,
  `created_by` int(11) NOT NULL DEFAULT '0',
  `updated_by` int(11) NOT NULL DEFAULT '0',
  `deleted_by` int(11) NOT NULL DEFAULT '0',
  `created_at` timestamp NULL DEFAULT NULL,
  `updated_at` timestamp NULL DEFAULT NULL,
  `deleted_at` timestamp NULL DEFAULT NULL,
  PRIMARY KEY (`id`)
) ENGINE=MyISAM AUTO_INCREMENT=78 DEFAULT CHARSET=utf8mb4 COLLATE=utf8mb4_unicode_ci;

/*Data for the table `customers` */

insert  into `customers`(`id`,`user_id`,`name`,`username`,`fathers_name`,`dob`,`age`,`sex`,`nationality`,`mobile`,`email`,`address`,`photo`,`nominee_name`,`nominee_age`,`nominee_dob`,`nominee_relation`,`nominee_sex`,`nominee_address`,`payment_mode`,`account_number`,`branch_name`,`ifsc_code`,`account_holder_name`,`bank_name`,`created_by`,`updated_by`,`deleted_by`,`created_at`,`updated_at`,`deleted_at`) values 
(1,2,'Rohan Mathur','OC0001','Ramesh Mathur','1997-03-03','22','Male','Indian','1234567890','rohan.mathur@sapple.co.in','sector-75 noida','1_cust1584363347.png','Shashank','24','1995-03-03','Brother','Male','noida','Cheque','12345678','Noida','jadjas2323','Rohan','ICICI',1,0,2,'2020-03-16 12:55:47','2020-03-17 04:58:28','2020-03-17 04:58:28'),
(2,2,'Sonam Gupta','OC0002','Sunil Gupta','2020-03-16','1','Female','Indian','9999999999','sonam@gmail.com','Mamura Chowk','2_cust1584422213.png','Sunil Gupta','1','2020-03-16','Father','Male','Mamura Chowk','Cheque','undefined','Sector 63','undefined','undefined','undefined',1,1,0,'2020-03-16 14:03:37','2020-03-26 07:00:12',NULL),
(3,2,'Mahesh Babu','OC0003','Amrita','2020-03-10','10','Male','Indian','6666666666','mahesh.babu@gmail.com','Tamilnadu','3_cust1584420335.png','Amrita','10','2020-03-16','Sister','Female','Tamilnadu','Cash','56576865454','Sector 63','HDFC0004343','Mahesh Babu (Actor)','HDFC',2,2,0,'2020-03-17 04:45:35','2020-03-17 05:17:34',NULL),
(4,11,'afshan','OC0004','father afshan','2020-03-15','45','Male','indian','7251095312','afshan@gmail.com','dsad','4_cust1584428114.png','dfsc','21','2020-03-03','Nephew','Male','defcdsfv','Cheque','66546','icici sector 63','icici009','87854455454','icici',11,0,0,'2020-03-17 06:55:14','2020-03-17 06:55:14',NULL),
(5,12,'Gautam ','OC0005','dddd','2020-03-09','45','Female','indian','7251095312','sdsdi.gupta@sapple.co.in','dc','5_cust1584429653.png','sadcs','45','2020-03-09','Son','Male','defcdsfv','Cheque','66546','icici sector 63','icici009','744554544','icicisad',12,0,0,'2020-03-17 07:20:53','2020-03-17 07:20:53',NULL),
(6,13,'akshita','OC0006','rbhg','2020-03-01','25','Female','indian','72510953188','akshita@gmail.com','defvdsvfvb','6_cust1584430768.png','edcfdsvbfg','21','2020-03-10','Sister','Female','gvbfbn fgv n','DD','86787666565','sikhio','tgbfrbg4','rfregtr','icici',13,0,0,'2020-03-17 07:39:28','2020-03-17 07:39:28',NULL),
(65,22,'Neha','OC0065','Rakesh','1992-01-29','28','Female','Indian','9810198101','puneet.nawani@sapple.co.in','Noida','65_cust1586435064.jpg','Asha','53','1967-02-18','Mother','Female','Delhi','Cheque','8888888888','Noida sector 18','HDFC1223','Neha Raturi','HDFC BANK LTD',1,0,0,'2020-04-09 12:24:24','2020-04-09 12:24:24',NULL),
(64,37,'C - BT','OC0064','F','2001-03-01','19','Male','Indian','9999999999','c1@gmail.com','noida','64_cust1586430499.jpg','n','19','2001-03-01','Mother','Male','noida','Cash','undefined',NULL,'undefined','Cus','undefined',37,0,0,'2020-04-09 11:08:19','2020-04-09 11:08:19',NULL),
(63,3,'Bhupender','OC0063','HariPrakashPal','1983-12-16','36','Male','Indian','1234567890','bhupender@gmail.com','delhi','63_cust1586263150.jpg','Manojpal','33','1986-09-13','Brother','Male','Ghaziabad','Cash','undefined',NULL,'undefined','undefined','undefined',1,1,0,'2020-04-07 12:36:39','2020-04-07 12:39:10',NULL),
(62,24,'Customer1 of Abhishek','OC0062','customer 1 Father','1964-07-01','60','Male','Indian','9899627500','customer1@sapple.co.in','prayagraj',NULL,'Customer1 Nominee','1','2020-03-30','Son','Male','same','Cash','undefined',NULL,'undefined','Customer1 of Abhishek','undefined',22,0,0,'2020-04-06 05:43:11','2020-04-06 05:43:11',NULL),
(61,4,'renu gupta','OC0061','bal kishan gupta','2020-03-16','45','Female','indian','5284225641','renu@ttgh.vom','phatak mohalla',NULL,'dhruv gupta','7','2020-03-09','Daughter','Male','kaiyaganj','Cash','undefined',NULL,'undefined','5852841252525','undefined',1,0,0,'2020-03-27 10:52:25','2020-03-27 10:52:25',NULL),
(60,4,'shruti gupta','OC0060','ram','2020-03-30','19','Female','indian','4477547855','shruti@gmail.com','phatak mohalla','60_cust1585305895.jpg','dhruv gupta','7','2020-02-23','Brother','Male','kaiyaganj','Cash','undefined',NULL,'undefined','57421452154','undefined',1,0,0,'2020-03-27 10:44:55','2020-03-27 10:44:55',NULL),
(57,3,'Anita Waldia','OC0057','Rohan Singh Sawant','2020-03-02','33','Female','Indian','4654654654','anita@gmail.com','karol bagh','57_cust1584959712.png','ankit','23','2020-02-24','Brother','Male','karol bagh','Online','123654',NULL,'hh33','Demo','undefined',3,3,0,'2020-03-23 10:35:12','2020-03-23 16:30:53',NULL),
(58,3,'Vishal','OC0058','Rajesh','2020-03-23','20','Male','Indian','9999999999','vishal@gmail.com','Noida','58_cust1584963587.png','Rita','30','2020-03-16','Mother','Female','Noida','Cash','undefined',NULL,'undefined','Vishal','undefined',3,0,0,'2020-03-23 11:39:47','2020-03-23 11:39:47',NULL),
(59,3,'Ritu Sharma','OC0059','Kapil Sharma','2020-03-02','35','Female','Indian','9966335588','ritu@gmail.com','Gour city','59_cust1585221510.png','meenakshi pal','30','2020-03-16','Sister','Male','noida','Cash','undefined',NULL,'undefined','undefined','undefined',1,1,0,'2020-03-26 11:18:30','2020-03-26 11:21:15',NULL),
(50,2,'Srikant','OC0050','Srikant','2020-03-23','10','Male','Indian','8920661892','Srikant@gmail.com','Noida',NULL,'SSS','12','2020-03-23','Mother','Female','Delhi','Cash',NULL,NULL,NULL,'Srikant',NULL,2,0,0,'2020-03-23 07:00:39','2020-03-23 07:00:39',NULL),
(49,2,'Yogesh Gehlot','OC0049','Sheela Gehlot','2020-03-01','10','Female','Indian','9632587410','yogesh.gehlot@gmail.com','Delhi','49_cust1584854772.jpg','Kishor Gehlot','12','2020-03-01','Son','Male','Delhi','Cheque','0033658974445621','Sector 63','IDFC0002145','Yogesh Gehlot','IDFC',2,0,0,'2020-03-22 05:26:12','2020-03-22 05:26:12',NULL),
(48,14,'renu gupta','OC0048','bal kishan gupta','2020-03-02','45','Female','indian','5845455888','shruti@gmail.com','phatak mohalla',NULL,'dhruv gupta','7','2020-03-20','Son','Male','kaiyaganj','Cheque','8542824','fhdgrht','swad15454','n','iciic',13,0,0,'2020-03-19 14:23:48','2020-03-19 14:23:48',NULL),
(47,13,'shruti gupta','OC0047','ram','2020-03-18','19','Female','indian','7758555252','shruti@gmail.com','national pg hostel',NULL,'sakshi gupta','22','2020-03-25','Sister','Female','sector 62','Cash',NULL,NULL,NULL,'shruti gupta',NULL,13,0,0,'2020-03-19 14:18:51','2020-03-19 14:18:51',NULL),
(46,3,'sangeeta bisht','OC0046','mahesh bist','2020-03-10','35','Female','indian','1234567890','sangeta@gmail.com','delhi','46_cust1584625867.png','bharti','21','2020-03-02','Daughter','Female','delhi','Cheque','123456789','noida','hgjgjh','sangeeta bisht','icici',3,0,0,'2020-03-19 13:51:07','2020-03-19 13:51:07',NULL),
(43,3,'Uddeshia pal','OC0043','Mukesh pal','2009-03-03','11','Male','Indian','9911112750','uddeshia@gmail.com','Ghazaibad','43_cust1584534935.png','sangeeta pal','35','2020-03-10','Mother','Male','indrapuram','Cash',NULL,NULL,NULL,'uddeshia',NULL,3,3,0,'2020-03-18 12:35:35','2020-03-18 13:33:03',NULL),
(44,15,'Shikha','OC0044','Ritesh','2020-03-18','12','Female','Indian','9999999999','shikha@gmail.com','Noida',NULL,'Ramessh','23','2020-03-15','Father','Male','Noida','Cheque','3456788765456','SBI','SBI0005885','Shikha','SBI',15,0,0,'2020-03-19 04:05:21','2020-03-19 04:05:21',NULL),
(42,4,'bhawna bist','OC0042','harshvardan bist','2020-03-02','23','Female','indian','1234567890','bhawna@gmail.com','indrapuram','42_cust1584533856.png','kartik','12','2020-03-02','Aunt','Male','ghazaibad','Online','42243432423',NULL,'asds23','bhawan',NULL,3,3,0,'2020-03-18 11:31:34','2020-03-18 12:17:36',NULL),
(45,15,'Shikha Srivastava','OC0045','Ritesh Srivastava','2020-03-19','22','Female','Indian','9632587410','shikhasrivastava@gmail.com','Noida','45_cust1584590908.jpg','Ramessh Chandra','55','2020-03-15','Father','Male','Noida','Cheque','3456788765456','SBI','SBI0005885','Shikha','SBI',15,15,0,'2020-03-19 04:06:17','2020-03-19 04:08:28',NULL),
(39,3,'manoj pal','OC0039','veer  singh pal','2020-03-02','32','Male','indian','1234567890','manoj@gmail.com','ghazaibad','39_cust1584528731.png','manik pal','4','2020-03-03','Son','Male','ghazaibad','Cheque','13131123311','noida','sadas2323','manoj','ICICI',3,3,0,'2020-03-18 08:51:23','2020-03-18 12:26:57',NULL),
(38,3,'manoj pal','OC0038','veer  pal','2020-03-02','33','Male','indian','1234567890','manoj@gmail.com','ghazaibad','38_cust1584521411.png','manik','3','2020-03-03','Father','Male','ghazaibad','Cheque','13131123311','noida','sadas2323','manoj','ICICI',3,0,0,'2020-03-18 08:50:11','2020-03-18 08:50:11',NULL),
(37,3,'manoj pal','OC0037','veer  pal','2020-03-02','33','Male','indian','1234567890','manoj@gmail.com','ghazaibad','37_cust1584521381.png','manik','3','2020-03-03','Father','Male','ghazaibad','Cheque','13131123311','noida','sadas2323','manoj','ICICI',3,0,0,'2020-03-18 08:49:41','2020-03-18 08:49:41',NULL),
(36,3,'manoj pal','OC0036','veer  pal','2020-03-02','33','Male','indian','1234567890','manoj@gmail.com','ghazaibad','36_cust1584521152.png','manik','3','2020-03-03','Father','Male','ghazaibad','Cheque','13131123311','noida','sadas2323','manoj','ICICI',3,0,0,'2020-03-18 08:45:52','2020-03-18 08:45:52',NULL),
(66,2,'Shivam','OC0066','F','2010-02-01','10','Male','Indian','9999999999','shivam@gmail.com','gzb','66_cust1587903591.jpg','SS','31','1989-01-01','Mother','Female','GZB','Cash','undefined',NULL,'undefined','Shivam','undefined',2,0,0,'2020-04-26 12:19:51','2020-04-26 12:19:51',NULL),
(67,2,'Ravi Kant','OC0067','Ram Nishad','1986-01-01','34','Male','Indian','8956234170','ravikant@gmail.com','Delhi','67_cust1587906173.jpeg','Savita','61','1959-01-01','Mother','Female','Janak Puri','Cheque','32145698701','SBI Sector 63','SBI0005828','Ravi Kant','SBI',2,0,0,'2020-04-26 13:02:53','2020-04-26 13:02:53',NULL),
(68,2,'Swami','OC0068','Narayan','2020-04-01',NULL,'Male','Indian','9999999999','swami@gmail.com','noida','68_cust1587907643.jpg','Sesh',NULL,'2020-04-26','Brother','Male','noida','Cash','undefined',NULL,'undefined','Swami','undefined',2,0,0,'2020-04-26 13:27:23','2020-04-26 13:27:23',NULL),
(69,4,'sonika sharma','OC0069','sudeep sharma','1989-01-10','31','Female','Indian','7485129644','sonika.sharma@gmail.com','noida','69_cust1587972668.jpg','sudeep sharma','61','1959-03-04','Father','Male','gurgaon','Cash','undefined',NULL,'undefined','sonika sharma','undefined',4,0,0,'2020-04-27 07:31:08','2020-04-27 07:31:08',NULL),
(70,4,'Rhonit kumar','OC0070','pradeep kumar','2002-03-09','18','Male','Indian','8743225652','rhonit.kumar@gmail.com','mugalsarai','70_cust1587974058.jpg','prashant kumar','22','1998-03-17','Brother','Male','grtr noida','Cash','undefined',NULL,'undefined','rhonit','undefined',4,0,0,'2020-04-27 07:54:18','2020-04-27 07:54:18',NULL),
(71,4,'monika verma','OC0071','moham verma','1950-07-20','69','Female','indian','7455415441','monika.verma@gmail.com','noida','71_cust1587979881.jpg','safal verma','29','1990-07-26','Brother','Male','hathras','Online','5178585241245235',NULL,'icici2582583','monika','undefined',4,0,0,'2020-04-27 09:31:21','2020-04-27 09:31:21',NULL),
(72,4,'saksham sinha','OC0072','ram sinha','1970-11-04','49','Male','indian','6922211414','saksham@gmail.com','indore','72_cust1587980142.png','seema','11','2009-03-04','Sister','Female','palampur','Cash','undefined',NULL,'undefined','saksham sinha','undefined',4,0,0,'2020-04-27 09:35:42','2020-04-27 09:35:42',NULL),
(73,4,'devendra kumar gupta','OC0073','ramesh chandra gupta','1989-10-14','30','Male','indian','8745129562','dg309@gmail.com','bahraich','73_cust1588078051.jpg','aprajita gupta',NULL,'2019-11-25','Daughter','Female','bahraich','Cash','undefined',NULL,'undefined','devendra kumar gupta','undefined',4,0,0,'2020-04-28 12:47:31','2020-04-28 12:47:31',NULL),
(74,4,'Umang Agarwal','OC0074','umesh agarwal','1987-11-30','32','Male','Indian','8741529635','umang@gmail.com','lucknow','74_cust1588082590.jpg','uday agarwal','4','2015-11-18','Son','Male','lucknow','Cash','undefined',NULL,'undefined','umang agarwal','undefined',4,0,0,'2020-04-28 14:03:10','2020-04-28 14:03:10',NULL),
(75,4,'raju','OC0075','sanju','1994-07-06','25','Male','indian','4858235821','raju','indore','75_cust1588149052.jpg','deepa','15','2004-11-18','Sister','Female','indore','Cash','undefined',NULL,'undefined','raju','undefined',4,0,0,'2020-04-29 08:30:52','2020-04-29 08:30:52',NULL),
(76,4,'saumya','OC0076','ram','1969-03-11','51','Female','Indian','7445852545','saumya@','rampur',NULL,NULL,NULL,NULL,NULL,'Male',NULL,NULL,NULL,NULL,NULL,NULL,NULL,4,0,0,'2020-04-29 08:38:35','2020-04-29 08:38:35',NULL),
(77,4,'Suresh','OC0077','Mahesh','1989-01-01','31','Male','Indian','9632587410','suresh@gmail.com','Delhi','77_cust1588152213.jpg','Mahesh','61','1959-01-04','Father','Male','Delhi','Cheque','32589674125','ICICI Noida Sector 63','ICICI0004567','Suresh','ICICI',4,0,0,'2020-04-29 09:23:33','2020-04-29 09:23:33',NULL);

/*Table structure for table `designations` */

DROP TABLE IF EXISTS `designations`;

CREATE TABLE `designations` (
  `id` bigint(20) unsigned NOT NULL AUTO_INCREMENT,
  `designation` varchar(191) COLLATE utf8mb4_unicode_ci NOT NULL,
  `left_amount` double NOT NULL,
  `right_amount` double NOT NULL,
  `created_at` timestamp NULL DEFAULT NULL,
  `updated_at` timestamp NULL DEFAULT NULL,
  `deleted_at` timestamp NULL DEFAULT NULL,
  PRIMARY KEY (`id`)
) ENGINE=MyISAM AUTO_INCREMENT=18 DEFAULT CHARSET=utf8mb4 COLLATE=utf8mb4_unicode_ci;

/*Data for the table `designations` */

insert  into `designations`(`id`,`designation`,`left_amount`,`right_amount`,`created_at`,`updated_at`,`deleted_at`) values 
(1,'Channel Partner (CP)',3850,3850,NULL,NULL,NULL),
(2,'Sales Executive (SE)',77000,77000,NULL,NULL,NULL),
(3,'Active Channel Partner (ACP)',154000,154000,NULL,NULL,NULL),
(4,'Asst. Team Leader (ATL)',385000,385000,NULL,NULL,NULL),
(5,'Team Leader( TL)',577000,577000,NULL,NULL,NULL),
(6,'Senior Team Leader (STL)',770000,770000,NULL,NULL,NULL),
(7,'Pearl Executive (PE)',1155000,1155000,NULL,NULL,NULL),
(8,'Emereld Executive (EE)',1925000,1925000,NULL,NULL,NULL),
(9,'Gold Executive (GE)',3850000,3850000,NULL,NULL,NULL),
(10,'Business Development Manager (BDM)',7700000,7700000,NULL,NULL,NULL),
(11,'Senior Business Development Manager (SBDM)',19300000,19300000,NULL,NULL,NULL),
(12,'Platinum Executive (PE)',38500000,38500000,NULL,NULL,NULL),
(13,'Diamond Executive (DE)',77000000,77000000,NULL,NULL,NULL),
(14,'Blue Diamond Executive',192500000,192500000,NULL,NULL,NULL),
(15,'Vice President',385000000,385000000,NULL,NULL,NULL),
(16,'President',770000000,770000000,NULL,NULL,NULL),
(17,'Crown President',1155000000,1155000000,NULL,NULL,NULL);

/*Table structure for table `distributor_recived_product` */

DROP TABLE IF EXISTS `distributor_recived_product`;

CREATE TABLE `distributor_recived_product` (
  `id` bigint(20) unsigned NOT NULL AUTO_INCREMENT,
  `product_id` int(11) NOT NULL,
  `distributor_id` int(11) NOT NULL,
  `quantity` int(11) NOT NULL,
  `created_at` timestamp NULL DEFAULT NULL,
  `updated_at` timestamp NULL DEFAULT NULL,
  PRIMARY KEY (`id`)
) ENGINE=MyISAM DEFAULT CHARSET=utf8mb4 COLLATE=utf8mb4_unicode_ci;

/*Data for the table `distributor_recived_product` */

/*Table structure for table `e_wallet_transactions` */

DROP TABLE IF EXISTS `e_wallet_transactions`;

CREATE TABLE `e_wallet_transactions` (
  `id` bigint(20) unsigned NOT NULL AUTO_INCREMENT,
  `user_id` int(11) NOT NULL,
  `amount` decimal(10,2) NOT NULL DEFAULT '0.00',
  `type` enum('Cr','Dr','') COLLATE utf8mb4_unicode_ci NOT NULL DEFAULT '' COMMENT 'Credit what comes in the wallet, debit what goes out from the wallet.',
  `description` text COLLATE utf8mb4_unicode_ci,
  `inserted_by` int(11) NOT NULL DEFAULT '0',
  `trans_type` enum('1','2','3','4') COLLATE utf8mb4_unicode_ci NOT NULL COMMENT '1 is load(Cr), 2 is wallet transfer(Cr), 3 is coupon generated(Dr), 4 is wallet transfer(Dr)',
  `trans_type2` varchar(191) COLLATE utf8mb4_unicode_ci DEFAULT NULL COMMENT 'This column is to indentify what kind of transaction it is. It can be either RS (Real State) or FMCG',
  `coupon_id` int(11) NOT NULL,
  `transfer_id` int(11) NOT NULL DEFAULT '0' COMMENT 'To whos account money got transferred',
  `created_at` timestamp NULL DEFAULT NULL,
  `updated_at` timestamp NULL DEFAULT NULL,
  `deleted_at` timestamp NULL DEFAULT NULL,
  PRIMARY KEY (`id`)
) ENGINE=MyISAM AUTO_INCREMENT=164 DEFAULT CHARSET=utf8mb4 COLLATE=utf8mb4_unicode_ci;

/*Data for the table `e_wallet_transactions` */

insert  into `e_wallet_transactions`(`id`,`user_id`,`amount`,`type`,`description`,`inserted_by`,`trans_type`,`trans_type2`,`coupon_id`,`transfer_id`,`created_at`,`updated_at`,`deleted_at`) values 
(1,3,500.00,'Dr','Coupon generated',1,'3','RS',6,0,'2020-03-16 09:12:44','2020-03-16 09:12:44',NULL),
(2,3,1000.00,'Dr','Coupon generated',1,'3','RS',7,0,'2020-03-16 09:12:44','2020-03-16 09:12:44',NULL),
(3,3,1000.00,'Dr','Coupon generated',1,'3','RS',8,0,'2020-03-16 09:12:44','2020-03-16 09:12:44',NULL),
(4,5,500.00,'Dr','Coupon generated',1,'3','RS',9,0,'2020-03-17 12:17:02','2020-03-17 12:17:02',NULL),
(5,15,100000.00,'Cr','Received booking amount is approved',1,'1','RS',10,0,'2020-03-19 04:18:41','2020-03-19 04:18:41',NULL),
(6,15,100000.00,'Dr','Received booking amount is approved',1,'3','RS',10,0,'2020-03-19 04:18:41','2020-03-19 04:18:41',NULL),
(7,15,158333.33,'Cr','Approved 18 April 2020 EMI',1,'1','RS',11,0,'2020-03-19 04:19:26','2020-03-19 04:19:26',NULL),
(8,15,158333.33,'Dr','Approved 18 April 2020 EMI',1,'3','RS',11,0,'2020-03-19 04:19:26','2020-03-19 04:19:26',NULL),
(9,15,500.00,'Dr','Coupon generated',1,'3','RS',12,0,'2020-03-19 04:42:47','2020-03-19 04:42:47',NULL),
(10,15,1000.00,'Dr','Coupon generated',1,'3','RS',13,0,'2020-03-19 04:42:47','2020-03-19 04:42:47',NULL),
(11,2,500.00,'Dr','Coupon generated',1,'3','FMCG',14,0,'2020-03-19 10:09:56','2020-03-19 10:09:56',NULL),
(12,2,1000.00,'Dr','Coupon generated',1,'3','FMCG',15,0,'2020-03-19 10:09:56','2020-03-19 10:09:56',NULL),
(13,2,2000.00,'Dr','Coupon generated',1,'3','FMCG',16,0,'2020-03-19 10:09:56','2020-03-19 10:09:56',NULL),
(14,2,2000.00,'Dr','Coupon generated',1,'3','FMCG',17,0,'2020-03-19 10:09:56','2020-03-19 10:09:56',NULL),
(15,2,2000.00,'Dr','Coupon generated',1,'3','FMCG',18,0,'2020-03-19 10:09:56','2020-03-19 10:09:56',NULL),
(16,2,2000.00,'Dr','Coupon generated',1,'3','FMCG',19,0,'2020-03-19 10:09:56','2020-03-19 10:09:56',NULL),
(17,2,2000.00,'Dr','Coupon generated',1,'3','FMCG',20,0,'2020-03-19 10:09:56','2020-03-19 10:09:56',NULL),
(18,3,100000.00,'Cr','Payment approved',1,'1','RS',21,0,'2020-03-19 12:22:38','2020-03-19 12:22:38',NULL),
(19,3,100000.00,'Dr','Payment approved',1,'3','RS',21,0,'2020-03-19 12:22:38','2020-03-19 12:22:38',NULL),
(20,3,1241666.67,'Cr','payment approved',1,'1','RS',22,0,'2020-03-19 12:24:34','2020-03-19 12:24:34',NULL),
(21,3,1241666.67,'Dr','payment approved',1,'3','RS',22,0,'2020-03-19 12:24:34','2020-03-19 12:24:34',NULL),
(22,3,100000.00,'Cr','approved',1,'1','RS',23,0,'2020-03-19 12:32:41','2020-03-19 12:32:41',NULL),
(23,3,100000.00,'Dr','approved',1,'3','RS',23,0,'2020-03-19 12:32:41','2020-03-19 12:32:41',NULL),
(24,2,1000000.00,'Cr','Approved',1,'1','RS',24,0,'2020-03-23 06:13:03','2020-03-23 06:13:03',NULL),
(25,2,1000000.00,'Dr','Approved',1,'3','RS',24,0,'2020-03-23 06:13:03','2020-03-23 06:13:03',NULL),
(26,2,333333.33,'Cr','emi approved',1,'1','RS',25,0,'2020-03-23 07:18:01','2020-03-23 07:18:01',NULL),
(27,2,333333.33,'Dr','emi approved',1,'3','RS',25,0,'2020-03-23 07:18:01','2020-03-23 07:18:01',NULL),
(28,2,333333.33,'Cr','emi approved',1,'1','RS',26,0,'2020-03-23 07:18:01','2020-03-23 07:18:01',NULL),
(29,2,333333.33,'Dr','emi approved',1,'3','RS',26,0,'2020-03-23 07:18:01','2020-03-23 07:18:01',NULL),
(30,2,100000.00,'Cr','ttt',1,'1','RS',27,0,'2020-03-23 07:21:17','2020-03-23 07:21:17',NULL),
(31,2,100000.00,'Dr','ttt',1,'3','RS',27,0,'2020-03-23 07:21:17','2020-03-23 07:21:17',NULL),
(32,2,1000000.00,'Cr','yyy',1,'1','RS',28,0,'2020-03-23 07:22:23','2020-03-23 07:22:23',NULL),
(33,2,1000000.00,'Dr','yyy',1,'3','RS',28,0,'2020-03-23 07:22:23','2020-03-23 07:22:23',NULL),
(34,3,1241666.67,'Cr','accept',1,'1','RS',29,0,'2020-03-23 07:33:40','2020-03-23 07:33:40',NULL),
(35,3,1241666.67,'Dr','accept',1,'3','RS',29,0,'2020-03-23 07:33:40','2020-03-23 07:33:40',NULL),
(36,2,10000.00,'Dr','Coupon generated',1,'3','RS',30,0,'2020-03-24 09:00:17','2020-03-24 09:00:17',NULL),
(37,2,10000.00,'Dr','Coupon generated',1,'3','RS',31,0,'2020-03-24 09:00:17','2020-03-24 09:00:17',NULL),
(38,2,10000.00,'Dr','Coupon generated',1,'3','RS',32,0,'2020-03-24 09:00:17','2020-03-24 09:00:17',NULL),
(39,2,10000.00,'Dr','Coupon generated',1,'3','RS',33,0,'2020-03-24 09:00:17','2020-03-24 09:00:17',NULL),
(40,2,10000.00,'Dr','Coupon generated',1,'3','RS',34,0,'2020-03-24 09:00:17','2020-03-24 09:00:17',NULL),
(41,2,500.00,'Dr','Coupon generated',1,'3','RS',35,0,'2020-03-24 16:23:09','2020-03-24 16:23:09',NULL),
(42,2,500.00,'Dr','Coupon generated',1,'3','RS',36,0,'2020-03-24 18:02:05','2020-03-24 18:02:05',NULL),
(43,2,5000.00,'Dr','Coupon generated',1,'3','RS',37,0,'2020-03-24 18:02:05','2020-03-24 18:02:05',NULL),
(44,2,1000.00,'Dr','Coupon generated',1,'3','RS',38,0,'2020-03-25 09:05:13','2020-03-25 09:05:13',NULL),
(45,2,500.00,'Dr','Coupon generated',1,'3','RS',39,0,'2020-03-25 09:07:42','2020-03-25 09:07:42',NULL),
(46,2,500.00,'Dr','Coupon generated',1,'3','RS',40,0,'2020-03-25 09:10:23','2020-03-25 09:10:23',NULL),
(47,2,500.00,'Dr','Coupon generated',1,'3','RS',41,0,'2020-03-25 09:10:45','2020-03-25 09:10:45',NULL),
(48,2,500.00,'Dr','Coupon generated',1,'3','RS',42,0,'2020-03-25 09:10:45','2020-03-25 09:10:45',NULL),
(49,2,1000.00,'Dr','Coupon generated',1,'3','RS',43,0,'2020-03-25 09:10:45','2020-03-25 09:10:45',NULL),
(50,2,500.00,'Dr','Coupon generated',1,'3','RS',44,0,'2020-03-25 09:39:23','2020-03-25 09:39:23',NULL),
(51,2,500.00,'Dr','Coupon generated',1,'3','RS',45,0,'2020-03-30 05:10:02','2020-03-30 05:10:02',NULL),
(52,2,15000.00,'Cr','emi approved',1,'1','RS',46,0,'2020-03-30 06:12:51','2020-03-30 06:12:51',NULL),
(53,2,15000.00,'Dr','emi approved',1,'3','RS',46,0,'2020-03-30 06:12:51','2020-03-30 06:12:51',NULL),
(54,2,500.00,'Dr','Rs. 500 has been debited from your wallet.',2,'4','RS',0,3,'2020-03-30 07:05:50','2020-03-30 07:05:50',NULL),
(55,3,500.00,'Cr','Rs. 500 has been credited in your wallet.',2,'2','RS',0,2,'2020-03-30 07:05:50','2020-03-30 07:05:50',NULL),
(56,2,500.00,'Dr','Rs. 500 has been debited from your wallet.',1,'4','RS',0,3,'2020-03-30 07:29:48','2020-03-30 07:29:48',NULL),
(57,3,500.00,'Cr','Rs. 500 has been credited in your wallet.',1,'2','RS',0,2,'2020-03-30 07:29:48','2020-03-30 07:29:48',NULL),
(58,2,1000.00,'Dr','Rs. 1000 has been debited from your wallet.',1,'4','RS',0,3,'2020-03-30 07:32:52','2020-03-30 07:32:52',NULL),
(59,3,1000.00,'Cr','Rs. 1000 has been credited in your wallet.',1,'2','RS',0,2,'2020-03-30 07:32:52','2020-03-30 07:32:52',NULL),
(60,2,500.00,'Dr','Rs. 500 has been debited from your wallet.',2,'4','RS',0,3,'2020-03-30 07:35:45','2020-03-30 07:35:45',NULL),
(61,3,500.00,'Cr','Rs. 500 has been credited in your wallet.',2,'2','RS',0,2,'2020-03-30 07:35:45','2020-03-30 07:35:45',NULL),
(62,2,55.00,'Dr','Rs. 55 has been debited from your wallet.',2,'4','RS',0,3,'2020-03-30 07:37:08','2020-03-30 07:37:08',NULL),
(63,3,55.00,'Cr','Rs. 55 has been credited in your wallet.',2,'2','RS',0,2,'2020-03-30 07:37:08','2020-03-30 07:37:08',NULL),
(64,3,500.00,'Dr','Rs. 500 has been debited from your wallet.',3,'4','RS',0,4,'2020-03-30 07:37:47','2020-03-30 07:37:47',NULL),
(65,4,500.00,'Cr','Rs. 500 has been credited in your wallet.',3,'2','RS',0,3,'2020-03-30 07:37:47','2020-03-30 07:37:47',NULL),
(66,2,445.00,'Dr','Rs. 445 has been debited from your wallet.',2,'4','RS',0,3,'2020-03-30 09:36:47','2020-03-30 09:36:47',NULL),
(67,3,445.00,'Cr','Rs. 445 has been credited in your wallet.',2,'2','RS',0,2,'2020-03-30 09:36:47','2020-03-30 09:36:47',NULL),
(68,2,100.00,'Dr','Rs. 100 has been debited from your wallet.',2,'4','RS',0,4,'2020-03-30 09:38:24','2020-03-30 09:38:24',NULL),
(69,4,100.00,'Cr','Rs. 100 has been credited in your wallet.',2,'2','RS',0,2,'2020-03-30 09:38:24','2020-03-30 09:38:24',NULL),
(70,2,2000.00,'Dr','Rs. 2000 has been debited from your wallet.',2,'4','RS',0,3,'2020-03-30 12:50:53','2020-03-30 12:50:53',NULL),
(71,3,2000.00,'Cr','Rs. 2000 has been credited in your wallet.',2,'2','RS',0,2,'2020-03-30 12:50:53','2020-03-30 12:50:53',NULL),
(72,2,500.00,'Dr','Rs. 500 has been debited from your wallet.',2,'4','RS',0,3,'2020-03-30 12:53:17','2020-03-30 12:53:17',NULL),
(73,3,500.00,'Cr','Rs. 500 has been credited in your wallet.',2,'2','RS',0,2,'2020-03-30 12:53:17','2020-03-30 12:53:17',NULL),
(74,2,900.00,'Dr','Rs. 900 has been debited from your wallet.',2,'4','RS',0,3,'2020-03-30 12:53:23','2020-03-30 12:53:23',NULL),
(75,3,900.00,'Cr','Rs. 900 has been credited in your wallet.',2,'2','RS',0,2,'2020-03-30 12:53:23','2020-03-30 12:53:23',NULL),
(76,2,1000.00,'Dr','Rs. 1000 has been debited from your wallet.',2,'4','RS',0,8,'2020-03-30 12:53:43','2020-03-30 12:53:43',NULL),
(77,8,1000.00,'Cr','Rs. 1000 has been credited in your wallet.',2,'2','RS',0,2,'2020-03-30 12:53:43','2020-03-30 12:53:43',NULL),
(78,2,2500.00,'Dr','Rs. 2500 has been debited from your wallet.',2,'4','RS',0,3,'2020-03-30 12:54:35','2020-03-30 12:54:35',NULL),
(79,3,2500.00,'Cr','Rs. 2500 has been credited in your wallet.',2,'2','RS',0,2,'2020-03-30 12:54:35','2020-03-30 12:54:35',NULL),
(83,4,1000.00,'Cr','Rs. 1000 has been credited in your wallet from Mansij Srivastava (OA0002).',2,'2','RS',0,2,'2020-03-30 13:48:40','2020-03-30 13:48:40',NULL),
(82,2,1000.00,'Dr','Rs. 1000 has been debited from your wallet to sakshi gupta (OA0004).',2,'4','RS',0,4,'2020-03-30 13:48:40','2020-03-30 13:48:40',NULL),
(84,3,400.00,'Dr','Rs. 400 has been debited from your wallet to sakshi gupta (OA0004).',3,'4','RS',0,4,'2020-03-30 13:49:44','2020-03-30 13:49:44',NULL),
(85,4,400.00,'Cr','Rs. 400 has been credited in your wallet from Meenakshi pal (OA0003).',3,'2','RS',0,3,'2020-03-30 13:49:44','2020-03-30 13:49:44',NULL),
(86,2,22000.00,'Cr','Rs. 22000 has been loaded in your wallet by the Admin.',1,'1','RS',0,1,'2020-03-31 05:34:28','2020-03-31 05:34:28',NULL),
(87,2,22000.00,'Cr','Rs. 22000 has been loaded in your wallet by the Admin.',1,'1','RS',0,1,'2020-03-31 05:34:59','2020-03-31 05:34:59',NULL),
(88,2,22000.00,'Cr','Rs. 22000 has been loaded in your wallet by the Admin.',1,'1','RS',0,1,'2020-03-31 05:36:33','2020-03-31 05:36:33',NULL),
(89,2,1000.00,'Cr','Rs. 1000 has been loaded in your wallet by the Admin.',1,'1','RS',0,1,'2020-03-31 05:39:50','2020-03-31 05:39:50',NULL),
(90,2,20000.00,'Cr','Rs. 20,000 cash emi is approved',1,'1','RS',47,0,'2020-03-31 06:00:58','2020-03-31 06:00:58',NULL),
(91,2,20000.00,'Dr','Rs. 20,000 cash emi is approved',1,'3','RS',47,0,'2020-03-31 06:00:58','2020-03-31 06:00:58',NULL),
(92,2,15000.00,'Cr','15000 emi approved',1,'1','RS',48,0,'2020-03-31 06:04:10','2020-03-31 06:04:10',NULL),
(93,2,15000.00,'Dr','15000 emi approved',1,'3','RS',48,0,'2020-03-31 06:04:10','2020-03-31 06:04:10',NULL),
(94,3,100000.00,'Cr','advance payment approved',1,'1','RS',49,0,'2020-03-31 06:42:04','2020-03-31 06:42:04',NULL),
(95,3,100000.00,'Dr','advance payment approved',1,'3','RS',49,0,'2020-03-31 06:42:04','2020-03-31 06:42:04',NULL),
(96,3,1241666.67,'Cr','EMI approved',1,'1','RS',50,0,'2020-03-31 06:43:46','2020-03-31 06:43:46',NULL),
(97,3,1241666.67,'Dr','EMI approved',1,'3','RS',50,0,'2020-03-31 06:43:46','2020-03-31 06:43:46',NULL),
(98,2,222222.00,'Cr','Rs. 222222 has been loaded in your wallet by the Admin.',1,'1','RS',0,1,'2020-03-31 06:44:16','2020-03-31 06:44:16',NULL),
(99,1,5000000.00,'Cr','Rs. 5000000 has been loaded in your wallet by the Admin.',1,'1',NULL,0,1,'2020-04-03 03:22:17','2020-04-03 03:22:17',NULL),
(100,1,500.00,'Dr','Coupon generated',1,'3','FMCG',51,0,'2020-04-03 03:23:26','2020-04-03 03:23:26',NULL),
(101,1,500.00,'Dr','Coupon generated',1,'3','FMCG',52,0,'2020-04-03 03:23:26','2020-04-03 03:23:26',NULL),
(102,1,2500.00,'Dr','Coupon generated',1,'3','FMCG',53,0,'2020-04-03 03:23:26','2020-04-03 03:23:26',NULL),
(103,1,2500.00,'Dr','Coupon generated',1,'3','FMCG',54,0,'2020-04-03 03:23:26','2020-04-03 03:23:26',NULL),
(104,1,2500.00,'Dr','Coupon generated',1,'3','FMCG',55,0,'2020-04-03 03:23:26','2020-04-03 03:23:26',NULL),
(105,1,10000.00,'Dr','Coupon generated',1,'3','FMCG',56,0,'2020-04-03 03:23:26','2020-04-03 03:23:26',NULL),
(106,1,10000.00,'Dr','Coupon generated',1,'3','FMCG',57,0,'2020-04-03 03:23:26','2020-04-03 03:23:26',NULL),
(107,1,10000.00,'Dr','Coupon generated',1,'3','FMCG',58,0,'2020-04-03 03:23:26','2020-04-03 03:23:26',NULL),
(108,1,25000.00,'Dr','Coupon generated',1,'3','FMCG',59,0,'2020-04-03 03:23:26','2020-04-03 03:23:26',NULL),
(109,1,25000.00,'Dr','Coupon generated',1,'3','FMCG',60,0,'2020-04-03 03:23:26','2020-04-03 03:23:26',NULL),
(110,2,3.00,'Cr','Rs. 3 has been loaded in your wallet by the Admin.',1,'1',NULL,0,1,'2020-04-04 11:23:06','2020-04-04 11:23:06',NULL),
(111,2,5.00,'Cr','Rs. 5 has been loaded in your wallet by the Admin.',1,'1',NULL,0,1,'2020-04-04 11:25:07','2020-04-04 11:25:07',NULL),
(112,2,10.00,'Cr','Rs. 10 has been loaded in your wallet by the Admin.',1,'1',NULL,0,1,'2020-04-04 11:27:07','2020-04-04 11:27:07',NULL),
(113,2,10.00,'Dr','Rs. 10 has been debited from your wallet to Meenakshi pal (OA0003).',2,'4',NULL,0,3,'2020-04-04 11:28:52','2020-04-04 11:28:52',NULL),
(114,3,10.00,'Cr','Rs. 10 has been credited in your wallet from Mansij Srivastava (OA0002).',2,'2',NULL,0,2,'2020-04-04 11:28:52','2020-04-04 11:28:52',NULL),
(115,2,60.00,'Cr','Rs. 60 has been loaded in your wallet by the Admin.',1,'1',NULL,0,1,'2020-04-04 11:53:58','2020-04-04 11:53:58',NULL),
(116,2,40.00,'Dr','Rs. 40 has been debited from your wallet to Meenakshi pal (OA0003).',2,'4',NULL,0,3,'2020-04-04 11:54:33','2020-04-04 11:54:33',NULL),
(117,3,40.00,'Cr','Rs. 40 has been credited in your wallet from Mansij Srivastava (OA0002).',2,'2',NULL,0,2,'2020-04-04 11:54:33','2020-04-04 11:54:33',NULL),
(118,2,10.00,'Cr','Rs. 10 has been loaded in your wallet by the Admin.',1,'1',NULL,0,1,'2020-04-04 12:19:15','2020-04-04 12:19:15',NULL),
(119,2,20.00,'Cr','Rs. 20 has been loaded in your wallet by the Admin.',1,'1',NULL,0,1,'2020-04-04 12:25:24','2020-04-04 12:25:24',NULL),
(120,24,2000.00,'Cr','Admin comment 1',1,'1','RS',61,0,'2020-04-06 06:09:46','2020-04-06 06:09:46',NULL),
(121,24,2000.00,'Dr','Admin comment 1',1,'3','RS',61,0,'2020-04-06 06:09:46','2020-04-06 06:09:46',NULL),
(122,22,1000.00,'Cr','Rs. 1000 has been loaded in your wallet by the Admin.',1,'1',NULL,0,1,'2020-04-06 06:24:51','2020-04-06 06:24:51',NULL),
(123,22,400.00,'Dr','Rs. 400 has been debited from your wallet to Abhishek (OG000024).',22,'4',NULL,0,24,'2020-04-06 06:28:55','2020-04-06 06:28:55',NULL),
(124,24,400.00,'Cr','Rs. 400 has been credited in your wallet from Puneet (OG000022).',22,'2',NULL,0,22,'2020-04-06 06:28:55','2020-04-06 06:28:55',NULL),
(125,22,500.00,'Dr','Coupon generated',1,'3','FMCG',62,0,'2020-04-06 06:30:52','2020-04-06 06:30:52',NULL),
(126,4,500.00,'Dr','Coupon generated',1,'3','FMCG',63,0,'2020-04-06 06:51:21','2020-04-06 06:51:21',NULL),
(127,4,500.00,'Dr','Coupon generated',1,'3','FMCG',64,0,'2020-04-06 06:51:21','2020-04-06 06:51:21',NULL),
(128,4,500.00,'Dr','Coupon generated',1,'3','FMCG',65,0,'2020-04-06 06:51:21','2020-04-06 06:51:21',NULL),
(129,2,5000.00,'Cr','Rs. 5000 has been loaded in your wallet by the Admin.',1,'1',NULL,0,1,'2020-04-06 08:46:38','2020-04-06 08:46:38',NULL),
(130,4,500.00,'Dr','Coupon generated',1,'3','FMCG',66,0,'2020-04-06 13:36:24','2020-04-06 13:36:24',NULL),
(131,4,500.00,'Dr','Coupon generated',1,'3','FMCG',67,0,'2020-04-06 13:36:24','2020-04-06 13:36:24',NULL),
(132,4,500.00,'Dr','Coupon generated',1,'3','FMCG',68,0,'2020-04-06 13:36:24','2020-04-06 13:36:24',NULL),
(133,2,100000.00,'Dr','Rs. 100000 has been debited from your wallet to sakshi gupta (OA0004).',2,'4',NULL,0,4,'2020-04-06 13:59:38','2020-04-06 13:59:38',NULL),
(134,4,100000.00,'Cr','Rs. 100000 has been credited in your wallet from Mansij Srivastava (OA0002).',2,'2',NULL,0,2,'2020-04-06 13:59:38','2020-04-06 13:59:38',NULL),
(135,2,25000.00,'Dr','Rs. 25000 has been debited from your wallet to pranjal shukla (OA0011).',2,'4',NULL,0,11,'2020-04-06 14:03:18','2020-04-06 14:03:18',NULL),
(136,11,25000.00,'Cr','Rs. 25000 has been credited in your wallet from Mansij Srivastava (OA0002).',2,'2',NULL,0,2,'2020-04-06 14:03:18','2020-04-06 14:03:18',NULL),
(137,11,2000.00,'Dr','Coupon generated',1,'3','FMCG',69,0,'2020-04-06 14:03:43','2020-04-06 14:03:43',NULL),
(138,11,2000.00,'Dr','Coupon generated',1,'3','FMCG',70,0,'2020-04-06 14:03:43','2020-04-06 14:03:43',NULL),
(139,11,5000.00,'Dr','Coupon generated',1,'3','FMCG',71,0,'2020-04-06 14:03:43','2020-04-06 14:03:43',NULL),
(140,11,5000.00,'Dr','Coupon generated',1,'3','FMCG',72,0,'2020-04-06 14:03:43','2020-04-06 14:03:43',NULL),
(141,2,500.00,'Dr','Coupon generated',1,'3','FMCG',73,0,'2020-04-08 21:17:45','2020-04-08 21:17:45',NULL),
(142,2,500.00,'Dr','Coupon generated',1,'3','FMCG',74,0,'2020-04-08 21:17:45','2020-04-08 21:17:45',NULL),
(143,2,500.00,'Dr','Coupon generated',1,'3','FMCG',75,0,'2020-04-08 21:17:45','2020-04-08 21:17:45',NULL),
(144,2,500.00,'Dr','Coupon generated',1,'3','FMCG',76,0,'2020-04-08 21:17:45','2020-04-08 21:17:45',NULL),
(145,2,500.00,'Dr','Coupon generated',1,'3','FMCG',77,0,'2020-04-08 21:17:45','2020-04-08 21:17:45',NULL),
(146,36,5000.00,'Cr','Rs. 5000 has been loaded in your wallet by the Admin.',1,'1',NULL,0,1,'2020-04-09 10:05:21','2020-04-09 10:05:21',NULL),
(147,37,5000.00,'Cr','Rs. 5000 has been loaded in your wallet by the Admin.',1,'1',NULL,0,1,'2020-04-09 10:05:35','2020-04-09 10:05:35',NULL),
(148,38,5000.00,'Cr','Rs. 5000 has been loaded in your wallet by the Admin.',1,'1',NULL,0,1,'2020-04-09 10:05:49','2020-04-09 10:05:49',NULL),
(149,37,500.00,'Dr','Coupon generated',1,'3','FMCG',78,0,'2020-04-09 10:29:24','2020-04-09 10:29:24',NULL),
(150,38,500.00,'Dr','Coupon generated',1,'3','FMCG',79,0,'2020-04-09 10:42:26','2020-04-09 10:42:26',NULL),
(151,38,500.00,'Dr','Coupon generated',1,'3','FMCG',80,0,'2020-04-09 10:42:26','2020-04-09 10:42:26',NULL),
(152,37,500.00,'Dr','Coupon generated',1,'3','FMCG',81,0,'2020-04-09 10:59:06','2020-04-09 10:59:06',NULL),
(153,38,1000.00,'Dr','Coupon generated',1,'3','FMCG',82,0,'2020-04-09 10:59:19','2020-04-09 10:59:19',NULL),
(154,37,13999.50,'Cr','approved',1,'1','RS',83,0,'2020-04-09 11:10:47','2020-04-09 11:10:47',NULL),
(155,37,13999.50,'Dr','approved',1,'3','RS',83,0,'2020-04-09 11:10:47','2020-04-09 11:10:47',NULL),
(156,22,400000.00,'Cr','Booking payment received TT',1,'1','RS',84,0,'2020-04-09 12:30:25','2020-04-09 12:30:25',NULL),
(157,22,400000.00,'Dr','Booking payment received TT',1,'3','RS',84,0,'2020-04-09 12:30:25','2020-04-09 12:30:25',NULL),
(158,2,20.00,'Cr','Payment of Rs. 20 is approved by admin',1,'1','RS',85,0,'2020-04-25 14:57:15','2020-04-25 14:57:15',NULL),
(159,2,20.00,'Dr','Payment of Rs. 20 is approved by admin',1,'3','RS',85,0,'2020-04-25 14:57:15','2020-04-25 14:57:15',NULL),
(160,4,1585.50,'Cr','yes',1,'1','RS',86,0,'2020-04-27 10:41:26','2020-04-27 10:41:26',NULL),
(161,4,1585.50,'Dr','yes',1,'3','RS',86,0,'2020-04-27 10:41:26','2020-04-27 10:41:26',NULL),
(162,4,1629.54,'Cr','yes',1,'1','RS',87,0,'2020-04-27 10:58:54','2020-04-27 10:58:54',NULL),
(163,4,1629.54,'Dr','yes',1,'3','RS',87,0,'2020-04-27 10:58:54','2020-04-27 10:58:54',NULL);

/*Table structure for table `e_wallets` */

DROP TABLE IF EXISTS `e_wallets`;

CREATE TABLE `e_wallets` (
  `id` bigint(20) unsigned NOT NULL AUTO_INCREMENT,
  `user_id` int(11) NOT NULL,
  `amount` decimal(10,2) NOT NULL DEFAULT '0.00',
  `created_at` timestamp NULL DEFAULT NULL,
  `updated_at` timestamp NULL DEFAULT NULL,
  `deleted_at` timestamp NULL DEFAULT NULL,
  PRIMARY KEY (`id`)
) ENGINE=MyISAM AUTO_INCREMENT=43 DEFAULT CHARSET=utf8mb4 COLLATE=utf8mb4_unicode_ci;

/*Data for the table `e_wallets` */

insert  into `e_wallets`(`id`,`user_id`,`amount`,`created_at`,`updated_at`,`deleted_at`) values 
(1,1,4911500.00,NULL,'2020-04-03 03:23:26',NULL),
(2,2,150800.00,'2020-03-14 09:38:46','2020-04-25 14:57:15',NULL),
(3,3,8050.00,'2020-03-14 10:38:31','2020-04-04 11:54:33',NULL),
(4,4,100000.00,'2020-03-14 10:53:09','2020-04-27 10:58:54',NULL),
(5,5,0.00,'2020-03-15 08:21:08','2020-03-17 12:17:02',NULL),
(6,6,0.00,'2020-03-15 08:32:59','2020-03-15 08:32:59',NULL),
(7,7,0.00,'2020-03-15 08:38:31','2020-03-15 08:38:31',NULL),
(8,8,1000.00,'2020-03-15 08:50:03','2020-03-30 12:53:43',NULL),
(9,9,0.00,'2020-03-15 10:04:31','2020-03-15 10:04:31',NULL),
(10,10,0.00,'2020-03-15 10:09:04','2020-03-15 10:09:04',NULL),
(11,11,11000.00,'2020-03-17 06:03:59','2020-04-06 14:03:43',NULL),
(12,12,0.00,'2020-03-17 07:04:32','2020-03-17 07:04:32',NULL),
(13,13,0.00,'2020-03-17 07:34:38','2020-03-17 07:34:38',NULL),
(14,14,0.00,'2020-03-18 07:24:39','2020-03-18 07:24:39',NULL),
(15,15,0.00,'2020-03-19 03:36:31','2020-03-19 04:42:47',NULL),
(16,16,0.00,'2020-03-19 03:42:23','2020-03-19 03:42:23',NULL),
(17,17,0.00,'2020-03-20 06:49:11','2020-03-20 06:49:11',NULL),
(18,20,0.00,'2020-03-24 14:03:32','2020-03-24 14:03:32',NULL),
(19,21,0.00,'2020-03-24 14:11:29','2020-03-24 14:11:29',NULL),
(20,22,100.00,'2020-04-03 12:39:14','2020-04-09 12:30:25',NULL),
(21,23,0.00,'2020-04-03 14:10:03','2020-04-03 14:10:03',NULL),
(22,24,400.00,'2020-04-03 14:14:30','2020-04-06 06:28:55',NULL),
(23,25,0.00,'2020-04-03 14:19:29','2020-04-03 14:19:29',NULL),
(24,26,0.00,'2020-04-03 14:24:12','2020-04-03 14:24:12',NULL),
(25,27,0.00,'2020-04-03 14:28:35','2020-04-03 14:28:35',NULL),
(26,28,0.00,'2020-04-03 14:33:29','2020-04-03 14:33:29',NULL),
(27,29,0.00,'2020-04-03 14:37:39','2020-04-03 14:37:39',NULL),
(28,30,0.00,'2020-04-03 14:42:31','2020-04-03 14:42:31',NULL),
(29,31,0.00,'2020-04-03 14:48:18','2020-04-03 14:48:18',NULL),
(30,32,0.00,'2020-04-03 14:51:56','2020-04-03 14:51:56',NULL),
(31,33,0.00,'2020-04-03 14:56:54','2020-04-03 14:56:54',NULL),
(32,34,0.00,'2020-04-03 15:02:09','2020-04-03 15:02:09',NULL),
(33,35,0.00,'2020-04-08 09:13:06','2020-04-08 09:13:06',NULL),
(34,36,5000.00,'2020-04-09 09:33:16','2020-04-09 10:05:21',NULL),
(35,37,4000.00,'2020-04-09 09:56:40','2020-04-09 11:10:47',NULL),
(36,38,3000.00,'2020-04-09 10:01:14','2020-04-09 10:59:19',NULL),
(37,39,0.00,'2020-04-13 06:48:24','2020-04-13 06:48:24',NULL),
(38,40,0.00,'2020-04-13 07:13:54','2020-04-13 07:13:54',NULL),
(39,41,0.00,'2020-04-13 07:27:07','2020-04-13 07:27:07',NULL),
(40,42,0.00,'2020-04-13 07:54:43','2020-04-13 07:54:43',NULL),
(41,43,0.00,'2020-04-13 08:15:25','2020-04-13 08:15:25',NULL),
(42,44,0.00,'2020-04-13 09:53:28','2020-04-13 09:53:28',NULL);

/*Table structure for table `failed_jobs` */

DROP TABLE IF EXISTS `failed_jobs`;

CREATE TABLE `failed_jobs` (
  `id` bigint(20) unsigned NOT NULL AUTO_INCREMENT,
  `connection` text COLLATE utf8mb4_unicode_ci NOT NULL,
  `queue` text COLLATE utf8mb4_unicode_ci NOT NULL,
  `payload` longtext COLLATE utf8mb4_unicode_ci NOT NULL,
  `exception` longtext COLLATE utf8mb4_unicode_ci NOT NULL,
  `failed_at` timestamp NOT NULL DEFAULT CURRENT_TIMESTAMP,
  PRIMARY KEY (`id`)
) ENGINE=MyISAM DEFAULT CHARSET=utf8mb4 COLLATE=utf8mb4_unicode_ci;

/*Data for the table `failed_jobs` */

/*Table structure for table `income_fund_transaction_logs` */

DROP TABLE IF EXISTS `income_fund_transaction_logs`;

CREATE TABLE `income_fund_transaction_logs` (
  `id` bigint(20) unsigned NOT NULL AUTO_INCREMENT,
  `user_business_id` int(11) NOT NULL,
  `log_description` text COLLATE utf8mb4_unicode_ci,
  `created_at` timestamp NULL DEFAULT NULL,
  `updated_at` timestamp NULL DEFAULT NULL,
  `deleted_at` timestamp NULL DEFAULT NULL,
  PRIMARY KEY (`id`)
) ENGINE=InnoDB AUTO_INCREMENT=12 DEFAULT CHARSET=utf8mb4 COLLATE=utf8mb4_unicode_ci;

/*Data for the table `income_fund_transaction_logs` */

insert  into `income_fund_transaction_logs`(`id`,`user_business_id`,`log_description`,`created_at`,`updated_at`,`deleted_at`) values 
(1,2,'Record could not be saved into IncomeFund table, IncomeFund id is not generated.','2020-03-30 12:27:06','2020-03-30 12:27:06',NULL),
(2,2,'Record could not be saved into IncomeFund table, IncomeFund id is not generated.','2020-03-30 12:30:35','2020-03-30 12:30:35',NULL),
(3,2,'Record could not be saved into IncomeFundTransaction table, IncomeFundTransaction id is not generated.','2020-03-30 12:31:02','2020-03-30 12:31:02',NULL),
(4,2,'Record could not be saved into IncomeFund table, IncomeFund id is not generated.','2020-03-30 12:35:42','2020-03-30 12:35:42',NULL),
(5,2,'Record could not be saved into IncomeFund table, IncomeFund id is not generated.','2020-03-30 12:37:18','2020-03-30 12:37:18',NULL),
(6,2,'Record could not be saved into IncomeFund table, IncomeFund id is not generated.','2020-03-30 12:37:34','2020-03-30 12:37:34',NULL),
(7,2,'Record could not be saved into IncomeFund table, IncomeFund id is not generated.','2020-03-30 12:49:57','2020-03-30 12:49:57',NULL),
(8,2,'Record could not be saved into IncomeFundTransaction table, IncomeFundTransaction id is not generated.','2020-03-30 12:50:22','2020-03-30 12:50:22',NULL),
(9,2,'Matching amount could not be updated.','2020-03-30 13:07:47','2020-03-30 13:07:47',NULL),
(10,2,'Matching amount could not be updated.','2020-03-31 02:22:24','2020-03-31 02:22:24',NULL),
(11,2,'Record could not be saved into IncomeFund table, IncomeFund id is not generated.','2020-03-31 02:24:00','2020-03-31 02:24:00',NULL);

/*Table structure for table `income_fund_transactions` */

DROP TABLE IF EXISTS `income_fund_transactions`;

CREATE TABLE `income_fund_transactions` (
  `id` bigint(20) unsigned NOT NULL AUTO_INCREMENT,
  `user_id` int(11) NOT NULL,
  `total_left_business` decimal(20,2) NOT NULL DEFAULT '0.00',
  `total_right_business` decimal(20,2) NOT NULL DEFAULT '0.00',
  `total_self_business` decimal(20,2) NOT NULL DEFAULT '0.00',
  `remaining_left_business` decimal(20,2) NOT NULL DEFAULT '0.00',
  `remaining_right_business` decimal(20,2) NOT NULL DEFAULT '0.00',
  `amount` decimal(20,2) NOT NULL DEFAULT '0.00',
  `matching_amount` decimal(20,2) NOT NULL DEFAULT '0.00',
  `total_matching_amount` decimal(20,2) NOT NULL DEFAULT '0.00',
  `type` enum('Cr','Dr','') COLLATE utf8mb4_unicode_ci NOT NULL DEFAULT '' COMMENT 'Credit what comes in the wallet, debit what goes out from the wallet.',
  `description` text COLLATE utf8mb4_unicode_ci,
  `inserted_by` int(11) NOT NULL DEFAULT '0',
  `created_at` timestamp NULL DEFAULT NULL,
  `updated_at` timestamp NULL DEFAULT NULL,
  `deleted_at` timestamp NULL DEFAULT NULL,
  PRIMARY KEY (`id`)
) ENGINE=InnoDB AUTO_INCREMENT=41 DEFAULT CHARSET=utf8mb4 COLLATE=utf8mb4_unicode_ci;

/*Data for the table `income_fund_transactions` */

insert  into `income_fund_transactions`(`id`,`user_id`,`total_left_business`,`total_right_business`,`total_self_business`,`remaining_left_business`,`remaining_right_business`,`amount`,`matching_amount`,`total_matching_amount`,`type`,`description`,`inserted_by`,`created_at`,`updated_at`,`deleted_at`) values 
(1,2,0.00,0.00,0.00,0.00,0.00,500.00,0.00,0.00,'Cr','Income fund account has been credited with Rs. 500.00.',0,'2020-03-30 11:50:37','2020-03-30 11:50:37',NULL),
(2,2,0.00,0.00,0.00,0.00,0.00,500.00,0.00,0.00,'Cr','Income fund account has been credited with Rs. 500.00.',0,'2020-03-30 11:51:29','2020-03-30 11:51:29',NULL),
(3,2,0.00,0.00,0.00,0.00,0.00,500.00,0.00,0.00,'Cr','Income fund account has been credited with Rs. 500.00.',0,'2020-03-30 11:52:20','2020-03-30 11:52:20',NULL),
(4,2,0.00,0.00,0.00,0.00,0.00,500.00,0.00,0.00,'Cr','Income fund account has been credited with Rs. 500.00.',0,'2020-03-30 11:54:27','2020-03-30 11:54:27',NULL),
(5,2,0.00,0.00,0.00,0.00,0.00,1000.00,0.00,0.00,'Cr','Income fund account has been credited with Rs. 1000.00.',0,'2020-03-30 12:31:02','2020-03-30 12:31:02',NULL),
(6,2,0.00,0.00,0.00,0.00,0.00,1000.00,0.00,0.00,'Cr','Income fund account has been credited with Rs. 1000.00.',0,'2020-03-30 12:50:22','2020-03-30 12:50:22',NULL),
(7,2,0.00,0.00,0.00,0.00,0.00,1000.00,0.00,0.00,'Cr','Income fund account has been credited with Rs. 1000.00.',0,'2020-03-30 13:05:43','2020-03-30 13:05:43',NULL),
(8,2,0.00,0.00,0.00,0.00,0.00,1000.00,0.00,0.00,'Cr','Income fund account has been credited with Rs. 1000.00.',0,'2020-03-30 13:07:47','2020-03-30 13:07:47',NULL),
(9,2,0.00,0.00,0.00,0.00,0.00,1000.00,0.00,0.00,'Cr','Income fund account has been credited with Rs. 1000.00.',0,'2020-03-31 02:16:46','2020-03-31 02:16:46',NULL),
(10,3,0.00,0.00,0.00,0.00,0.00,2000.00,0.00,0.00,'Cr','Income fund account has been credited with Rs. 2000.00.',0,'2020-03-31 02:16:46','2020-03-31 02:16:46',NULL),
(11,2,0.00,0.00,0.00,0.00,0.00,2000.00,0.00,0.00,'Cr','Income fund account has been credited with Rs. 2000.00.',0,'2020-03-31 02:20:34','2020-03-31 02:20:34',NULL),
(12,3,0.00,0.00,0.00,0.00,0.00,2000.00,0.00,0.00,'Cr','Income fund account has been credited with Rs. 2000.00.',0,'2020-03-31 02:20:34','2020-03-31 02:20:34',NULL),
(13,2,0.00,0.00,0.00,0.00,0.00,3000.00,0.00,0.00,'Cr','Income fund account has been credited with Rs. 3000.00.',0,'2020-03-31 02:26:01','2020-03-31 02:26:01',NULL),
(14,3,0.00,0.00,0.00,0.00,0.00,3000.00,0.00,0.00,'Cr','Income fund account has been credited with Rs. 3000.00.',0,'2020-03-31 02:26:01','2020-03-31 02:26:01',NULL),
(15,1,6941166.67,259833.33,88500.00,6681333.34,0.00,259833.33,0.00,0.00,'Cr','Income fund account has been credited with Rs. 259833.33.',0,'2020-04-07 10:48:24','2020-04-07 10:48:24',NULL),
(16,2,4051500.01,500.00,2889166.66,4051000.01,0.00,500.00,0.00,500.00,'Cr','Income fund account has been credited with Rs. 500.00.',0,'2020-04-07 10:48:24','2020-04-07 10:48:24',NULL),
(17,2,4051500.01,500.00,2889166.66,4051000.01,0.00,500.00,500.00,500.00,'Cr','Income fund account has been credited with Rs. 500.00.',0,'2020-04-07 11:16:50','2020-04-07 11:16:50',NULL),
(18,3,24000.00,0.00,4027500.01,24000.00,0.00,1.00,100.00,0.00,'Cr','Income fund account has been credited with Rs. 1.',0,'2020-04-07 12:24:36','2020-04-07 12:24:36',NULL),
(19,3,24000.00,0.00,4027500.01,24000.00,0.00,1.00,100.00,0.00,'Cr','Income fund account has been credited with Rs. 1.',0,'2020-04-07 12:27:18','2020-04-07 12:27:18',NULL),
(20,2,4051500.01,1700.00,2891666.66,4049800.01,0.00,12.00,1200.00,500.00,'Cr','Income fund account has been credited with Rs. 12.',0,'2020-04-09 10:49:15','2020-04-09 10:49:15',NULL),
(21,36,400.00,800.00,0.00,0.00,400.00,4.00,400.00,0.00,'Cr','Income fund account has been credited with Rs. 4.',0,'2020-04-09 10:49:15','2020-04-09 10:49:15',NULL),
(22,2,4051500.01,2900.00,2891666.66,4048600.01,0.00,12.00,1200.00,1700.00,'Cr','Income fund account has been credited with Rs. 12.',0,'2020-04-09 11:00:42','2020-04-09 11:00:42',NULL),
(23,36,800.00,1600.00,0.00,0.00,800.00,4.00,400.00,800.00,'Cr','Income fund account has been credited with Rs. 4.',0,'2020-04-09 11:00:42','2020-04-09 11:00:42',NULL),
(24,2,4051500.01,13399.63,2891666.66,4038100.39,0.00,105.00,10499.63,12199.63,'Cr','Income fund account has been credited with Rs. 104.9963.',0,'2020-04-09 11:19:15','2020-04-09 11:19:15',NULL),
(25,36,11299.63,1600.00,0.00,9699.63,0.00,8.00,800.00,1600.00,'Cr','Income fund account has been credited with Rs. 8.',0,'2020-04-09 11:19:15','2020-04-09 11:19:15',NULL),
(26,2,0.00,0.00,0.00,0.00,0.00,10.00,0.00,0.00,'Cr','Income fund account has been credited with Rs. 10.00.',0,'2020-04-16 07:10:18','2020-04-16 07:10:18',NULL),
(27,2,0.00,0.00,0.00,0.00,0.00,10.00,0.00,0.00,'Cr','Income fund account has been credited with Rs. 10.00.',0,'2020-04-16 07:21:19','2020-04-16 07:21:19',NULL),
(28,2,0.00,0.00,0.00,0.00,0.00,10.00,0.00,0.00,'Cr','Income fund account has been credited with Rs. 10.00.',0,'2020-04-16 07:31:56','2020-04-16 07:31:56',NULL),
(29,3,0.00,0.00,0.00,0.00,0.00,70.00,0.00,0.00,'Cr','Income fund account has been credited with Rs. 70.00.',0,'2020-04-16 07:52:30','2020-04-16 07:52:30',NULL),
(30,3,0.00,0.00,0.00,0.00,0.00,90.00,0.00,0.00,'Cr','Income fund account has been credited with Rs. 90.00.',0,'2020-04-16 07:53:42','2020-04-16 07:53:42',NULL),
(31,2,0.00,0.00,0.00,0.00,0.00,40.00,0.00,0.00,'Cr','Income fund account has been credited with Rs. 40.00.',0,'2020-04-16 07:54:22','2020-04-16 07:54:22',NULL),
(32,2,0.00,0.00,0.00,0.00,0.00,20.00,0.00,0.00,'Cr','Income fund account has been credited with Rs. 20.00.',0,'2020-04-16 08:16:25','2020-04-16 08:16:25',NULL),
(33,2,0.00,0.00,0.00,0.00,0.00,20.00,0.00,0.00,'Cr','Income fund account has been credited with Rs. 20.00.',0,'2020-04-16 12:08:58','2020-04-16 12:08:58',NULL),
(34,2,0.00,0.00,0.00,0.00,0.00,10.00,0.00,0.00,'Cr','Income fund account has been credited with Rs. 10.00.',0,'2020-04-16 12:28:51','2020-04-16 12:28:51',NULL),
(35,2,0.00,0.00,0.00,0.00,0.00,30.00,0.00,0.00,'Cr','Income fund account has been credited with Rs. 30.00.',0,'2020-04-16 12:29:19','2020-04-16 12:29:19',NULL),
(36,2,0.00,0.00,0.00,0.00,0.00,40.00,0.00,0.00,'Cr','Income fund account has been credited with Rs. 40.00.',0,'2020-04-16 12:30:58','2020-04-16 12:30:58',NULL),
(37,3,0.00,0.00,0.00,0.00,0.00,80.00,0.00,0.00,'Cr','Income fund account has been credited with Rs. 80.00.',0,'2020-04-16 13:21:10','2020-04-16 13:21:10',NULL),
(38,3,0.00,0.00,0.00,0.00,0.00,70.00,0.00,0.00,'Cr','Income fund account has been credited with Rs. 70.00.',0,'2020-04-17 04:40:55','2020-04-17 04:40:55',NULL),
(39,2,0.00,0.00,0.00,0.00,0.00,10.00,0.00,0.00,'Cr','Income fund account has been credited with Rs. 10.00.',0,'2020-04-17 04:43:23','2020-04-17 04:43:23',NULL),
(40,2,0.00,0.00,0.00,0.00,0.00,10.00,0.00,0.00,'Cr','Income fund account has been credited with Rs. 10.00.',0,'2020-04-21 14:39:45','2020-04-21 14:39:45',NULL);

/*Table structure for table `income_funds` */

DROP TABLE IF EXISTS `income_funds`;

CREATE TABLE `income_funds` (
  `id` bigint(20) unsigned NOT NULL AUTO_INCREMENT,
  `user_id` int(11) NOT NULL,
  `amount` decimal(20,2) NOT NULL DEFAULT '0.00',
  `created_at` timestamp NULL DEFAULT NULL,
  `updated_at` timestamp NULL DEFAULT NULL,
  `deleted_at` timestamp NULL DEFAULT NULL,
  PRIMARY KEY (`id`)
) ENGINE=InnoDB AUTO_INCREMENT=45 DEFAULT CHARSET=utf8mb4 COLLATE=utf8mb4_unicode_ci;

/*Data for the table `income_funds` */

insert  into `income_funds`(`id`,`user_id`,`amount`,`created_at`,`updated_at`,`deleted_at`) values 
(1,1,260333.33,'2020-03-30 11:50:37','2020-04-07 10:48:24',NULL),
(2,2,4051500.01,'2020-03-30 11:51:29','2020-04-27 11:32:55',NULL),
(3,3,7812.00,'2020-03-30 11:52:20','2020-04-17 04:40:55',NULL),
(4,4,500.00,'2020-03-30 11:54:27','2020-03-30 11:54:27',NULL),
(5,5,0.00,NULL,NULL,NULL),
(6,6,0.00,NULL,'2020-04-27 09:36:33',NULL),
(7,7,0.00,NULL,NULL,NULL),
(8,8,0.00,NULL,NULL,NULL),
(9,9,0.00,NULL,NULL,NULL),
(10,10,0.00,NULL,NULL,NULL),
(11,11,0.00,NULL,NULL,NULL),
(12,12,0.00,NULL,NULL,NULL),
(13,13,0.00,NULL,NULL,NULL),
(14,14,0.00,NULL,NULL,NULL),
(15,15,0.00,NULL,NULL,NULL),
(16,16,0.00,NULL,NULL,NULL),
(17,17,0.00,NULL,NULL,NULL),
(18,18,0.00,NULL,NULL,NULL),
(19,19,0.00,NULL,NULL,NULL),
(20,20,0.00,NULL,NULL,NULL),
(21,21,0.00,NULL,NULL,NULL),
(22,22,0.00,'2020-04-03 12:39:14','2020-04-03 12:39:14',NULL),
(23,23,0.00,'2020-04-03 14:10:03','2020-04-03 14:10:03',NULL),
(24,24,0.00,'2020-04-03 14:14:30','2020-04-03 14:14:30',NULL),
(25,25,0.00,'2020-04-03 14:19:29','2020-04-03 14:19:29',NULL),
(26,26,0.00,'2020-04-03 14:24:12','2020-04-03 14:24:12',NULL),
(27,27,0.00,'2020-04-03 14:28:35','2020-04-03 14:28:35',NULL),
(28,28,0.00,'2020-04-03 14:33:29','2020-04-03 14:33:29',NULL),
(29,29,0.00,'2020-04-03 14:37:39','2020-04-03 14:37:39',NULL),
(30,30,0.00,'2020-04-03 14:42:31','2020-04-03 14:42:31',NULL),
(31,31,0.00,'2020-04-03 14:48:18','2020-04-03 14:48:18',NULL),
(32,32,0.00,'2020-04-03 14:51:56','2020-04-03 14:51:56',NULL),
(33,33,0.00,'2020-04-03 14:56:54','2020-04-03 14:56:54',NULL),
(34,34,0.00,'2020-04-03 15:02:09','2020-04-03 15:02:09',NULL),
(35,35,0.00,'2020-04-08 09:13:06','2020-04-08 09:13:06',NULL),
(36,36,16.00,'2020-04-09 09:33:16','2020-04-09 11:19:15',NULL),
(37,37,0.00,'2020-04-09 09:56:40','2020-04-09 09:56:40',NULL),
(38,38,0.00,'2020-04-09 10:01:14','2020-04-09 10:01:14',NULL),
(39,39,0.00,'2020-04-13 06:48:24','2020-04-13 06:48:24',NULL),
(40,40,0.00,'2020-04-13 07:13:54','2020-04-13 07:13:54',NULL),
(41,41,0.00,'2020-04-13 07:27:07','2020-04-13 07:27:07',NULL),
(42,42,0.00,'2020-04-13 07:54:43','2020-04-13 07:54:43',NULL),
(43,43,0.00,'2020-04-13 08:15:25','2020-04-13 08:15:25',NULL),
(44,44,0.00,'2020-04-13 09:53:28','2020-04-13 09:53:28',NULL);

/*Table structure for table `manual_user_business_logs` */

DROP TABLE IF EXISTS `manual_user_business_logs`;

CREATE TABLE `manual_user_business_logs` (
  `id` bigint(20) unsigned NOT NULL AUTO_INCREMENT,
  `user_id` int(11) NOT NULL DEFAULT '0' COMMENT 'This ia agent id',
  `total_left_business` decimal(20,2) NOT NULL DEFAULT '0.00' COMMENT 'Agent total left business',
  `total_right_business` decimal(20,2) NOT NULL DEFAULT '0.00' COMMENT 'Agent total right business',
  `remaining_left_business` decimal(20,2) NOT NULL DEFAULT '0.00' COMMENT 'Agent remaining left business',
  `remaining_right_business` decimal(20,2) NOT NULL DEFAULT '0.00' COMMENT 'Agent remaining right business',
  `matching_amount` decimal(20,2) NOT NULL DEFAULT '0.00' COMMENT 'Agent total matching amount',
  `total_earning` decimal(20,2) NOT NULL DEFAULT '0.00' COMMENT 'Agent total earning. Note: this amount will be saved in income_fund.amount table',
  `inserted_by` int(11) NOT NULL DEFAULT '0' COMMENT 'Who inserted this record.',
  `created_at` timestamp NULL DEFAULT NULL,
  `updated_at` timestamp NULL DEFAULT NULL,
  PRIMARY KEY (`id`)
) ENGINE=InnoDB AUTO_INCREMENT=2 DEFAULT CHARSET=utf8mb4 COLLATE=utf8mb4_unicode_ci;

/*Data for the table `manual_user_business_logs` */

insert  into `manual_user_business_logs`(`id`,`user_id`,`total_left_business`,`total_right_business`,`remaining_left_business`,`remaining_right_business`,`matching_amount`,`total_earning`,`inserted_by`,`created_at`,`updated_at`) values 
(1,2,0.00,0.00,0.00,0.00,0.00,0.00,2,'2020-04-27 11:32:55','2020-04-27 11:32:55');

/*Table structure for table `measurement_units` */

DROP TABLE IF EXISTS `measurement_units`;

CREATE TABLE `measurement_units` (
  `id` bigint(20) unsigned NOT NULL AUTO_INCREMENT,
  `unit` varchar(191) COLLATE utf8mb4_unicode_ci DEFAULT NULL,
  `created_at` timestamp NULL DEFAULT NULL,
  `updated_at` timestamp NULL DEFAULT NULL,
  `deleted_at` timestamp NULL DEFAULT NULL,
  PRIMARY KEY (`id`)
) ENGINE=InnoDB AUTO_INCREMENT=4 DEFAULT CHARSET=utf8mb4 COLLATE=utf8mb4_unicode_ci;

/*Data for the table `measurement_units` */

insert  into `measurement_units`(`id`,`unit`,`created_at`,`updated_at`,`deleted_at`) values 
(1,'Square Meter',NULL,NULL,NULL),
(2,'Square Feet',NULL,NULL,NULL),
(3,'Square Yard',NULL,NULL,NULL);

/*Table structure for table `migrations` */

DROP TABLE IF EXISTS `migrations`;

CREATE TABLE `migrations` (
  `id` int(10) unsigned NOT NULL AUTO_INCREMENT,
  `migration` varchar(191) COLLATE utf8mb4_unicode_ci NOT NULL,
  `batch` int(11) NOT NULL,
  PRIMARY KEY (`id`)
) ENGINE=MyISAM AUTO_INCREMENT=190 DEFAULT CHARSET=utf8mb4 COLLATE=utf8mb4_unicode_ci;

/*Data for the table `migrations` */

insert  into `migrations`(`id`,`migration`,`batch`) values 
(1,'2014_10_12_000000_create_users_table',1),
(2,'2014_10_12_100000_create_password_resets_table',1),
(3,'2016_06_01_000001_create_oauth_auth_codes_table',1),
(4,'2016_06_01_000002_create_oauth_access_tokens_table',1),
(5,'2016_06_01_000003_create_oauth_refresh_tokens_table',1),
(6,'2016_06_01_000004_create_oauth_clients_table',1),
(7,'2016_06_01_000005_create_oauth_personal_access_clients_table',1),
(8,'2019_08_19_000000_create_failed_jobs_table',1),
(9,'2020_02_05_070359_categories',1),
(10,'2020_02_05_070411_products',1),
(11,'2020_02_06_120825_distributor_received_product',1),
(12,'2020_02_10_083049_user_coupon_wallet',1),
(13,'2020_02_10_083611_admin_coupons',1),
(14,'2020_02_10_084205_add_user_soft_delete',1),
(15,'2020_02_10_090608_admin_coupon_soft_delete',1),
(16,'2020_02_10_105850_coupons',1),
(17,'2020_02_11_044908_add_user_type',1),
(18,'2020_02_11_071622_add_column_user_referal_id',1),
(19,'2020_02_11_071832_user_business',1),
(20,'2020_02_11_083244_user_business_transaction',1),
(21,'2020_02_11_083932_commission_wallets',1),
(22,'2020_02_11_083952_notifications',1),
(23,'2020_02_13_045226_user_business_trigger',1),
(24,'2020_02_13_121047_user_bank_detail',1),
(25,'2020_02_13_121104_user_nominee_detail',1),
(26,'2020_02_13_121147_term_condition',1),
(27,'2020_02_13_122248_create_state',1),
(28,'2020_02_13_122504_add_user_table_column',1),
(29,'2020_02_13_130846_add_user_id_in_bank_detail',1),
(30,'2020_02_13_130859_add_user_id_in_nominee_detail',1),
(31,'2020_02_13_132842_create_city',1),
(32,'2020_02_14_053353_change_city_table_name',1),
(33,'2020_02_14_053407_change_state_table_name',1),
(34,'2020_02_14_055809_add_username_column_user_table',1),
(35,'2020_02_17_065831_change_name_user_coupon_wallet',1),
(36,'2020_02_17_070105_add_column_to_user_coupon_wallet',1),
(37,'2020_02_18_052400_drop_column_commission_wallets',1),
(38,'2020_02_18_052445_add_column_coupons',1),
(39,'2020_02_18_055140_user_business_executions',1),
(40,'2020_02_18_082315_add_new_columns_coupons',1),
(41,'2020_02_18_084715_create_table_project_masters',1),
(42,'2020_02_18_084758_create_table_plot_masters',1),
(43,'2020_02_18_095428_add_column_in_users',1),
(44,'2020_02_19_090835_add_new_column_projectmaster',1),
(45,'2020_02_19_124450_add_column_availibility_plot',1),
(46,'2020_02_20_050311_change_column_plot_master',1),
(47,'2020_02_20_054712_add_column_in_users_table',1),
(48,'2020_02_20_061835_add_column_in_users_nominee_detail',1),
(49,'2020_02_20_061923_add_column_in_users_bank_detail',1),
(50,'2020_02_20_062014_create_users_kyces_table',1),
(51,'2020_02_21_121019_re_arrange_column_users_table',1),
(52,'2020_02_22_045738_add_users_column',1),
(53,'2020_02_22_050557_create_table_designations',1),
(54,'2020_02_22_105908_add_column_referral_id_users',1),
(55,'2020_02_22_114645_referral_id_data_type',1),
(56,'2020_02_22_115011_re_add_referral_id',1),
(57,'2020_02_25_050628_create_table_customers',1),
(58,'2020_02_25_051615_create_relationships',1),
(59,'2020_02_25_083234_add_agent_id_in_customers',1),
(60,'2020_02_25_101805_add_column_customers',1),
(61,'2020_02_25_114712_create_customer_plot_booking_detail',1),
(62,'2020_02_25_114738_create_customer_plot_booking_payment_detail',1),
(63,'2020_02_25_120046_add_customer_username',1),
(64,'2020_02_26_085301_create_coupon_types',1),
(65,'2020_02_26_085323_create_coupon_denominations',1),
(66,'2020_02_26_085337_create_coupons',1),
(67,'2020_02_26_091350_add_column_in_project_master',1),
(68,'2020_02_27_055345_create_e_wallet_transaction',1),
(69,'2020_02_27_055422_create_e_wallets',1),
(70,'2020_02_27_055456_add_left_right__id_users',1),
(71,'2020_02_27_055541_add_coupon_id_in_booking_payment',1),
(72,'2020_02_27_055625_add_column_business_execution',1),
(73,'2020_02_27_055648_add_column_in_coupons',1),
(74,'2020_02_27_111115_add_column_in_plot_booking_payment',1),
(75,'2020_02_28_085812_change_column_business_execute',1),
(76,'2020_02_28_090353_add_column_business_execute',1),
(77,'2020_03_05_104056_create_payment_masters',1),
(78,'2020_03_05_104124_update_customer_plot_booking_details',1),
(79,'2020_03_05_104140_update_customer_plot_booking_payment_details',1),
(80,'2020_03_05_124915_add_column_payment_masters',1),
(81,'2020_03_06_042437_alter_customer_plot_booking_payment_details',1),
(82,'2020_03_06_073006_update_booking_payment_table',1),
(83,'2020_03_06_073518_update_booking_payment_table2',1),
(84,'2020_03_11_062802_add_new_column_payment_master',1),
(85,'2020_03_12_064845_alter_payment_master',1),
(86,'2020_03_12_065608_add_column_customer_plot_booking_payment_details',1),
(87,'2020_03_12_070632_delete_column_plot_payment',1),
(88,'2020_03_12_114556_change_users_table',1),
(89,'2020_03_12_114749_change_users_table2',1),
(90,'2020_03_12_131006_update_payment_master',1),
(91,'2020_03_12_131020_update_payment_master2',1),
(92,'2020_03_13_111008_update_products_table',1),
(93,'2020_03_13_111027_update_products_table2',1),
(94,'2020_03_13_111608_create_product_files',1),
(95,'2020_03_13_113158_update_categories_table',1),
(96,'2020_03_14_055439_add_column_category',1),
(97,'2020_03_14_062950_update_product_table',1),
(98,'2020_03_18_060142_update_payment_master_table',2),
(100,'2020_03_18_060311_update_payment_master_table2',3),
(101,'2020_03_18_063435_update_customer_plot_booking_payment_detail',4),
(102,'2020_03_18_063444_update_customer_plot_booking_payment_detail2',4),
(103,'2020_03_18_102335_create_customer_plot_booking_details_change',5),
(104,'2020_03_19_060933_updateplottable',6),
(106,'2020_03_21_055047_add_column_payment_master',7),
(107,'2020_03_21_064034_add_column_payment_master2',8),
(108,'2020_03_24_102345_add_column_user_kyc',9),
(109,'2020_03_25_153143_add_column_products_table',10),
(110,'2020_03_26_045601_create_measurement_units',11),
(111,'2020_03_26_050019_add_column_plot_masters',12),
(112,'2020_03_26_054728_update_unit_table1',13),
(113,'2020_03_26_054741_update_unit_table2',14),
(114,'2020_03_26_055257_update_plot_table1',15),
(115,'2020_03_26_055305_update_plot_table2',15),
(116,'2020_03_30_102529_create_income_funds',16),
(117,'2020_03_30_102840_create_income_fund_transactions',16),
(118,'2020_03_30_103240_add_column_user_businesses',16),
(119,'2020_03_30_120000_create_income_fund_transaction_logs',17),
(123,'2020_03_31_062553_alter_e_wallet_transactions',18),
(124,'2020_04_01_095608_create_configurations',19),
(125,'2020_04_03_064617_add_column_users',20),
(126,'2020_04_03_132103_add_new_column_users',21),
(127,'2020_04_05_070744_create_contact_form_requests',22),
(128,'2020_04_07_103101_update_income_fund_transaction',23),
(129,'2020_04_07_111227_update_income_fund_transactions',24),
(130,'2020_04_14_114555_create_rewards',25),
(131,'2020_04_15_094225_update_user_businesses',26),
(132,'2020_04_15_103059_create_user_rewards',27),
(133,'2020_04_16_062218_update_user_rewards',28),
(171,'2020_04_23_054847_create_customer_plot_booking_due_lists',29),
(172,'2020_04_23_055038_create_customer_plot_booking_due_list_transactions',29),
(173,'2020_04_23_070439_create_customer_plot_booking_due_list_trigger',29),
(174,'2020_04_24_043941_add_column_payment_master_table',29),
(175,'2020_04_24_064544_create_customer_plot_booking_paid_lists',29),
(177,'2020_04_26_064059_add_ifsc_payment_master',30),
(178,'2020_04_26_115320_add_column_due_list',31),
(180,'2020_04_26_132156_create_customer_plot_booking_due_list_trigger2',32),
(181,'2020_04_26_132208_create_customer_plot_booking_due_list_trigger3',32),
(182,'2020_04_26_134848_add_coulumn_due_list_transaction',33),
(184,'2020_04_27_085805_create_manual_user_business_log',34),
(185,'2020_04_28_110810_update_due_list',35),
(186,'2020_04_28_110821_update_due_list_trans',35),
(187,'2020_04_28_110830_update_due_list_trigger',35),
(188,'2020_04_28_110902_update_due_list_trigger2',35),
(189,'2020_04_30_103413_create_offers',36);

/*Table structure for table `notifications` */

DROP TABLE IF EXISTS `notifications`;

CREATE TABLE `notifications` (
  `id` bigint(20) unsigned NOT NULL AUTO_INCREMENT,
  `user_id` int(11) NOT NULL,
  `sender_id` int(11) NOT NULL,
  `message` text COLLATE utf8mb4_unicode_ci NOT NULL,
  `type` varchar(191) COLLATE utf8mb4_unicode_ci DEFAULT NULL COMMENT 'what type of message this is',
  `status` enum('0','1','2','3') COLLATE utf8mb4_unicode_ci NOT NULL DEFAULT '0' COMMENT '0 is unread, 1 is read, 2 is archive, 3 is deleted',
  `created_at` timestamp NULL DEFAULT NULL,
  `updated_at` timestamp NULL DEFAULT NULL,
  `deleted_at` timestamp NULL DEFAULT NULL,
  PRIMARY KEY (`id`)
) ENGINE=MyISAM DEFAULT CHARSET=utf8mb4 COLLATE=utf8mb4_unicode_ci;

/*Data for the table `notifications` */

/*Table structure for table `oauth_access_tokens` */

DROP TABLE IF EXISTS `oauth_access_tokens`;

CREATE TABLE `oauth_access_tokens` (
  `id` varchar(100) COLLATE utf8mb4_unicode_ci NOT NULL,
  `user_id` bigint(20) unsigned DEFAULT NULL,
  `client_id` bigint(20) unsigned NOT NULL,
  `name` varchar(191) COLLATE utf8mb4_unicode_ci DEFAULT NULL,
  `scopes` text COLLATE utf8mb4_unicode_ci,
  `revoked` tinyint(1) NOT NULL,
  `created_at` timestamp NULL DEFAULT NULL,
  `updated_at` timestamp NULL DEFAULT NULL,
  `expires_at` datetime DEFAULT NULL,
  PRIMARY KEY (`id`),
  KEY `oauth_access_tokens_user_id_index` (`user_id`)
) ENGINE=MyISAM DEFAULT CHARSET=utf8mb4 COLLATE=utf8mb4_unicode_ci;

/*Data for the table `oauth_access_tokens` */

insert  into `oauth_access_tokens`(`id`,`user_id`,`client_id`,`name`,`scopes`,`revoked`,`created_at`,`updated_at`,`expires_at`) values 
('180127b31f8b32bb513dc116d5ed78b1337d3bd187c6fbeb5f9957a0ab6d10833ea56f36b1db0bfd',2,1,'MyApp','[]',0,'2020-03-14 09:38:49','2020-03-14 09:38:49','2021-03-14 09:38:49'),
('e7792d6cfa993b203046aac2aacce2257a2cad0b95c82e42e49db67785d0da54c7d94581bcaada4a',2,1,'MyApp','[]',0,'2020-03-14 09:39:08','2020-03-14 09:39:08','2021-03-14 09:39:08'),
('91195f8b140692971e78add833449ef32c686bac6ba882b452aabe1ae3f5fdada1f6193c925963bd',2,1,'MyApp','[]',0,'2020-03-14 09:40:59','2020-03-14 09:40:59','2021-03-14 09:40:59'),
('9b0af31378bcb9a434b2f75832eaa7ecaf048a05c37b1c0aeb19a46564b8513966692b44c1994924',2,1,'MyApp','[]',0,'2020-03-14 09:46:50','2020-03-14 09:46:50','2021-03-14 09:46:50'),
('21807397b6b7b3ee7ac7cb7fd1e60c755ab0b6333e790458ad065a93acbb2c33993df8f6c9113cb2',2,1,'MyApp','[]',0,'2020-03-14 09:47:53','2020-03-14 09:47:53','2021-03-14 09:47:53'),
('3e363c090f552362eef7a67d052553c02004fa0e38d3d230714a685840eed483efc7bb5a10837016',2,1,'MyApp','[]',0,'2020-03-14 09:57:53','2020-03-14 09:57:53','2021-03-14 09:57:53'),
('f19826f37f6d54332fc1440bbf58bbe7580d8e9f2c249a652d9ca2cdde276b22a25ab25ad0a11fc9',2,1,'MyApp','[]',0,'2020-03-14 09:58:45','2020-03-14 09:58:45','2021-03-14 09:58:45'),
('2303c188faa1bd3da936cd0c2e18d48a819ed9f5263310723702839dcd58eac8c737316b395573f2',2,1,'MyApp','[]',0,'2020-03-14 10:08:22','2020-03-14 10:08:22','2021-03-14 10:08:22'),
('0644f90660e7192ef37d580e14e37fe7624fbcf950576e538e236337c7bb4421a6c0329f02140535',2,1,'MyApp','[]',0,'2020-03-14 10:10:04','2020-03-14 10:10:04','2021-03-14 10:10:04'),
('591b5dc40a321dc33b828148eb26bb954edb3c651cf173f0b5a289fd742ef6d385304130b4b034e8',2,1,'MyApp','[]',0,'2020-03-14 10:11:58','2020-03-14 10:11:58','2021-03-14 10:11:58'),
('6a28eb6cf2ec5a1a02cf54fa9240b7b885b58fa62523efa6d80885bc4eabd7ab1ce749a3e6826078',3,1,'MyApp','[]',0,'2020-03-14 10:38:33','2020-03-14 10:38:33','2021-03-14 10:38:33'),
('3f54765f05afd1c24da73ec6b7f53e360c33691adf05b21a7c32ac84b795cbca31242c035cee6b86',3,1,'MyApp','[]',0,'2020-03-14 10:39:22','2020-03-14 10:39:22','2021-03-14 10:39:22'),
('da58a6b73e2b4ef9d3563407f1eabe673aca80efd35c1b63bf6dac7c1772fc6001fbeb92a3995069',4,1,'MyApp','[]',0,'2020-03-14 10:53:11','2020-03-14 10:53:11','2021-03-14 10:53:11'),
('8494dfc7570e877bef17ff964f60f99a1623199c5c16b67821a2ebcb54ce4bdd3cedf7921b1450bf',4,1,'MyApp','[]',0,'2020-03-14 11:07:59','2020-03-14 11:07:59','2021-03-14 11:07:59'),
('bfc630a1984303ca9d6c4a826c49eeae41e16119e50f4e542005f4b4e66d9b9152e0c238faf49783',2,1,'MyApp','[]',0,'2020-03-14 11:11:42','2020-03-14 11:11:42','2021-03-14 11:11:42'),
('b167b35839f2430e61a670ae19ab7304caaf25bf9c647414167f2448259e16b05f65313869d99778',2,1,'MyApp','[]',0,'2020-03-14 11:22:32','2020-03-14 11:22:32','2021-03-14 11:22:32'),
('9adc589c0820c30559bb67852e82d7cdca25663a0d73fbb7f4d400809feecffd11ee5148a7c68002',4,1,'MyApp','[]',0,'2020-03-14 11:32:37','2020-03-14 11:32:37','2021-03-14 11:32:37'),
('b4ad91af826c4245ec0510075f04797f3c5a81b541b8fb63099986fd76dca4fc0fde02d4e377a0c2',4,1,'MyApp','[]',0,'2020-03-14 11:32:39','2020-03-14 11:32:39','2021-03-14 11:32:39'),
('aac8b9ded461c82279289b651ff319fa2e895dbd20b6f5d50311745fe15bb9ab9848dc59b17a99ae',3,1,'MyApp','[]',0,'2020-03-14 11:34:49','2020-03-14 11:34:49','2021-03-14 11:34:49'),
('37a8b08150ee1566432fdfdafe1f2ac509be9046c9382b62a8bf935e6eb4af3904ab58e550d3e7b7',3,1,'MyApp','[]',0,'2020-03-14 12:13:06','2020-03-14 12:13:06','2021-03-14 12:13:06'),
('32cc97a6432c0615c17a0f77f6aff80bf8182902157e94ad97a091e4154c99baef0ddde12fee8dba',2,1,'MyApp','[]',0,'2020-03-15 05:02:49','2020-03-15 05:02:49','2021-03-15 05:02:49'),
('bb1cad4b080457b341e9a4032d4056563c956c6545713b63841adbd22c5cf4e1e2e307a2cca1e886',2,1,'MyApp','[]',0,'2020-03-15 05:12:53','2020-03-15 05:12:53','2021-03-15 05:12:53'),
('6ae286997796fc845ed49f42db89dc064ce69a5863475d12c8a45d9d4c7d6fc8172d85bb4f64a3be',4,1,'MyApp','[]',0,'2020-03-15 05:29:51','2020-03-15 05:29:51','2021-03-15 05:29:51'),
('5f1cd9926251f0f53fa835e754d738b2bd0cdda361d88209d4965280e12a0f8b798122720e42906a',4,1,'MyApp','[]',0,'2020-03-15 05:29:52','2020-03-15 05:29:52','2021-03-15 05:29:52'),
('1b46e6aa1109f2efdab44f5478a89f93a65dc35063e11bfed2fd8dc000f093bbff95cf98b70d1dcf',2,1,'MyApp','[]',0,'2020-03-15 05:33:27','2020-03-15 05:33:27','2021-03-15 05:33:27'),
('354c4a5223aa1ad6eaa2fafec97ed47c71a070f9d54d9b2959438bb525488bccdb4ea7b96bb288b6',2,1,'MyApp','[]',0,'2020-03-15 06:31:00','2020-03-15 06:31:00','2021-03-15 06:31:00'),
('d525743935eeb2b9c1ae70e3bfb90e39b65ca9ecacc32ee1fa4c9096e594b5a229f8bccc2e089a8d',5,1,'MyApp','[]',0,'2020-03-15 08:21:10','2020-03-15 08:21:10','2021-03-15 08:21:10'),
('8dc331db43c0dd5e694c8842816ff2489249f9f16edfab723832a5a4dd929169be3ae52d606169ba',6,1,'MyApp','[]',0,'2020-03-15 08:33:02','2020-03-15 08:33:02','2021-03-15 08:33:02'),
('70934c08cdb3c927dc591c7de82ff647ab56fe909c57ec82654bf3990bfabc6ca9d5c6101fc2ea8f',7,1,'MyApp','[]',0,'2020-03-15 08:38:33','2020-03-15 08:38:33','2021-03-15 08:38:33'),
('995e74353e1c2bcc16f3a7726aaced8ab37e39fa0c3eaf9a80be819f94190596851bcb6e5616382d',8,1,'MyApp','[]',0,'2020-03-15 08:50:05','2020-03-15 08:50:05','2021-03-15 08:50:05'),
('eaad0c246c6205ac7521b7a58f7cc4767e15b3dd71a0187bb36eb0bfa9c807ef0982f2e2a18965f8',2,1,'MyApp','[]',0,'2020-03-15 08:57:25','2020-03-15 08:57:25','2021-03-15 08:57:25'),
('20e881ea1fc74d52b4532de53b7ab96bf7ddb0e56dbbf7d6a85e1d1d3469979948c98f5275a10676',2,1,'MyApp','[]',0,'2020-03-15 09:04:14','2020-03-15 09:04:14','2021-03-15 09:04:14'),
('181a03f3548325db31b61a4981656f582034f4eae824e49a756a52d8d36375639d83594dbb920777',4,1,'MyApp','[]',0,'2020-03-15 09:55:26','2020-03-15 09:55:26','2021-03-15 09:55:26'),
('f072071a92e3e6b7df85d125023c8c41cb4acbf2eacf91ab8dd9a119479e293d064ddd78f3cb5f63',3,1,'MyApp','[]',0,'2020-03-15 09:57:30','2020-03-15 09:57:30','2021-03-15 09:57:30'),
('6434044073195e342d67bf1de5b047cc49443b38aafad66ece0da4b0f9e36386e285a28c2c8b5f48',9,1,'MyApp','[]',0,'2020-03-15 10:04:34','2020-03-15 10:04:34','2021-03-15 10:04:34'),
('6de06a7c466c45c5a99e2d6cf102c462e1982f19c0b013de495a0ffaceb2cce9d23f8fad4e6e089d',10,1,'MyApp','[]',0,'2020-03-15 10:09:06','2020-03-15 10:09:06','2021-03-15 10:09:06'),
('bf300f8f1a9dac4b76abd807442e20c94f1f84d6b22af090c1901806801a01f90bf21e07efc9ee5f',2,1,'MyApp','[]',0,'2020-03-16 04:27:30','2020-03-16 04:27:30','2021-03-16 04:27:30'),
('657baa66011f1f6772f29941c65ef53161727520ca40a0f6da0cb8346efe4afb86dc18cc25d89a48',2,1,'MyApp','[]',0,'2020-03-16 04:30:49','2020-03-16 04:30:49','2021-03-16 04:30:49'),
('713926531f9f045a0001213ce6163e424dc1af48d3fa036168c4e624ac1082e3a4629fd2a70d9817',2,1,'MyApp','[]',0,'2020-03-16 04:34:50','2020-03-16 04:34:50','2021-03-16 04:34:50'),
('eff9d08efae82cf914a8bc1379ed90bc294dc0fd2da5981de3f824613d63b8671c8b13d45cbba68f',3,1,'MyApp','[]',0,'2020-03-16 05:00:47','2020-03-16 05:00:47','2021-03-16 05:00:47'),
('ab31ad49ce2941067d3bad4d28742854df51b61ab43171d97db453b5d78241a60d569202968f3559',2,1,'MyApp','[]',0,'2020-03-16 05:03:02','2020-03-16 05:03:02','2021-03-16 05:03:02'),
('b70e80d5b80243126c146dae2eac3552aef9973cf7e846be6d185c6bcc842a8d237384faeda2edcc',3,1,'MyApp','[]',0,'2020-03-16 05:06:44','2020-03-16 05:06:44','2021-03-16 05:06:44'),
('7e264dfd0cbcf1165b9c6039af5b1f8bfec3d9beeed093e5371195f27dd9d867071bb07530d711b7',2,1,'MyApp','[]',0,'2020-03-16 05:33:52','2020-03-16 05:33:52','2021-03-16 05:33:52'),
('555d0270b3ccb492292667b8bc33fc84dc1c140a8c92f03232eaa8741f2402d23e6aa2b2e4b40532',3,1,'MyApp','[]',0,'2020-03-16 05:43:53','2020-03-16 05:43:53','2021-03-16 05:43:53'),
('87b733f8b6cfaf3d358be23f8def38f9f6316466d64895fd8252435e7908939c0228a535d4346375',3,1,'MyApp','[]',0,'2020-03-16 05:50:56','2020-03-16 05:50:56','2021-03-16 05:50:56'),
('994e6583d30a787fd92955ca58d6bd9b108edfb6d74a2e98a3ed7e2fa67b966386770e62fe067a9d',3,1,'MyApp','[]',0,'2020-03-16 06:52:24','2020-03-16 06:52:24','2021-03-16 06:52:24'),
('f91097df85003b0bcdf487ff5d0e5b4872002068c9b75da1c26b92c7ac05058240e6eea5fc343496',3,1,'MyApp','[]',0,'2020-03-16 07:02:35','2020-03-16 07:02:35','2021-03-16 07:02:35'),
('5de70c000bc650b5fd5851551fbbffed0f4de6e31ea662d8938784de8f9beade95a28aa05b7529de',3,1,'MyApp','[]',0,'2020-03-16 07:23:29','2020-03-16 07:23:29','2021-03-16 07:23:29'),
('c6078cb940c977699c2c781cd2e29be470b7da7e439e2f6962b676e36df46c8801176d9dc28b2c80',3,1,'MyApp','[]',0,'2020-03-16 07:24:27','2020-03-16 07:24:27','2021-03-16 07:24:27'),
('69572b7671a47e7214c56fa69b46d08bf52e17a112e2188965249cb75f8cad332559db06526b2135',2,1,'MyApp','[]',0,'2020-03-16 07:30:07','2020-03-16 07:30:07','2021-03-16 07:30:07'),
('6954de971c21952fdf3d8a84861a0f23465c11a900bc5d193a76da5c500e8bd3d67feb4f7f9f6409',3,1,'MyApp','[]',0,'2020-03-16 07:30:57','2020-03-16 07:30:57','2021-03-16 07:30:57'),
('de83f8ac8166682cddcb70724e223463863bc0f7a87460758641b3368e9ddfb77e17c52d22bb2c29',3,1,'MyApp','[]',0,'2020-03-16 09:51:54','2020-03-16 09:51:54','2021-03-16 09:51:54'),
('92a2dba80fd03ed97849eafceb28a9d93ae21ba96d9f169452777e23587f9829d95d0a5831cbf1b1',1,1,'MyApp','[]',0,'2020-03-16 11:00:42','2020-03-16 11:00:42','2021-03-16 11:00:42'),
('8da0eac1e82e67c7fece454b1df64b6291a99e2a61b7afe0dca27396a8acd9c058d913f9703dcd45',1,1,'MyApp','[]',0,'2020-03-16 11:02:01','2020-03-16 11:02:01','2021-03-16 11:02:01'),
('7a5d550b9f2f5f4db7fed4b393adcd5e9fc3de8e79213c6352fec18ec6f25ded595660627e5ddc95',2,1,'MyApp','[]',0,'2020-03-16 11:03:20','2020-03-16 11:03:20','2021-03-16 11:03:20'),
('c15ed7d6580a63408904f0859eae1f534fdd6eba6abea56907ffe020b19b7c92da5ad94708a3dcfb',1,1,'MyApp','[]',0,'2020-03-16 11:03:41','2020-03-16 11:03:41','2021-03-16 11:03:41'),
('0cf081f5af5a932a200046f3e400004b891edfc2a98412c5a9a8ce5708931686b37544f6e79914e8',1,1,'MyApp','[]',0,'2020-03-16 11:07:41','2020-03-16 11:07:41','2021-03-16 11:07:41'),
('f4db736a7e16b54e448b232a6af596cd141bd9460a54803081bcd750daa3b79695c7653ec0773915',1,1,'MyApp','[]',0,'2020-03-16 11:15:28','2020-03-16 11:15:28','2021-03-16 11:15:28'),
('64ac3e9982d2d72f9cedd9e7d513490e29dab68b078a0eda704afd9cb3c8dbc57dd16ef55809c535',1,1,'MyApp','[]',0,'2020-03-17 05:10:11','2020-03-17 05:10:11','2021-03-17 05:10:11'),
('d89bca81dad89c0c942594fbc52849747c76d4127b1daa99030e15bbca22e2cfbdd6568b6dac2aee',1,1,'MyApp','[]',0,'2020-03-17 05:23:58','2020-03-17 05:23:58','2021-03-17 05:23:58'),
('714fe204375fca19c852f2749a8b29b789c899326176dc536dcd0d6a0150c08a175f762f91d8a2b7',1,1,'MyApp','[]',0,'2020-03-17 05:26:48','2020-03-17 05:26:48','2021-03-17 05:26:48'),
('15c7a345458db39b10b9f9034d247c53877a2722c8d0b0e7d349e8371b18174d6a29683d3280c6e8',2,1,'MyApp','[]',0,'2020-03-17 05:27:16','2020-03-17 05:27:16','2021-03-17 05:27:16'),
('4e71a9d369c769f5decf50312602ec5064d987f7b880ddb74428d98221759ef69a774ef96899b537',3,1,'MyApp','[]',0,'2020-03-17 05:57:54','2020-03-17 05:57:54','2021-03-17 05:57:54'),
('2398575361dd900c77f440dfda35e21ffbdd8e2ffcd25e0ba137e0d061ab7c0df9c991394fb9ad38',1,1,'MyApp','[]',0,'2020-03-17 06:01:26','2020-03-17 06:01:26','2021-03-17 06:01:26'),
('51d022df746ffd441d014283aded4cc2a71d0dc4a71cbd14eed44135df10a67e89f99f8cb8ce6cb7',11,1,'MyApp','[]',0,'2020-03-17 06:03:59','2020-03-17 06:03:59','2021-03-17 06:03:59'),
('76e4a3288e8347a779e0f359b001b9e9f5309cde5b5646c4c4d434630267cb0f35b16473e208f259',11,1,'MyApp','[]',0,'2020-03-17 06:05:27','2020-03-17 06:05:27','2021-03-17 06:05:27'),
('8648cb00907250f56c07feff750913586235b76b60602aa3ade58c4b371019be494845a1cd9e2927',3,1,'MyApp','[]',0,'2020-03-17 06:17:27','2020-03-17 06:17:27','2021-03-17 06:17:27'),
('500840f1d4cb9ac4637809408b323ea4b6646a06b4680e137294394048592f53f441b2279649025e',12,1,'MyApp','[]',0,'2020-03-17 07:04:32','2020-03-17 07:04:32','2021-03-17 07:04:32'),
('40ec4e1debca7b97ab244652d01879b4ca9919ccdcad25a0b133466f92c215f94d36c8f76737b430',12,1,'MyApp','[]',0,'2020-03-17 07:04:55','2020-03-17 07:04:55','2021-03-17 07:04:55'),
('03ca52b1726a78a54d9ab9c9c2103e1fc6996f4c8d32fa4410f75bb568fd544bd8fd146b6b4b981f',11,1,'MyApp','[]',0,'2020-03-17 07:21:52','2020-03-17 07:21:52','2021-03-17 07:21:52'),
('0bee559ac080830b7d7309e946a53f7c9071e1b272bbc4a1b63812a11f494de8d71af5bfd4cd0b67',13,1,'MyApp','[]',0,'2020-03-17 07:34:38','2020-03-17 07:34:38','2021-03-17 07:34:38'),
('7f02054245c9ed5aa7ee8e7813831a7914cdbfd94e193f6801e12e3f2dfcf0e05bff021ef45d1a75',11,1,'MyApp','[]',0,'2020-03-17 07:34:58','2020-03-17 07:34:58','2021-03-17 07:34:58'),
('bdb2a40dc3736fffad32f7ba895724b496eb8969b805172f1882186d29215fac35bc2f3566358828',13,1,'MyApp','[]',0,'2020-03-17 07:36:38','2020-03-17 07:36:38','2021-03-17 07:36:38'),
('9b5fccb940509731aa2436aa755c578f87b05e31921386c2ab9378270ed4652ddf2e5f335e48c43f',1,1,'MyApp','[]',0,'2020-03-17 08:18:15','2020-03-17 08:18:15','2021-03-17 08:18:15'),
('563a06d873769d035f4a9cd871b9ad92621bb2301e9a9f7731a9b5e594beaa7625ed16796f9e0b90',1,1,'MyApp','[]',0,'2020-03-17 08:44:40','2020-03-17 08:44:40','2021-03-17 08:44:40'),
('44a3f09841b46be3bbf4be336343a7362ad885feb0fe31da32fe67116dde7b7afc45fc0763c8f93b',11,1,'MyApp','[]',0,'2020-03-17 09:56:35','2020-03-17 09:56:35','2021-03-17 09:56:35'),
('b51480b8eb1c859a224a0a914e42504b48a0a9468b3405e94e68913942729185b8e8ec1c9d290dad',3,1,'MyApp','[]',0,'2020-03-17 11:38:28','2020-03-17 11:38:28','2021-03-17 11:38:28'),
('cf2af58e83abd3f368296f5e84692b13e1afc5defb5e1e96fa9b267929518d2cc6d027c56e727cc1',1,1,'MyApp','[]',0,'2020-03-17 11:55:41','2020-03-17 11:55:41','2021-03-17 11:55:41'),
('8c0a3934756c61e30790185e944cee816db1e5e292cd6ac5939aa8e683a7e7b6e6faab7f69c08b00',1,1,'MyApp','[]',0,'2020-03-17 11:58:36','2020-03-17 11:58:36','2021-03-17 11:58:36'),
('02133ce753d12e520abc1e005f8a86b62fe7dec231a1122182dfec7e8f29e2cc15f0907db8292dd7',2,1,'MyApp','[]',0,'2020-03-17 12:20:20','2020-03-17 12:20:20','2021-03-17 12:20:20'),
('34a4c45f07a3b46fe476d736bc2965e2373f9801b849d8c598a9199abc60a3ac0a553ace64b35c13',2,1,'MyApp','[]',0,'2020-03-17 12:53:54','2020-03-17 12:53:54','2021-03-17 12:53:54'),
('cb052e8373dbc5aa85f2f9b70b3d01a711e65701da59b31945b29a801f72ac0c61d6070c14438a50',1,1,'MyApp','[]',0,'2020-03-17 13:00:36','2020-03-17 13:00:36','2021-03-17 13:00:36'),
('b2451af99ebec408c4525412e32783d4a1b7628c0df1ee7ca7538cde56f0925cec0d076fbd25da75',3,1,'MyApp','[]',0,'2020-03-17 13:31:00','2020-03-17 13:31:00','2021-03-17 13:31:00'),
('00d9c576d3f62ecd13ee183e3705d8703175c84136a96cf25c96883cdba4ff9430df6b2b5ca06d44',1,1,'MyApp','[]',0,'2020-03-17 13:38:22','2020-03-17 13:38:22','2021-03-17 13:38:22'),
('ad92c33ba8ef2a03dff208dcf657d0f10b84dfb1dafa28b66ecff2ad7454baf5a4bdfd0e666d0007',1,1,'MyApp','[]',0,'2020-03-17 13:49:07','2020-03-17 13:49:07','2021-03-17 13:49:07'),
('9074aa01e66e11f0ce2309fa8a1b37ba3c432d70833c186f81478505c699ec259eb1f545579dfb81',1,1,'MyApp','[]',0,'2020-03-17 15:06:20','2020-03-17 15:06:20','2021-03-17 15:06:20'),
('cb7e8ef291d89746b13f21ae7f2d4ec5995a56f965441f004f5dc7ee24941ecaacafaea67077cb3d',2,1,'MyApp','[]',0,'2020-03-17 17:12:46','2020-03-17 17:12:46','2021-03-17 17:12:46'),
('0007f6c873a516e71e180f756b5494c513cee3f13c8451bd7234cb9524090b7e069f521abc280b49',2,1,'MyApp','[]',0,'2020-03-17 17:18:14','2020-03-17 17:18:14','2021-03-17 17:18:14'),
('8c248ff9d5b34155e77e09894a105d9d26b8a314fe3fcc3532288eb64a80e75518a4a5d3b95f8fee',2,1,'MyApp','[]',0,'2020-03-17 17:31:49','2020-03-17 17:31:49','2021-03-17 17:31:49'),
('f04b040cb0b582e2a52031c6b83aeceabd84c3ce5a0a259a5bee13216b13d928bdefa3a173e9315b',3,1,'MyApp','[]',0,'2020-03-18 04:57:24','2020-03-18 04:57:24','2021-03-18 04:57:24'),
('c6a1b99f666a7a8651cf44539ef967101add1b030b5e5cba2ad755d5e3dde6c8029c2a1fe1a0fc20',2,1,'MyApp','[]',0,'2020-03-18 05:53:43','2020-03-18 05:53:43','2021-03-18 05:53:43'),
('e921565eb4dbaf9ec2275c2bdfc57daa5ec598271515ac0b42ed685ec02ac1f643a0cc2f3248c3c0',3,1,'MyApp','[]',0,'2020-03-18 07:02:34','2020-03-18 07:02:34','2021-03-18 07:02:34'),
('6a9082dadf30af4240220f7877b819e59e63b179b0a220b101d2860a887d2cdac9ae6d50ad7ce42f',14,1,'MyApp','[]',0,'2020-03-18 07:24:39','2020-03-18 07:24:39','2021-03-18 07:24:39'),
('63dcfb50e3140d21f5f003f8144f95264f4f18ee97dce0af575b5aa8c197a6a811c7d717c7fcdd9b',11,1,'MyApp','[]',0,'2020-03-18 07:25:00','2020-03-18 07:25:00','2021-03-18 07:25:00'),
('b1e4f4137c344462b019bff5ebd86cde67360706770ce10564c2e070b5cc892e06005ca671067c4b',2,1,'MyApp','[]',0,'2020-03-18 10:20:35','2020-03-18 10:20:35','2021-03-18 10:20:35'),
('5b4558da09287c7382c2c86784e86e2f6ab3987f6ce54610d5717e4b0c423826227b4dae5fc8ecad',1,1,'MyApp','[]',0,'2020-03-18 11:11:44','2020-03-18 11:11:44','2021-03-18 11:11:44'),
('777cf66bc4f794ce90a77c371718befe3097282e32590b9d7c895e3b34a69b44c6db09b9e4d3a611',3,1,'MyApp','[]',0,'2020-03-18 13:32:09','2020-03-18 13:32:09','2021-03-18 13:32:09'),
('0798aca003a4a3bf2e520f8f27387b30b1635e2d56bd0771fba736b591cfed1dd2eb7d4df771f561',11,1,'MyApp','[]',0,'2020-03-18 13:35:10','2020-03-18 13:35:10','2021-03-18 13:35:10'),
('ea0b62bc5652cdbecb2b2d8f24ecb1c2e4234b8380dda070c57ccc531c33b433bdf248b3c789f767',2,1,'MyApp','[]',0,'2020-03-18 16:49:59','2020-03-18 16:49:59','2021-03-18 16:49:59'),
('126e95b614d2d753485522f4d22eb007562ee3f932dd1dd375851ee36af2ff2857daf8cb27b73088',2,1,'MyApp','[]',0,'2020-03-18 17:02:47','2020-03-18 17:02:47','2021-03-18 17:02:47'),
('fa1a025b8f3bfc00dc31129bb90258ed6022f35022a32cf11c5f687843ea1783ce0d710483de82a3',15,1,'MyApp','[]',0,'2020-03-19 03:36:31','2020-03-19 03:36:31','2021-03-19 03:36:31'),
('e57279d004fe71f09113c4db3c2c870d2cd23da555bc8174a0ecdc3565720b9f2be6685e93eca41d',15,1,'MyApp','[]',0,'2020-03-19 03:37:38','2020-03-19 03:37:38','2021-03-19 03:37:38'),
('e90b0987976e92ffbbb226c8c4f6a7453336f6268a9e08e7bd714914a985dad8f75a76a8661d7d50',16,1,'MyApp','[]',0,'2020-03-19 03:42:23','2020-03-19 03:42:23','2021-03-19 03:42:23'),
('63cbe2ee6da4a2f16e787e74f0edc91e98fee05156d488e223ea8e5d2d89f4aecf3e3aa27ae3d79f',1,1,'MyApp','[]',0,'2020-03-19 03:42:33','2020-03-19 03:42:33','2021-03-19 03:42:33'),
('afbea0a09fe34c5796e9d676608641e7bfcefef135b89fcbdfb723250d09d99946c3675d0aca9c38',15,1,'MyApp','[]',0,'2020-03-19 03:43:04','2020-03-19 03:43:04','2021-03-19 03:43:04'),
('d123855ef0fa71eb86bbcd890d47980007d6f5567c79cb7dddffa74a682b008040f702e031166a04',1,1,'MyApp','[]',0,'2020-03-19 04:09:21','2020-03-19 04:09:21','2021-03-19 04:09:21'),
('59bf5a38017be4ef63c43f128124ea07d6345063fdf701f670888f897f1eb3321f135305123877e8',15,1,'MyApp','[]',0,'2020-03-19 04:12:20','2020-03-19 04:12:20','2021-03-19 04:12:20'),
('3270b4236cdfced861c5527aa55f1b48f5f9d73a08bfef343c2c2e37a7a59a048fce9e14524576ad',1,1,'MyApp','[]',0,'2020-03-19 04:17:17','2020-03-19 04:17:17','2021-03-19 04:17:17'),
('9584fbc7d12b13bc8b5ba498c321a7df2d7cfaa344bffd5207c51dc4ab7f6443f61463687c37a491',15,1,'MyApp','[]',0,'2020-03-19 04:20:11','2020-03-19 04:20:11','2021-03-19 04:20:11'),
('cc9e69e961e9ac54a8733326e86069d49fdf55f4f174fb9f986a0aee5b300b78e1df1dea22cf29d3',1,1,'MyApp','[]',0,'2020-03-19 04:24:51','2020-03-19 04:24:51','2021-03-19 04:24:51'),
('79c020eb1cece0e761b46e2eb501e5c42dfad1a73024148e67b5a30d695ad4684c2b0430d8161b2e',15,1,'MyApp','[]',0,'2020-03-19 04:28:57','2020-03-19 04:28:57','2021-03-19 04:28:57'),
('40d58f9868588ff09b5b5d93c35153efa2bd7a0d52b5e770f029afb32738c9d8a3f5ebea96a00a30',1,1,'MyApp','[]',0,'2020-03-19 04:34:22','2020-03-19 04:34:22','2021-03-19 04:34:22'),
('68beb93c71f7343f795e0c4a3e27d48c216be601f0dc2c7e0919eea2cb5803de7658ff56eae7f674',15,1,'MyApp','[]',0,'2020-03-19 04:42:21','2020-03-19 04:42:21','2021-03-19 04:42:21'),
('d448a52d569ebd4f28d667f9ea81a6b1c0638250abf3bfd5392a8bee682b1aa32c88b14e4a957fdd',1,1,'MyApp','[]',0,'2020-03-19 04:45:14','2020-03-19 04:45:14','2021-03-19 04:45:14'),
('96a7e85bee0989f8f05a80a10bed4208a8dd0551ff5343a2b050e850b6f33c660b4526bd9bf36763',3,1,'MyApp','[]',0,'2020-03-19 04:51:44','2020-03-19 04:51:44','2021-03-19 04:51:44'),
('415682cb0b5a36475d51a9b2eb033325c2002c1cc121ab631e42e4ed03b1001747fdf8cf192d81a4',3,1,'MyApp','[]',0,'2020-03-19 05:05:06','2020-03-19 05:05:06','2021-03-19 05:05:06'),
('b57fdf2b69e352bc8ce29fd2a19b60bbe71a2b6810f8cde8ad9a8cda57095d2030bbab0edbd7de01',2,1,'MyApp','[]',0,'2020-03-19 06:06:51','2020-03-19 06:06:51','2021-03-19 06:06:51'),
('88d93df265bc9756df4f957b4aabe8a33d26aaade82687f334205c3d7575c41d7f5e0598ba7dba2f',3,1,'MyApp','[]',0,'2020-03-19 06:12:01','2020-03-19 06:12:01','2021-03-19 06:12:01'),
('e7194877815ccec0985264150570a51ce8c86a05b0544bc246bb1c25cf88070e26d75f4242b9158f',1,1,'MyApp','[]',0,'2020-03-19 06:48:34','2020-03-19 06:48:34','2021-03-19 06:48:34'),
('c3ade6dacdea47a35fdf3f430c639655fa745b64b56ba7f005a6b22aa3e697bbf2917724397feb05',3,1,'MyApp','[]',0,'2020-03-19 06:54:58','2020-03-19 06:54:58','2021-03-19 06:54:58'),
('5e879c95a4ace12041f586f80baa5c290e63b7cc03fee7e45d5c7452e9ffcfb726f4e92e9a7c4817',2,1,'MyApp','[]',0,'2020-03-19 07:02:33','2020-03-19 07:02:33','2021-03-19 07:02:33'),
('e84a2c958cff247c025a3bb916175a70113d0d575e39e07697f8d7d1baf8424924a9d8c6aad99ef4',1,1,'MyApp','[]',0,'2020-03-19 07:05:12','2020-03-19 07:05:12','2021-03-19 07:05:12'),
('d5f760f0093b0b35cac40dbbdf90a83d330c7c03031811a9d2ba5746253cd9f0b5b07d0b2ad1fad7',2,1,'MyApp','[]',0,'2020-03-19 07:10:40','2020-03-19 07:10:40','2021-03-19 07:10:40'),
('942c7f0d66963d0904580d77ab04cd1dbf5e910b1c6a4ac0353d06d19a7489add4603fdd44dde024',3,1,'MyApp','[]',0,'2020-03-19 07:16:09','2020-03-19 07:16:09','2021-03-19 07:16:09'),
('c04445f7a5f149b0468977178c12b6e2d184ada34383e012fdca8163719947c9d1f258a11fd01503',2,1,'MyApp','[]',0,'2020-03-19 07:40:22','2020-03-19 07:40:22','2021-03-19 07:40:22'),
('b0b450341d7b5a947298982c587d84b176c529238d0ff1ee844311a28b68799a7f7bfe9fa1c12948',1,1,'MyApp','[]',0,'2020-03-19 07:59:41','2020-03-19 07:59:41','2021-03-19 07:59:41'),
('c299ab9c6bd80f7e52f1263d6185aaeb9b412fa8ef8962128fe3e47bf5f651f9020b901a3d710bc1',2,1,'MyApp','[]',0,'2020-03-19 08:09:26','2020-03-19 08:09:26','2021-03-19 08:09:26'),
('714b63979601208e4944e37d90d503e7a2c24361daafe337211a3f7e8f48c834ad0d0863acc0c3d8',11,1,'MyApp','[]',0,'2020-03-19 08:32:39','2020-03-19 08:32:39','2021-03-19 08:32:39'),
('b6d6bf90eb8703bbdb3a196fc50b7c0d628c7a6461c19140617d7b7ee5289d9d559b984fa96c6f5f',1,1,'MyApp','[]',0,'2020-03-19 08:34:02','2020-03-19 08:34:02','2021-03-19 08:34:02'),
('df4e81b459cda2b38cf66a8916264136a5f162adfeae317b7a20220e6cfb6af6d041c250d7d2c6dd',3,1,'MyApp','[]',0,'2020-03-19 08:37:15','2020-03-19 08:37:15','2021-03-19 08:37:15'),
('57c45afc62aeb9cb2c13999269cc9338035f72d10a0b3a7b0da0d2224cedd7f46ff168a11094dbb0',1,1,'MyApp','[]',0,'2020-03-19 08:37:32','2020-03-19 08:37:32','2021-03-19 08:37:32'),
('16d2edfad726556d28521d817b339bb920fa828d2dc70bf5920fa3f3556e870645824360e9411155',1,1,'MyApp','[]',0,'2020-03-19 08:49:11','2020-03-19 08:49:11','2021-03-19 08:49:11'),
('934c04c575a89863d35c9feb4e6cb9d4082017e79326f623903c4fabd790604a6fbea39bc66716f8',3,1,'MyApp','[]',0,'2020-03-19 09:00:11','2020-03-19 09:00:11','2021-03-19 09:00:11'),
('08f13d95347f9f0cde51b0efcbd4e2420d0357e1c5bf60ab7fdc7842d2605d84d8dd1ba5c0c5549e',3,1,'MyApp','[]',0,'2020-03-19 09:01:56','2020-03-19 09:01:56','2021-03-19 09:01:56'),
('d0b762395b282abb84164c478f23da857b76a49526172030be2a8632329d438615b0c43b1bb08545',2,1,'MyApp','[]',0,'2020-03-19 09:24:34','2020-03-19 09:24:34','2021-03-19 09:24:34'),
('c3a6480e8ed51649274684a032282d76561a143543d2a67343f36411a9c91675dd568efb936761b7',1,1,'MyApp','[]',0,'2020-03-19 09:38:25','2020-03-19 09:38:25','2021-03-19 09:38:25'),
('b27dfe964fe4a266f63cdc29f33757798d93531292bd0495a33ff932e5e827a1d1d57312c74caa62',1,1,'MyApp','[]',0,'2020-03-19 09:41:45','2020-03-19 09:41:45','2021-03-19 09:41:45'),
('fa8b741eadf3d26a280e8469c1d939c56c1c020183b01ee4a758596025e36fd8b46834e030bdd458',2,1,'MyApp','[]',0,'2020-03-19 09:42:17','2020-03-19 09:42:17','2021-03-19 09:42:17'),
('02f6c6baa403c6dbd86443574af589c521829d3e55cb69c8e8f076cef6115d5e494e3078778f7fff',1,1,'MyApp','[]',0,'2020-03-19 12:16:43','2020-03-19 12:16:43','2021-03-19 12:16:43'),
('3c507be58d512dccf76c82a4edabe587dd49e6c0cec20cd73d3ab161d0232f5e893ac712d5141c43',11,1,'MyApp','[]',0,'2020-03-19 12:24:25','2020-03-19 12:24:25','2021-03-19 12:24:25'),
('ce0c4aec51e669358262039bca0459b2ac1705cf0bcf4e9cbed8d173fd32431ff19a40c71d79ec08',3,1,'MyApp','[]',0,'2020-03-19 12:25:44','2020-03-19 12:25:44','2021-03-19 12:25:44'),
('dbfa788f82f3d7686f58c244befc1296e15f428d3088459ed7197ce682e52b013ed26cd278ae572d',1,1,'MyApp','[]',0,'2020-03-19 12:32:00','2020-03-19 12:32:00','2021-03-19 12:32:00'),
('ffa58201c7ce97f93adc501b1a9750a649c34a7d790a656adfe65ee742cf9169dbb05b9337e3caaa',3,1,'MyApp','[]',0,'2020-03-19 12:32:54','2020-03-19 12:32:54','2021-03-19 12:32:54'),
('4f449d80caf7317c33c005e19ee26ec1ce775b37c7f602cc8d40691cb22671c28ab79781f9cb3ad0',1,1,'MyApp','[]',0,'2020-03-19 12:33:28','2020-03-19 12:33:28','2021-03-19 12:33:28'),
('95f3cfbf61f0591c82c45b92c95433a879d937899692a8b53588c0b7d66e162593c2b2f2dbb9118e',2,1,'MyApp','[]',0,'2020-03-19 12:54:31','2020-03-19 12:54:31','2021-03-19 12:54:31'),
('e018cae1e4d6db2db7dd9ba7ef1dba308bf53b052c79b331723c0d445c7b9f44bfedcd6145e34f75',3,1,'MyApp','[]',0,'2020-03-19 12:59:35','2020-03-19 12:59:35','2021-03-19 12:59:35'),
('a584fa64dc5e0c2ae68ed359bb70bfd28a508bf373bf4d5643cb6e802c273323026f80072a4b3a3d',13,1,'MyApp','[]',0,'2020-03-19 13:55:35','2020-03-19 13:55:35','2021-03-19 13:55:35'),
('76e76d06b4399be30fe098a4864d9007345b885ca75b9c5f28527dc6755f541c34ff34201bfeb1fd',13,1,'MyApp','[]',0,'2020-03-19 14:03:31','2020-03-19 14:03:31','2021-03-19 14:03:31'),
('68f4b1d8b0df45833d1240847d7436391810603a4ec1b1f269e53dcf60a0c0f0258ea037e5f79e16',2,1,'MyApp','[]',0,'2020-03-19 14:12:14','2020-03-19 14:12:14','2021-03-19 14:12:14'),
('3ef135a8fd6c1b9ee005465f979fd215aed92912c5bcd283663f03f10a80751b08811faf62606aa0',2,1,'MyApp','[]',0,'2020-03-20 04:06:25','2020-03-20 04:06:25','2021-03-20 04:06:25'),
('b6da8b61c3ee70f0766a0aea00afa89b69cf7d807518e034633173ac35f6ad4a50b9601cf1df5746',11,1,'MyApp','[]',0,'2020-03-20 04:39:31','2020-03-20 04:39:31','2021-03-20 04:39:31'),
('1a1335560166598ae0118683e1e9dc885628e9bb0ad541d109a040f8a41c22cb8f4085479037cb0f',3,1,'MyApp','[]',0,'2020-03-20 04:51:48','2020-03-20 04:51:48','2021-03-20 04:51:48'),
('c9060a0ae511e3493cc184d0f3705801cc90beb33f90fc29c30540a3a375f40d7a3043defe828d17',3,1,'MyApp','[]',0,'2020-03-20 04:57:20','2020-03-20 04:57:20','2021-03-20 04:57:20'),
('a755760cc3a1ae1d580ace558b185c204202761c9196589b7e3bf3d43e2b4f3ff9fb34094ad54c94',1,1,'MyApp','[]',0,'2020-03-20 05:32:07','2020-03-20 05:32:07','2021-03-20 05:32:07'),
('2ce362132b172bbced6d76b328b33595bd31854f0873e5461a9070c3cfcec027c002c0c708741af4',2,1,'MyApp','[]',0,'2020-03-20 06:41:36','2020-03-20 06:41:36','2021-03-20 06:41:36'),
('7f597e1ee4c90620df316072c51d1e3ec69583dc829c1e1268de9d017305fb662ee5480da308371e',2,1,'MyApp','[]',0,'2020-03-20 06:48:51','2020-03-20 06:48:51','2021-03-20 06:48:51'),
('ec913278cd869456c60ee9230c39dbf6f540cba157151408600faf373483e0c3a5742afb7884824e',17,1,'MyApp','[]',0,'2020-03-20 06:49:11','2020-03-20 06:49:11','2021-03-20 06:49:11'),
('788a6cef5a7f7b65244bd5bcc33f407ba2150d5c0c92f09dd8e83844ac72577b9809dc5e5859f29e',2,1,'MyApp','[]',0,'2020-03-20 06:49:26','2020-03-20 06:49:26','2021-03-20 06:49:26'),
('65650889985001d8c0cb7ee66b1cd32011cc2928d76fdf0cf52963d804be2dab862fccc32311c43d',13,1,'MyApp','[]',0,'2020-03-20 06:49:29','2020-03-20 06:49:29','2021-03-20 06:49:29'),
('f47b314dbacd68662e4d45a17b5f396cfcc7478cbe63430c834e3891fcc43b23f0e785c2366daf65',17,1,'MyApp','[]',0,'2020-03-20 06:50:39','2020-03-20 06:50:39','2021-03-20 06:50:39'),
('ec1d259b23e6a1ac4aa67b46df63e73c21ba38dfc29cbb67820f5284638e70466cb39f5c7c24f36b',2,1,'MyApp','[]',0,'2020-03-20 07:25:41','2020-03-20 07:25:41','2021-03-20 07:25:41'),
('085ede3aa749a94b363e2033f119989091b8a598d14e230f44ac1db6759e80d8dbab41ee5602cb4d',1,1,'MyApp','[]',0,'2020-03-20 17:52:14','2020-03-20 17:52:14','2021-03-20 17:52:14'),
('ae7a2600deeb72d0d64473d62928777486fa4c9e33034f8dc6b7fc2683598028db0eb1aca66df93a',1,1,'MyApp','[]',0,'2020-03-20 17:52:37','2020-03-20 17:52:37','2021-03-20 17:52:37'),
('60a3764340e4110b813f1a23217da8c9fde7da313c657578571a65e98029d009653a92e24438d36c',2,1,'MyApp','[]',0,'2020-03-20 17:52:56','2020-03-20 17:52:56','2021-03-20 17:52:56'),
('1072f86371062ae2cd178c203be4fb69884fe9afcd6229848f7f63028a0bd4a0f23dfccbda829ecc',2,1,'MyApp','[]',0,'2020-03-20 17:54:20','2020-03-20 17:54:20','2021-03-20 17:54:20'),
('fdca6b141d2a6fef753157a1e6498fe9d8c5e602f714a35fcb66c29e3f355990a6121327f7aa6bc5',2,1,'MyApp','[]',0,'2020-03-20 18:13:18','2020-03-20 18:13:18','2021-03-20 18:13:18'),
('a05b7e6b57f3287bc026480ddf5fd0ef0ada4f729cfc66707876f236f4a62bddb8a6a91546fc6984',1,1,'MyApp','[]',0,'2020-03-21 03:30:27','2020-03-21 03:30:27','2021-03-21 03:30:27'),
('554d021755ff3c7a11c40f133e32af14f07c2a917dc14d0f948c5436bac60ad9061005be3dcf08f4',2,1,'MyApp','[]',0,'2020-03-21 04:06:33','2020-03-21 04:06:33','2021-03-21 04:06:33'),
('17078c080854cd11048496e1250d88b908a0fc1cf45e61b3d3de9bf5924dd80fdc0859c6c8a312ad',2,1,'MyApp','[]',0,'2020-03-21 05:46:01','2020-03-21 05:46:01','2021-03-21 05:46:01'),
('a95e0d4bf85f533003d5877643fc1f4af6e25131a02e7446466db6c6ad6b11640156e002d1749bce',3,1,'MyApp','[]',0,'2020-03-21 05:58:52','2020-03-21 05:58:52','2021-03-21 05:58:52'),
('3308039245acd4e71b5ac350c05d9ad52eef64819550cadd1aec53faced7a9177ad00cf7984cf060',3,1,'MyApp','[]',0,'2020-03-21 06:00:03','2020-03-21 06:00:03','2021-03-21 06:00:03'),
('b94fc4192998b75973716106f78dcfc0888b5b44a4e9f8f1d7993766e48fff5c6c5cf481e4376b59',1,1,'MyApp','[]',0,'2020-03-21 06:27:55','2020-03-21 06:27:55','2021-03-21 06:27:55'),
('168f3592aa7136a15eed3e90f8ff524a41455d0f1ab275ceefdc551557614eebe364715e9823bc9c',1,1,'MyApp','[]',0,'2020-03-21 07:11:49','2020-03-21 07:11:49','2021-03-21 07:11:49'),
('8b70e2d17acc2dd85fce02813da89c865f36cb1ea57216f59e2de6c27f84492081a66bf5cf9b1e35',1,1,'MyApp','[]',0,'2020-03-21 07:22:42','2020-03-21 07:22:42','2021-03-21 07:22:42'),
('56ff208ee3b04a6b963efc2737d46706c29154ba104ab0266c7d1875ca6d13719511c3d2d724fff8',1,1,'MyApp','[]',0,'2020-03-21 09:34:31','2020-03-21 09:34:31','2021-03-21 09:34:31'),
('e73c2804d3f39dd37c91ccd129a3955503fb10eaeb2df5e5d8d1707db21e61047f54611de4ac8dd5',3,1,'MyApp','[]',0,'2020-03-21 10:43:41','2020-03-21 10:43:41','2021-03-21 10:43:41'),
('0f146153c705512941eae60cba3ec4dd56824f41a63137057c0060338766d5bc865961ca52ca668b',1,1,'MyApp','[]',0,'2020-03-21 10:50:41','2020-03-21 10:50:41','2021-03-21 10:50:41'),
('1b246f2d7c35ac797dadfe593bfe04b2176001c87c38b41829ec1fe8749afdb9290708ac22230dcf',1,1,'MyApp','[]',0,'2020-03-21 10:53:44','2020-03-21 10:53:44','2021-03-21 10:53:44'),
('17eebe80e3b5a4ab2e47b700cb2acc8df947887cb6ff8e78e5403da3d62188dd23a3230f75f25a74',2,1,'MyApp','[]',0,'2020-03-21 10:53:52','2020-03-21 10:53:52','2021-03-21 10:53:52'),
('58d4904eecf47d10587231e827a1d316f9734f2ca1cb4f623f6d7ecf6a11dabef72825dec0df1486',2,1,'MyApp','[]',0,'2020-03-21 11:03:24','2020-03-21 11:03:24','2021-03-21 11:03:24'),
('3fe78cc343e2dd1dd0f69092b86940b2343700d43cc801d0687e95bcbb73c461428c61070cda0557',1,1,'MyApp','[]',0,'2020-03-21 12:02:38','2020-03-21 12:02:38','2021-03-21 12:02:38'),
('b742b2fb8530471c009ca9b9abb5b71833e0dfbe808ab0dc992adfdb99e3b01120cab83b8b0cce2f',1,1,'MyApp','[]',0,'2020-03-21 12:04:11','2020-03-21 12:04:11','2021-03-21 12:04:11'),
('cc45000709396a0d24220f3bfa2582237ade40e448908fbf59209357bae5f2b8cf9c9e8c6b092a44',2,1,'MyApp','[]',0,'2020-03-21 12:11:27','2020-03-21 12:11:27','2021-03-21 12:11:27'),
('6fbebed243c9aa7c6b50cc1976db9c09c2479b014c1169d1ab08a145cd530bfe836826ea2c0dbbac',1,1,'MyApp','[]',0,'2020-03-21 12:12:00','2020-03-21 12:12:00','2021-03-21 12:12:00'),
('0bbd87e160ca2bc2a2ada35091d8a3cc1746225180ce9dd014c0b98d922cd2003873f0495dce738b',1,1,'MyApp','[]',0,'2020-03-21 14:58:53','2020-03-21 14:58:53','2021-03-21 14:58:53'),
('2bf560887967483b66607d89ecf08fc30935f2f393c4bd9fe66236a7b83106feae8e3b5477638e66',1,1,'MyApp','[]',0,'2020-03-21 14:59:03','2020-03-21 14:59:03','2021-03-21 14:59:03'),
('d7610b837c9778b3c102fd252c5d257532f9004d8ca9f6e056f040a34367cf3d539a985705c4ac10',1,1,'MyApp','[]',0,'2020-03-21 14:59:10','2020-03-21 14:59:10','2021-03-21 14:59:10'),
('e5941ff54259fd9e138a631c17c2d6c74ba647454aadd0e03f3b052c8d1338260c510efb339eed85',1,1,'MyApp','[]',0,'2020-03-21 14:59:29','2020-03-21 14:59:29','2021-03-21 14:59:29'),
('cb0ef2eb6898d3fb51e7f2d16d6e986c512393b656f1a89e425ab981eb6c38c93083fb4ff5d6c6ad',1,1,'MyApp','[]',0,'2020-03-21 14:59:55','2020-03-21 14:59:55','2021-03-21 14:59:55'),
('5b2baba0fd1b4e1a2c5785d309417ee4f096a6b4e35891b5c5a5333113ed57d6dd8f00f000d7e82b',1,1,'MyApp','[]',0,'2020-03-21 15:01:08','2020-03-21 15:01:08','2021-03-21 15:01:08'),
('58b9f6c49d6a4e0cbe2e1e3bb5cf4d9da43f6a3f2def368f4d8fe0607cb81339540383dcecfa9137',1,1,'MyApp','[]',0,'2020-03-21 15:01:27','2020-03-21 15:01:27','2021-03-21 15:01:27'),
('b40217acd28129a93f47adf57b023fa46a160396c4b5266d61ac22521e995cb982ff6ac57e9428c1',1,1,'MyApp','[]',0,'2020-03-21 15:03:25','2020-03-21 15:03:25','2021-03-21 15:03:25'),
('98a5d047c1ad04d1325c9fbff30417da53331c2829d51f0aede53a86862698bb5588954f6bcb252b',1,1,'MyApp','[]',0,'2020-03-21 15:28:26','2020-03-21 15:28:26','2021-03-21 15:28:26'),
('9b47b871b0a3815146aad31a877c2c439c5bbde6bee23d58f9c55f26b39c6320a49a7364fe306b30',1,1,'MyApp','[]',0,'2020-03-21 15:36:20','2020-03-21 15:36:20','2021-03-21 15:36:20'),
('bd68211a8826f8161c238107660c68f42b981ef2fa284c3225df80703a47c1ef0c6a2a8241c5d8c8',2,1,'MyApp','[]',0,'2020-03-22 05:16:28','2020-03-22 05:16:28','2021-03-22 05:16:28'),
('ea1f961bbf1892cf1583e5860dd63417c3a502cefde7c5e69c1d29aa6f3ee349b14faafcb9c91cad',1,1,'MyApp','[]',0,'2020-03-22 05:28:30','2020-03-22 05:28:30','2021-03-22 05:28:30'),
('c475a037e3ff818f67b9336a67c9f69f4d63c09fc9f7b26150c9b98d387862d7d78b52436d0a4c59',2,1,'MyApp','[]',0,'2020-03-22 06:01:54','2020-03-22 06:01:54','2021-03-22 06:01:54'),
('e30c49f21b5958085f0c6b60626cf4556988cd75fbc8b9f841423624215ede98ef11c059d9214798',1,1,'MyApp','[]',0,'2020-03-22 06:16:55','2020-03-22 06:16:55','2021-03-22 06:16:55'),
('4c9714b1443dccc931e8fa0f247084fd6f4f8fe270273ad0e66743a5392f18dede96a44e2aecb3ce',1,1,'MyApp','[]',0,'2020-03-22 08:52:43','2020-03-22 08:52:43','2021-03-22 08:52:43'),
('166bd7fd504093af721de4f654f1a37535033a55b6131e5386ff97d81b64889caf5d5da2b85aad2e',1,1,'MyApp','[]',0,'2020-03-22 08:53:50','2020-03-22 08:53:50','2021-03-22 08:53:50'),
('356de47c4350db8b23ec5452b8b601c11dec9829f52a0eff50327b31ea2c76c89a621f79eaa33b2c',1,1,'MyApp','[]',0,'2020-03-22 08:54:11','2020-03-22 08:54:11','2021-03-22 08:54:11'),
('d57dd93ed0b0b287b3a5b2988855f5a9e17931b54304640d450d94331a3614f04cc7dd7402eabf02',1,1,'MyApp','[]',0,'2020-03-22 08:56:14','2020-03-22 08:56:14','2021-03-22 08:56:14'),
('9bf81fd5e9dd94a50524229a1104489daa51cfc6aa582a051bb87dae53d3c2cc3071d4f3c5def097',2,1,'MyApp','[]',0,'2020-03-22 09:52:46','2020-03-22 09:52:46','2021-03-22 09:52:46'),
('3a5cb898baf09ba9b55cf5aace19e6418e49995a4c71fcaa342a7c35a4f5b8a2f86a015d58a71833',1,1,'MyApp','[]',0,'2020-03-22 10:05:33','2020-03-22 10:05:33','2021-03-22 10:05:33'),
('d7e9eb142679cf9132810bec72e7720df619d059cd36a27aa47ebaeb10d9e684684f9746058c4567',1,1,'MyApp','[]',0,'2020-03-22 10:05:38','2020-03-22 10:05:38','2021-03-22 10:05:38'),
('e76632afebafcf0282af608b2895db22c9aed389ce48eacbd13935cc75114c367b441c1d5d66b4be',1,1,'MyApp','[]',0,'2020-03-22 13:29:25','2020-03-22 13:29:25','2021-03-22 13:29:25'),
('a7807abd3125ded04b43c603724e9d62b3dc49ad544ce36d37ee1b1bdc67b2e4dd691b6ebd7907e6',1,1,'MyApp','[]',0,'2020-03-22 13:48:07','2020-03-22 13:48:07','2021-03-22 13:48:07'),
('209f1c02bfa33830aa71395d7d0314c561e54cc63c7677c772ce26011993c0c568a6dadcf2bcf698',1,1,'MyApp','[]',0,'2020-03-22 13:50:29','2020-03-22 13:50:29','2021-03-22 13:50:29'),
('86e6e75c7cb407ff454a02561e6374cac4084311634de1d00ee6945cbff9ed27a07a644f29f42cac',1,1,'MyApp','[]',0,'2020-03-22 14:48:44','2020-03-22 14:48:44','2021-03-22 14:48:44'),
('fea9ed8154057470e1ff257272433c8f9c342ce4fe388676acc0535b70d6b615effdecdd83941572',1,1,'MyApp','[]',0,'2020-03-22 15:15:00','2020-03-22 15:15:00','2021-03-22 15:15:00'),
('7ac8d28ad2f41ab828a08730fea37327dfd5774b7ee59c9cf4859078adff7cd7b29c90d8f4084f5d',2,1,'MyApp','[]',0,'2020-03-22 15:40:55','2020-03-22 15:40:55','2021-03-22 15:40:55'),
('16c88b849d13fa52eeb579b1fe033f6c3125c6c75b239d5238e4bc6f318d559952ff0772abea8db4',1,1,'MyApp','[]',0,'2020-03-22 15:41:03','2020-03-22 15:41:03','2021-03-22 15:41:03'),
('885eacab0037d579afb63591c22ecc1a12835313168de3e617393814c4dad7a7958b7e63ac7e023a',1,1,'MyApp','[]',0,'2020-03-22 16:45:30','2020-03-22 16:45:30','2021-03-22 16:45:30'),
('ebfd5154c1b959186486fec57dc3be4a2f982d64cbf524236416728b0d952d1182407a98178f7d77',2,1,'MyApp','[]',0,'2020-03-22 18:49:21','2020-03-22 18:49:21','2021-03-22 18:49:21'),
('311417de5959aa54467b77a4d035702f444162349a67d32d11e3ae4f8feb35274fee3532dfde9367',2,1,'MyApp','[]',0,'2020-03-22 18:58:53','2020-03-22 18:58:53','2021-03-22 18:58:53'),
('69851577029659320c825604d2d877f8530356b2d8e8c0e3ceb72334f350c55514ec90b9ebbf66e4',2,1,'MyApp','[]',0,'2020-03-23 03:55:19','2020-03-23 03:55:19','2021-03-23 03:55:19'),
('d006e79a75857d3f5b9ddaea9c39f03c27439338e1039a451acb24ce99f5f1f957597de954dc53b6',4,1,'MyApp','[]',0,'2020-03-23 04:26:58','2020-03-23 04:26:58','2021-03-23 04:26:58'),
('f39412ffe60386aa1d5d21d8a6e9b27e741a281e456d7b8215f85a9c9001f1402d64fe6c3eb777b5',3,1,'MyApp','[]',0,'2020-03-23 05:15:51','2020-03-23 05:15:51','2021-03-23 05:15:51'),
('9199161a43dc64be0d478c3cd34af24444075b5ef7308cac560e5fde8de46a05d7c589763ea91f3c',1,1,'MyApp','[]',0,'2020-03-23 05:26:18','2020-03-23 05:26:18','2021-03-23 05:26:18'),
('93ad52911fe6d83d1b6768d57a869f0a8edd184bb2ebcefb4521e53545d869c95c6c0bbf91ffeb56',4,1,'MyApp','[]',0,'2020-03-23 05:27:25','2020-03-23 05:27:25','2021-03-23 05:27:25'),
('1c5ca07f1c30b90469f76bc5f28c774d85ab4946cbfc1366cf9e2a0fece9a2023c2aec2b78696f69',1,1,'MyApp','[]',0,'2020-03-23 05:29:06','2020-03-23 05:29:06','2021-03-23 05:29:06'),
('7a07881a48b9307f91472a3de72206672a38a702fe169fb57be62bb96aa1532697194b97c9d5dc7b',3,1,'MyApp','[]',0,'2020-03-23 05:32:10','2020-03-23 05:32:10','2021-03-23 05:32:10'),
('d0928f72b1019ae17c614d272fb07bdcc8282e85cb871c784fa99f0d32b83ff578d3b78f10ae8adc',2,1,'MyApp','[]',0,'2020-03-23 06:03:53','2020-03-23 06:03:53','2021-03-23 06:03:53'),
('c29f163aeb1c051fa2d51140bfa4f97736b76129f8790dafe1208cb11b1d223ecb1d7345b430387e',1,1,'MyApp','[]',0,'2020-03-23 06:11:47','2020-03-23 06:11:47','2021-03-23 06:11:47'),
('cd7ea1068b368248fc9b9045ad150225f2d06c23a15a52cbad79ea8e15de3a0020250063fa3dbd40',4,1,'MyApp','[]',0,'2020-03-23 06:29:28','2020-03-23 06:29:28','2021-03-23 06:29:28'),
('8a26a03545398710e6ea39d797faaa2759be4f42fc747ccaaeb09e3fba819fc1d081c27647e1d439',3,1,'MyApp','[]',0,'2020-03-23 06:34:15','2020-03-23 06:34:15','2021-03-23 06:34:15'),
('b52a0bd45dc2080ae98a08418eab1fb4a56170ed3d21e8190552486ad54e1ee4ecad4eb77f30cc12',2,1,'MyApp','[]',0,'2020-03-23 06:57:09','2020-03-23 06:57:09','2021-03-23 06:57:09'),
('44eaf9e3059f8028d96f142525ecba1de30e83a61d4871383fc62c8155289e4caa21e41df676b850',1,1,'MyApp','[]',0,'2020-03-23 07:01:02','2020-03-23 07:01:02','2021-03-23 07:01:02'),
('564c40cda897aa13e62fe699f8a51555f4f9ca955f702c27696ef283a98569c08e30208be0597d15',2,1,'MyApp','[]',0,'2020-03-23 07:03:44','2020-03-23 07:03:44','2021-03-23 07:03:44'),
('a1cf57387cf24251f2e0cfd62624969a694ef60249413bac236bc8820c872cdeb6135e55ccc6782a',1,1,'MyApp','[]',0,'2020-03-23 07:05:22','2020-03-23 07:05:22','2021-03-23 07:05:22'),
('21caa7d4a67043dd517d8f98fd4bd3e9e497e29fc8bacb836b8b26adb4ae3c569e9a6773e5c9fca6',3,1,'MyApp','[]',0,'2020-03-23 07:11:45','2020-03-23 07:11:45','2021-03-23 07:11:45'),
('01c6d30ced1d53c6fe573dcb6709c14d21d3a6c77b21f675a987dde5a232c7addacf1e2aecc0a65e',2,1,'MyApp','[]',0,'2020-03-23 07:12:41','2020-03-23 07:12:41','2021-03-23 07:12:41'),
('e7ed0d8bfe66490f28d27a55758e490e1d2786db5928ecd75bc9de9d9fef78a704e84dfa3cc2fbff',4,1,'MyApp','[]',0,'2020-03-23 07:15:18','2020-03-23 07:15:18','2021-03-23 07:15:18'),
('8ba5511872febf60cd57a4d8a48cd1f4c37049212d26d22e010abf094e511e048e53666d348f1295',1,1,'MyApp','[]',0,'2020-03-23 07:32:43','2020-03-23 07:32:43','2021-03-23 07:32:43'),
('6d03e7fae0ae35da66f2d22132e2ddfa1c1656bf7c4b0ace751b6b86f36f16f43ef659ace9bde5bc',3,1,'MyApp','[]',0,'2020-03-23 08:20:55','2020-03-23 08:20:55','2021-03-23 08:20:55'),
('216d27c84b5bdd3779f51921b460dc15a2a56325cce98300fc2f906a650b43fd7395b41b44d821c1',3,1,'MyApp','[]',0,'2020-03-23 08:39:57','2020-03-23 08:39:57','2021-03-23 08:39:57'),
('533862fba274f5133eac357e6eeb80e7b3a31e081bbd52b53121b33b820e911055effa1e4bb7d901',3,1,'MyApp','[]',0,'2020-03-23 09:21:10','2020-03-23 09:21:10','2021-03-23 09:21:10'),
('1fb6075225ffbd0e46e61b11ce93884e225affbab587587b03378b05b5e2668985c2e3780d288eee',2,1,'MyApp','[]',0,'2020-03-23 09:50:07','2020-03-23 09:50:07','2021-03-23 09:50:07'),
('63de21d23dc5c5fdd048b3df0601da9240acabc8f02c3f9fcf74da887184c63b184a5a6e95f3ee7b',2,1,'MyApp','[]',0,'2020-03-23 09:50:51','2020-03-23 09:50:51','2021-03-23 09:50:51'),
('1e78b89f48d14ad91c4e45da4b7c7e434971fb231ae02befe5cffb726707d3584e041fceb0432900',3,1,'MyApp','[]',0,'2020-03-23 10:24:58','2020-03-23 10:24:58','2021-03-23 10:24:58'),
('026007cc5be26bac24cdd7276a20fb19c25f55df101614974dc6b4d5986db35fa497e55ea0f1a542',4,1,'MyApp','[]',0,'2020-03-23 11:10:41','2020-03-23 11:10:41','2021-03-23 11:10:41'),
('a350f1129c0bf631c95494a383d50c96519ec24540e67c8198c25899b547cd209da26e423bdc0958',3,1,'MyApp','[]',0,'2020-03-23 11:34:08','2020-03-23 11:34:08','2021-03-23 11:34:08'),
('3dd223e26e9639ec9dcefd5e059dc2d211b0101317c91def4124796681277d0475565bc1d0ac856b',4,1,'MyApp','[]',0,'2020-03-23 12:17:38','2020-03-23 12:17:38','2021-03-23 12:17:38'),
('97136b28a5e2189baf93c94cc61c438f0172c9cdd83fcf23b93d18dd8e2c4bf4e6599c26fa88bce8',2,1,'MyApp','[]',0,'2020-03-23 12:20:38','2020-03-23 12:20:38','2021-03-23 12:20:38'),
('eb6f06802c24845ef5fc818857de3bf6c1f72839a504026811e8a62c2bdf1ae12b0fde8f3c311724',3,1,'MyApp','[]',0,'2020-03-23 12:48:56','2020-03-23 12:48:56','2021-03-23 12:48:56'),
('6087958ff10a55ff32fcda1009c66eabaeb312dbacd6aeeb591abc506d5e776a6220f9cf7101b0ba',2,1,'MyApp','[]',0,'2020-03-23 13:23:49','2020-03-23 13:23:49','2021-03-23 13:23:49'),
('115b9c90eabf95e810d513d3b3bf6347243d80c28e84c03b733086c2e3d8118a668900481c9917ab',1,1,'MyApp','[]',0,'2020-03-23 13:35:06','2020-03-23 13:35:06','2021-03-23 13:35:06'),
('1dd1ed90ba913c699fc1e5df51cf1b5ba22024054f7bd5bba108209ef5f994e361a67c14ad32690c',3,1,'MyApp','[]',0,'2020-03-23 13:53:47','2020-03-23 13:53:47','2021-03-23 13:53:47'),
('6a3e39254d21e870f46a371532cf91753664814a89d346f1dad1826de6733ccd66bf4352e97bbcaa',1,1,'MyApp','[]',0,'2020-03-23 14:16:06','2020-03-23 14:16:06','2021-03-23 14:16:06'),
('f87ac64f0bfe86689e7de3ec4f126345d5d359d891c7068ca444ff2db7ae316c59444abb3211083a',3,1,'MyApp','[]',0,'2020-03-23 14:17:54','2020-03-23 14:17:54','2021-03-23 14:17:54'),
('aff32b71a96882d538ffc8cba4ca1d412dec014d3c89c7ca32cdf7db30eea388c815aeea82467d49',1,1,'MyApp','[]',0,'2020-03-23 14:22:00','2020-03-23 14:22:00','2021-03-23 14:22:00'),
('d04a71b4b533fd1796ac4162c5b2bb2148674bd4a29a5957c3e1596306f61ce03c4d856284a4a128',2,1,'MyApp','[]',0,'2020-03-23 14:22:43','2020-03-23 14:22:43','2021-03-23 14:22:43'),
('cb882136e70a78dc10ea8a3e5be3505481f603db328c03415f5ec8033b5f3ed519cd5f437ed3a147',1,1,'MyApp','[]',0,'2020-03-23 14:22:56','2020-03-23 14:22:56','2021-03-23 14:22:56'),
('e5c7b5e6faf1db677e25c213c87e6ef2e9b34282ac8f6d4b03ce34f7aa958bac6842d25766cde10f',2,1,'MyApp','[]',0,'2020-03-23 14:45:39','2020-03-23 14:45:39','2021-03-23 14:45:39'),
('701cd0a7568a2b734ffc80b4745fc54fbb1ce7c1bdbf7515329e406110ca9f8bab70e1af0594dec7',3,1,'MyApp','[]',0,'2020-03-23 16:21:17','2020-03-23 16:21:17','2021-03-23 16:21:17'),
('5c209d413799471d26ce1b7096fc0e59237bf3c33f1f7020fb6fcd6ab23f33038a0a191dbc9bebf6',3,1,'MyApp','[]',0,'2020-03-23 16:25:22','2020-03-23 16:25:22','2021-03-23 16:25:22'),
('2402017212331758630b166c8d5b13316cdbd75b753916b668548b98e2d35bdc32227191f1c17c49',3,1,'MyApp','[]',0,'2020-03-23 17:26:23','2020-03-23 17:26:23','2021-03-23 17:26:23'),
('21ea91a9847893da4f2eae6874b16d49f7d90581c7f6ba0b06d158be9623a8cf4f23936c0e6f7e04',2,1,'MyApp','[]',0,'2020-03-23 17:43:15','2020-03-23 17:43:15','2021-03-23 17:43:15'),
('50706ec83f089a4ce83e1fabb6994bce488e0ef65b9ebeb7cee9f638ea11ce1110e6ec6ed9be5b82',4,1,'MyApp','[]',0,'2020-03-24 04:34:10','2020-03-24 04:34:10','2021-03-24 04:34:10'),
('1d79d1dce0d8481bc8ce3ebfaadd03f69464fdea88d28ce93d94894ed0682ad9a8295a5486cecd8c',2,1,'MyApp','[]',0,'2020-03-24 04:42:43','2020-03-24 04:42:43','2021-03-24 04:42:43'),
('96b477827329cde339f1a282054b83906730092a0d8b32f30496117f97f36bd8ce8ec6470fc0b7ca',2,1,'MyApp','[]',0,'2020-03-24 04:45:44','2020-03-24 04:45:44','2021-03-24 04:45:44'),
('310cb328a7b7c532f2f97536449ee356ab69dce41daa704527816909b9a1c0d9588f082501fff088',2,1,'MyApp','[]',0,'2020-03-24 04:46:04','2020-03-24 04:46:04','2021-03-24 04:46:04'),
('8fd5ab8da7fa1723bcedf276848ceae5bf6b6620f7c80b2cc00df856c258f1e14a3e0e62cf84cec1',2,1,'MyApp','[]',0,'2020-03-24 04:55:16','2020-03-24 04:55:16','2021-03-24 04:55:16'),
('e13fd324c3b05a35501d437bce99e7e7e4bcdd71d5500d58668ad8e03b306a9752ad6c15c7347538',3,1,'MyApp','[]',0,'2020-03-24 05:07:00','2020-03-24 05:07:00','2021-03-24 05:07:00'),
('be04fb343b499cbe55706a45cc18cf1d904825f83eeee68f54ac6cef44a949b366854df0285c9175',1,1,'MyApp','[]',0,'2020-03-24 05:53:06','2020-03-24 05:53:06','2021-03-24 05:53:06'),
('a78e073ac6ee7bcd0cce16c2f574ea1486b4fc995df9144e0f6cf94b54830ff6d9995d884a633bf7',3,1,'MyApp','[]',0,'2020-03-24 06:07:46','2020-03-24 06:07:46','2021-03-24 06:07:46'),
('301cc81086701ebabbc5fea5baafb0411b5608236111dbf208f4f2e3a8ae3b492349009b21058974',4,1,'MyApp','[]',0,'2020-03-24 06:19:54','2020-03-24 06:19:54','2021-03-24 06:19:54'),
('eea91d069e20169f9684afaa58c2321525dd2f8e55167c0881ce573b8cd52f2ca2da59610613a7b7',2,1,'MyApp','[]',0,'2020-03-24 06:45:18','2020-03-24 06:45:18','2021-03-24 06:45:18'),
('93acf9847e03e5d532724e0e93c35d5b6216d0bb9921c2ea69add4aaede689e7fe0a967ccf23f43d',3,1,'MyApp','[]',0,'2020-03-24 07:10:12','2020-03-24 07:10:12','2021-03-24 07:10:12'),
('5a4448ecd9b636b7192bee4de1ed315244402407e30e461cfd6bdb71f3773ab32343c49b54b8df9e',2,1,'MyApp','[]',0,'2020-03-24 07:10:48','2020-03-24 07:10:48','2021-03-24 07:10:48'),
('4a27d5133c398ff715021d4a07c908b1889d7c4b33353ac54ede595217d774745b9668a2a1ba5ac3',2,1,'MyApp','[]',0,'2020-03-24 07:43:48','2020-03-24 07:43:48','2021-03-24 07:43:48'),
('5126288fe996dbe7395792273eb8a3fc27eda27b1f72a1224e7669a0959bdcd37e8c42f716d97dd0',1,1,'MyApp','[]',0,'2020-03-24 07:46:35','2020-03-24 07:46:35','2021-03-24 07:46:35'),
('3870dc1784abc074d5ccc8d3b84a43bee234a659e7315fe4c26e999dd85d463b5885bdbe07ec956f',2,1,'MyApp','[]',0,'2020-03-24 07:58:02','2020-03-24 07:58:02','2021-03-24 07:58:02'),
('94a7dce1746c8babb7d70d3853d74841c74e5825ed88bc15ddf7ede72571ff21f9b95e6ada202b2d',3,1,'MyApp','[]',0,'2020-03-24 09:02:23','2020-03-24 09:02:23','2021-03-24 09:02:23'),
('21450f02426e963b1222d6478fa625e098518a1885b86d0ae2faca69efe8e72f80514181972f0539',2,1,'MyApp','[]',0,'2020-03-24 09:10:26','2020-03-24 09:10:26','2021-03-24 09:10:26'),
('ce9583763b43960f710965cdb27400bbfdd57a6394f30f78d5819ad78239e559bc4db7795a9f8eed',1,1,'MyApp','[]',0,'2020-03-24 09:16:19','2020-03-24 09:16:19','2021-03-24 09:16:19'),
('45031cb55234572352338eacf6242e477b74813a1e7ec7077cbfe69dc11f41bf11a2137f3bb64f3d',2,1,'MyApp','[]',0,'2020-03-24 09:52:03','2020-03-24 09:52:03','2021-03-24 09:52:03'),
('a9eea5dcebea813bee37a3d728b6eb8f2c5ce6b35853d07bbb99440837188f1ce282a70622923d81',2,1,'MyApp','[]',0,'2020-03-24 10:01:21','2020-03-24 10:01:21','2021-03-24 10:01:21'),
('20c80f4f48b0ab3887a2651378067b130995204a7060ca24c80f05e2f9c06011b9913f9caecb448a',2,1,'MyApp','[]',0,'2020-03-24 10:27:18','2020-03-24 10:27:18','2021-03-24 10:27:18'),
('9a51c53f3950ff5d88b206fe0df2fb4db7027b66e3475bc13bb2ffb0fe44193ae0d3180f338ae5e4',3,1,'MyApp','[]',0,'2020-03-24 10:53:11','2020-03-24 10:53:11','2021-03-24 10:53:11'),
('6dbcbce9fd9e569e4458b87841fa25344cb8015a312992e1f74049c2c7c00a2391c11deb4ffd2921',2,1,'MyApp','[]',0,'2020-03-24 11:13:07','2020-03-24 11:13:07','2021-03-24 11:13:07'),
('d34214f8e8bd192f0bb65b9cb9660ce37fa61381c92c91b249f10369c48c493538414e466e4f6550',1,1,'MyApp','[]',0,'2020-03-24 11:44:09','2020-03-24 11:44:09','2021-03-24 11:44:09'),
('326b7fcdd219a26f5e02fa3889de9d57d9d8afe9f08684eadc67e5516ca9c174b00af81911900360',2,1,'MyApp','[]',0,'2020-03-24 11:45:17','2020-03-24 11:45:17','2021-03-24 11:45:17'),
('37a067970c157a8bd38d8e439c84a1041ea37251ac9403b5d2e41e5410bafe8a2905568d51fa5185',1,1,'MyApp','[]',0,'2020-03-24 11:50:01','2020-03-24 11:50:01','2021-03-24 11:50:01'),
('398b43d0ecb84626ea5b4b1b0abbfaa06e7bd7d4b3d188ed67dc97e6864fc789c0a295e696913995',3,1,'MyApp','[]',0,'2020-03-24 12:02:19','2020-03-24 12:02:19','2021-03-24 12:02:19'),
('46973c33e7937a508c3d589c0b335a83b8db3f34161eb41481aaf6d6ad9a9f9cf3140d27f2f4b28a',1,1,'MyApp','[]',0,'2020-03-24 12:19:08','2020-03-24 12:19:08','2021-03-24 12:19:08'),
('5b97d97328445d709f21e99622b8cf64d07ad264743de440ad62163b29ae896bfd0f676315da34ef',2,1,'MyApp','[]',0,'2020-03-24 12:22:42','2020-03-24 12:22:42','2021-03-24 12:22:42'),
('a72b6e2f7f1d8557a05fd17a5073a29d76eb49e88571b990da4dfead819aacaca1d679238e2d708d',1,1,'MyApp','[]',0,'2020-03-24 12:30:27','2020-03-24 12:30:27','2021-03-24 12:30:27'),
('93594709a76320c3d1fa5b66b51675a676cff24457bed26b4a97ba7d55eb29502e23e2eb71790e87',2,1,'MyApp','[]',0,'2020-03-24 12:30:42','2020-03-24 12:30:42','2021-03-24 12:30:42'),
('da8cd0147cbd082e13cdbcb8c6ebfe3715dde6304376c3d4ad5086a8ae4588df138a65845b3181a2',3,1,'MyApp','[]',0,'2020-03-24 13:06:16','2020-03-24 13:06:16','2021-03-24 13:06:16'),
('3f2e24fd7ccc6b84bad14f3b1c6ad33d2d43882227362fb287479e127cbc1a5211d36957a023920a',1,1,'MyApp','[]',0,'2020-03-24 13:23:47','2020-03-24 13:23:47','2021-03-24 13:23:47'),
('114f29751539ea0f037007931ccf078a63c29e937ec5b36c4d3e84b116e448745d46e23b2f7d1c78',1,1,'MyApp','[]',0,'2020-03-24 13:33:06','2020-03-24 13:33:06','2021-03-24 13:33:06'),
('eb0cd5332949835f0a7a80b6715df808ffa70f536fdd6a1e0d285485d51a8ed8dc9ea3ba2b462e79',1,1,'MyApp','[]',0,'2020-03-24 13:34:58','2020-03-24 13:34:58','2021-03-24 13:34:58'),
('32964fb9e464ff9c9117c235bceee94833cff5a3e3e4563c41f791e48ae3cfb47b497ebb04773b82',2,1,'MyApp','[]',0,'2020-03-24 13:36:38','2020-03-24 13:36:38','2021-03-24 13:36:38'),
('e97be6f55ab752cfb75cd456854c8bffb5a94b2548c6deaf27480895faf98583cc482f30460edf8a',20,1,'MyApp','[]',0,'2020-03-24 14:03:32','2020-03-24 14:03:32','2021-03-24 14:03:32'),
('f964e19c6eb719403f5a449a35a552a44f3b498281547f26720b34c93c3c55fd40e783998c8c731f',21,1,'MyApp','[]',0,'2020-03-24 14:11:29','2020-03-24 14:11:29','2021-03-24 14:11:29'),
('15b6dd2b0114a7b2a33b95a16358845e586dcf62d469e634832c273b4f493e4f6a0daf1dba4bb160',21,1,'MyApp','[]',0,'2020-03-24 14:12:33','2020-03-24 14:12:33','2021-03-24 14:12:33'),
('b2895095d03ec1278d7527f40a7de57cb065b0c8c3c0ec6e3846e617f7e830dc20003d01ac0a7991',2,1,'MyApp','[]',0,'2020-03-24 14:24:07','2020-03-24 14:24:07','2021-03-24 14:24:07'),
('cccf4d24c8773725b3f775614b5457c81fa1746f4bba11287409a52db0fb668fc9ae74dd66d87d52',1,1,'MyApp','[]',0,'2020-03-24 14:30:13','2020-03-24 14:30:13','2021-03-24 14:30:13'),
('4d4a04d58bd98f01a66c13baa0bc1985375d2a598076a05f77a02762077a29d573117635a96bcde2',2,1,'MyApp','[]',0,'2020-03-24 14:37:42','2020-03-24 14:37:42','2021-03-24 14:37:42'),
('db5e3b791b35dd4381c7c47df76099d0fa1b8191fea5968f08f15606c7e4d97b4ae2073883735ba4',1,1,'MyApp','[]',0,'2020-03-24 14:50:15','2020-03-24 14:50:15','2021-03-24 14:50:15'),
('0b65b275d54354221e04e462b9f88070d683588aacc095b94828287d2c386cbe8be1d62d6fad071a',2,1,'MyApp','[]',0,'2020-03-24 15:50:48','2020-03-24 15:50:48','2021-03-24 15:50:48'),
('c81839e65056b102cbdaefcb46216db45994791034b096483c96eedec27ecf21ce6fed5e06e75e61',2,1,'MyApp','[]',0,'2020-03-24 16:12:49','2020-03-24 16:12:49','2021-03-24 16:12:49'),
('07de2708fce28365e6d4e14bfaa3eba15f0e27988e8e2fc2e0051bc3b3df7b6b3cb8feb521a78aab',1,1,'MyApp','[]',0,'2020-03-24 16:12:57','2020-03-24 16:12:57','2021-03-24 16:12:57'),
('605726ba11af107987f2fdb294b91cead6f76e8a85ab32f69e1e99bea618288e4d0ccfc2c84f72b0',2,1,'MyApp','[]',0,'2020-03-24 16:39:42','2020-03-24 16:39:42','2021-03-24 16:39:42'),
('5c752353bf5c6b6e8b7300d48ea46e7ef699be421a2c036b7c4900afeece7343f266c8f71cca96a6',2,1,'MyApp','[]',0,'2020-03-24 16:41:52','2020-03-24 16:41:52','2021-03-24 16:41:52'),
('c7abfe5b33d43f85b586524b5730067354c90c67456eef72b2cf347a3b7ff6d635dbc6f7b6bc5731',2,1,'MyApp','[]',0,'2020-03-24 16:43:03','2020-03-24 16:43:03','2021-03-24 16:43:03'),
('66927496112239357c5fa36180a4b44d24f18925adb795ac09240b4831a19d6c91a4b8c9181d1974',2,1,'MyApp','[]',0,'2020-03-24 16:44:27','2020-03-24 16:44:27','2021-03-24 16:44:27'),
('4bff0ca34a5c83ef34e72e351ffc43d15b552a07ba866a250b5ba91b628ff1b65c75fce206b15c31',2,1,'MyApp','[]',0,'2020-03-24 16:45:04','2020-03-24 16:45:04','2021-03-24 16:45:04'),
('9bd7c49648d791f65300e70351acbf538af673c2d657b2e629c3db851e1d5de599353d0a52210769',1,1,'MyApp','[]',0,'2020-03-24 16:45:12','2020-03-24 16:45:12','2021-03-24 16:45:12'),
('de405fe5b41bd03f861242636cf64b902299581db1682eeabc99a895995c5cada5f9fd2ed9de62d9',2,1,'MyApp','[]',0,'2020-03-24 16:45:33','2020-03-24 16:45:33','2021-03-24 16:45:33'),
('bfb0b75f3cd309215311b379976533cfade0e248073ef202c9a6523bfa12b9c4d5153649b0b2c4d1',2,1,'MyApp','[]',0,'2020-03-24 16:58:10','2020-03-24 16:58:10','2021-03-24 16:58:10'),
('76c52f29dda33aab71c0f4e89ffbaca7f3f8a0f948aaa986314104cd1f626fbd1c617158aa5cd731',2,1,'MyApp','[]',0,'2020-03-24 17:52:45','2020-03-24 17:52:45','2021-03-24 17:52:45'),
('50af9f224d0d2a1469f80ff9ba2a5efba4b501cf95c07a32c8549c9730a5881e8d78214a60a46e1a',2,1,'MyApp','[]',0,'2020-03-24 17:52:52','2020-03-24 17:52:52','2021-03-24 17:52:52'),
('6c02195eb64ed3024f1a405537268f19b36fd592c93153ccec73f68c482395c1da4285075adfaedd',1,1,'MyApp','[]',0,'2020-03-24 17:52:56','2020-03-24 17:52:56','2021-03-24 17:52:56'),
('4e4d0df66faf05c4ac7281e41a060bbfaac9115c11d8c125d8322b852fc87bb16e7bcd0675feba8f',2,1,'MyApp','[]',0,'2020-03-24 17:53:12','2020-03-24 17:53:12','2021-03-24 17:53:12'),
('b0a0fe587c88a12ea70ed8dd655284492baf2b06fb12bbe37a6ed93fc93a276c0e003961bc3b1be4',2,1,'MyApp','[]',0,'2020-03-24 17:56:58','2020-03-24 17:56:58','2021-03-24 17:56:58'),
('f25df7b8cccf2d687579cf39e0ff5ae3dbf4917cf8fa8f7d4b41e67097d6fa1d1767c9fd0b33edee',2,1,'MyApp','[]',0,'2020-03-24 17:57:04','2020-03-24 17:57:04','2021-03-24 17:57:04'),
('95d1c340e80b4d9c9dd2dcd1fe66e4bc96f3feefc522aaf152a74acaeb4928c923787904b9b94153',2,1,'MyApp','[]',0,'2020-03-24 17:57:08','2020-03-24 17:57:08','2021-03-24 17:57:08'),
('4195fa10b5c1a5413eda1363e14c22705dbb9474fdb34671238b4d7d41b2b587f8151d9f2614e28e',1,1,'MyApp','[]',0,'2020-03-24 17:58:57','2020-03-24 17:58:57','2021-03-24 17:58:57'),
('5caea65e1ccf7d6dd72529d67de6b3295c4501ac19b4288e076993ab4fee98492ac6e2badc2540f0',1,1,'MyApp','[]',0,'2020-03-24 17:59:12','2020-03-24 17:59:12','2021-03-24 17:59:12'),
('1c445f023c55b56dfd5bb6e98c50204526bfd1d2027ae099c1c8d42d8201c5e946ca23193deb29a0',1,1,'MyApp','[]',0,'2020-03-24 18:00:25','2020-03-24 18:00:25','2021-03-24 18:00:25'),
('46230eadb87eb51a4dd7372a58bb495e70a9c45bd339345a18cdf304a80239c010a8c05a28f1e4b9',2,1,'MyApp','[]',0,'2020-03-24 18:05:35','2020-03-24 18:05:35','2021-03-24 18:05:35'),
('b305e8d9312f1bd9962ce371c19a096eef030b95843c720d737bff442a9f44b2ddf9a479ac32de26',1,1,'MyApp','[]',0,'2020-03-24 18:20:07','2020-03-24 18:20:07','2021-03-24 18:20:07'),
('39c3017d0863780cb5dd3406564b33a8b4bf0cfb3b955d3bc49e410003a6845eed4dda18291d607c',2,1,'MyApp','[]',0,'2020-03-24 18:24:45','2020-03-24 18:24:45','2021-03-24 18:24:45'),
('ddd24f34f7a15756aae4b1a19ec9af6ef8dd6e56c7c9736e29144ca5cdbf1b57119000e378b0b90b',1,1,'MyApp','[]',0,'2020-03-24 18:29:26','2020-03-24 18:29:26','2021-03-24 18:29:26'),
('8fc4f8fe068a97f69dd5ab4c4ab2539e346a0690f41fd9cb75f3cd967f4c2f38ce0ff1d48fe813c1',2,1,'MyApp','[]',0,'2020-03-24 18:41:22','2020-03-24 18:41:22','2021-03-24 18:41:22'),
('9ed99b1645defc079d1528be782cf192a0dd2941bc8488aa342552109cbda8680ecf9e91c6ba5c40',2,1,'MyApp','[]',0,'2020-03-25 03:07:34','2020-03-25 03:07:34','2021-03-25 03:07:34'),
('242c54c24a10957099d4948b8feb2281654c5ae82a72d37da7877709200c6b7b80c29bb83ca1f987',1,1,'MyApp','[]',0,'2020-03-25 03:18:23','2020-03-25 03:18:23','2021-03-25 03:18:23'),
('8308a6ffe7bfac83ad883f8a7896b264d9a98b8dbf88b5e2657cc2e6a6f5b8dee131bd21cba8d29e',2,1,'MyApp','[]',0,'2020-03-25 03:18:47','2020-03-25 03:18:47','2021-03-25 03:18:47'),
('234352374098e54b0d7378c42ec9d17ea5ef3300e742105367d60b726352564e6d66cb66a423701f',1,1,'MyApp','[]',0,'2020-03-25 03:22:33','2020-03-25 03:22:33','2021-03-25 03:22:33'),
('abc7924c2b5af0c898ffb8a7497c9bae0c674d354002b24e258d3a7c0b687d64d1d8199f2644ce58',3,1,'MyApp','[]',0,'2020-03-25 05:22:51','2020-03-25 05:22:51','2021-03-25 05:22:51'),
('bf78b38668bd0185a6527d6abffaffdfa0d6ff81d0d6a3a04d552313780b6b957a98c9010f77fb13',4,1,'MyApp','[]',0,'2020-03-25 05:53:01','2020-03-25 05:53:01','2021-03-25 05:53:01'),
('5b6e2316823adf527fd8e864b1e40ac7bd86d90d2bbed03d22464a2740a62c3905048ef9025fa795',1,1,'MyApp','[]',0,'2020-03-25 05:54:30','2020-03-25 05:54:30','2021-03-25 05:54:30'),
('b4adaa1034e7f85e50be3bdb62ac0bea681c1fef472028c591f45ff12476f64739376794ec1f3480',2,1,'MyApp','[]',0,'2020-03-25 05:54:57','2020-03-25 05:54:57','2021-03-25 05:54:57'),
('03b3b2e694426d26d5241d1c6582006e058fb3d5d504f6b332ee8bd83c3a8183034569a69d4ebb7e',3,1,'MyApp','[]',0,'2020-03-25 06:23:13','2020-03-25 06:23:13','2021-03-25 06:23:13'),
('499200513252dd4389aa8dfab04cceab27ebe32aaeb422bca5101fb70b6ba41ec07c35dc665cce8e',1,1,'MyApp','[]',0,'2020-03-25 06:31:07','2020-03-25 06:31:07','2021-03-25 06:31:07'),
('448346aec59524cc041afc033d92908c01b77995c082294b39295dbf520372e50991c73a41ff2073',1,1,'MyApp','[]',0,'2020-03-25 06:33:53','2020-03-25 06:33:53','2021-03-25 06:33:53'),
('4b21b3864e19f010776f2252828234cf7f8809b0f6bd56bc9bad22030680ce76bb13a713f9328d85',1,1,'MyApp','[]',0,'2020-03-25 06:42:58','2020-03-25 06:42:58','2021-03-25 06:42:58'),
('ea0b642f01eaebf5c84067699a15fd2f8a763b760632ec0dc492cf85fe286453d424f7ab19499302',2,1,'MyApp','[]',0,'2020-03-25 07:04:56','2020-03-25 07:04:56','2021-03-25 07:04:56'),
('ca75de2ccfec4b191d2b99f33bed702ff39ffcf6418746024bb8e9a8996f146056ceaafa73a46551',1,1,'MyApp','[]',0,'2020-03-25 07:32:10','2020-03-25 07:32:10','2021-03-25 07:32:10'),
('3d898b6b37267e769ed2a07f323445cf7de56f45e32063b0ef10c9001504ef2b5b88786ab3ae2a3f',2,1,'MyApp','[]',0,'2020-03-25 07:35:49','2020-03-25 07:35:49','2021-03-25 07:35:49'),
('7f04a6f02cb8d215890e3b5e241d7e15852a514ba7fb46362a8e4b88c1eca618cf8dd716318f89ef',1,1,'MyApp','[]',0,'2020-03-25 07:38:06','2020-03-25 07:38:06','2021-03-25 07:38:06'),
('cabe1801b701749079915d3b129676c482dc01fce95ce5ff46cda7d48e86c1e7d3edb174e231de15',4,1,'MyApp','[]',0,'2020-03-25 08:09:57','2020-03-25 08:09:57','2021-03-25 08:09:57'),
('62e3c39a81fbb62e46a753ab859b932bf467b422f2f241ba8489225c05caab141738c5d0fcb1140b',2,1,'MyApp','[]',0,'2020-03-25 08:32:22','2020-03-25 08:32:22','2021-03-25 08:32:22'),
('167085a5a047b8f35e7a4a17f5fb38cf2f961cd118e93f29230b866667f4d599ecfdd374ca9c585b',1,1,'MyApp','[]',0,'2020-03-25 09:04:22','2020-03-25 09:04:22','2021-03-25 09:04:22'),
('08835c5d45ca552c62e935d66d686b93282114d2faa2ce59c190d68b186903b2e64b7ab2652360b2',1,1,'MyApp','[]',0,'2020-03-25 09:28:59','2020-03-25 09:28:59','2021-03-25 09:28:59'),
('766559106a58a19a088b4885c8152d688648a1e47fc2ea44891a832053f769a1fcd0f08c7c358e68',3,1,'MyApp','[]',0,'2020-03-25 09:52:39','2020-03-25 09:52:39','2021-03-25 09:52:39'),
('e542de5ecf07c960de0b9195fa20725ac437e8337a978a2c4ff87e22211397b8ba4ff6f50e879ac3',4,1,'MyApp','[]',0,'2020-03-25 09:56:30','2020-03-25 09:56:30','2021-03-25 09:56:30'),
('9f4a66d6237a91c03bc99617276992a8e877e332a57d820087caf35c283d42e088de5cb91769fb94',3,1,'MyApp','[]',0,'2020-03-25 09:57:01','2020-03-25 09:57:01','2021-03-25 09:57:01'),
('ae853f80f6eaecfbd98a1b277c9e97afc3f35c2f670f03bfb733fdb96002a0d01c823e718b11f00f',1,1,'MyApp','[]',0,'2020-03-25 09:58:51','2020-03-25 09:58:51','2021-03-25 09:58:51'),
('801a2b7155fe7fa99dc0a4f4b10469920bddd28eb11b54836e02b57b86497f9c769c1fc515a99a68',2,1,'MyApp','[]',0,'2020-03-25 10:06:44','2020-03-25 10:06:44','2021-03-25 10:06:44'),
('d062cc1462432055d6fc886ec9a3db2f15623f9277ead63797fc84820521fc99a495d11ce0309e21',2,1,'MyApp','[]',0,'2020-03-25 10:18:49','2020-03-25 10:18:49','2021-03-25 10:18:49'),
('ed82766a59d3f1f28972705bbde0e07a245414e072a2017ee5f17dc957cecc4c651850be5d291a0c',1,1,'MyApp','[]',0,'2020-03-25 10:52:24','2020-03-25 10:52:24','2021-03-25 10:52:24'),
('11c400f29419c267e46648fbeb2a569c32099c094de0b4039f6d8e030973a5fa2816a84e82419b82',1,1,'MyApp','[]',0,'2020-03-25 10:52:44','2020-03-25 10:52:44','2021-03-25 10:52:44'),
('40fd6ec5f91e50738b634d42d278ab22bc8f0219fc0aa348eabb83658e5a7b0cdfa9713c1800e964',2,1,'MyApp','[]',0,'2020-03-25 11:08:57','2020-03-25 11:08:57','2021-03-25 11:08:57'),
('92c5bda70f17f065ac22dadfabeeb19e0e0f22593e392197d6ff37cef2ede0ef19ab29daa4a5aeba',1,1,'MyApp','[]',0,'2020-03-25 11:13:21','2020-03-25 11:13:21','2021-03-25 11:13:21'),
('bf46b7b370398bbb9d96ecc0d564542b1a7388a306de9cc524e48ac605945ed5f61bc99c385c2841',2,1,'MyApp','[]',0,'2020-03-25 11:20:15','2020-03-25 11:20:15','2021-03-25 11:20:15'),
('2f8c15017390cbdc69b009ee18f3ca9978a8132cca8ee407a65e42c18de9e5716ca7c86933ee72ee',2,1,'MyApp','[]',0,'2020-03-25 11:36:25','2020-03-25 11:36:25','2021-03-25 11:36:25'),
('70b22b2447bf273dc8a8d13c23d5a305013927da53932a2c32201bc47c716ce77f774b98cb63c2d3',1,1,'MyApp','[]',0,'2020-03-25 11:36:47','2020-03-25 11:36:47','2021-03-25 11:36:47'),
('8a000cd2d93de871de07bbb24f0356f7f26354c1646a8d7389ad98f3693164f93f2977d827e7f552',2,1,'MyApp','[]',0,'2020-03-25 12:34:01','2020-03-25 12:34:01','2021-03-25 12:34:01'),
('66d1e85a8b5727a5f34b9292e10b9912557a4d468c3886936c65d70b43fe9e3d64c63c4a60704bf9',1,1,'MyApp','[]',0,'2020-03-25 12:37:19','2020-03-25 12:37:19','2021-03-25 12:37:19'),
('95f3cc02dc1ba30c1cbc6d66be69081c21d9e88d968ea6fb389d46addf300e026d986ab4f803a524',1,1,'MyApp','[]',0,'2020-03-25 13:16:59','2020-03-25 13:16:59','2021-03-25 13:16:59'),
('2382297d3324e7a154a606c1b85feb560c52fee0c5dd97c658d678c839c953b61de10f6d30cac5ff',2,1,'MyApp','[]',0,'2020-03-25 13:17:25','2020-03-25 13:17:25','2021-03-25 13:17:25'),
('6e1e9992ad6aa1f701188533e44553bf77d385363fbcb021d9212e0f0ed7f8559fc8e0c540254c96',2,1,'MyApp','[]',0,'2020-03-25 13:23:08','2020-03-25 13:23:08','2021-03-25 13:23:08'),
('7d777cb56e5f78e766f71ed46a857d53df6ba24f6d45d4cdf3d54355598998617c0c4e68b98035ce',1,1,'MyApp','[]',0,'2020-03-25 13:26:44','2020-03-25 13:26:44','2021-03-25 13:26:44'),
('0f8734c0db4ac61ea1790bde203fec5c9f76d353de9ff16d1155bf9518290b2d21ab2fc154dab157',2,1,'MyApp','[]',0,'2020-03-25 13:27:51','2020-03-25 13:27:51','2021-03-25 13:27:51'),
('5a36d26bc821d06bcd2aa8fd5744dcb5f46bd1d6c49e566040462c3e751dca3c55e1fdcb3a3b567b',1,1,'MyApp','[]',0,'2020-03-25 13:31:09','2020-03-25 13:31:09','2021-03-25 13:31:09'),
('6b8a20c5e3c6f6c730eca9f274f9c5ddff68bf3d058289b4f3da2cc511caaaecaa947ec8194fc893',2,1,'MyApp','[]',0,'2020-03-25 13:32:48','2020-03-25 13:32:48','2021-03-25 13:32:48'),
('ca434132fc96a41ce867998fdbc06acdb8e0d7be710a8e2c3d070a091dfadf7af8a2dade6ff407c8',3,1,'MyApp','[]',0,'2020-03-25 13:39:11','2020-03-25 13:39:11','2021-03-25 13:39:11'),
('58448915c1352710120ac422f0cbac67a2be0fc9d0fc8ae0e15c77c63d5f83b6d196564d489c8a56',1,1,'MyApp','[]',0,'2020-03-25 13:39:26','2020-03-25 13:39:26','2021-03-25 13:39:26'),
('7777b6ff66e243b776b439ac36b213104558c7ac144aedfe393a958ff6b95d3d8b6e4c1aca7aac7f',2,1,'MyApp','[]',0,'2020-03-25 14:22:24','2020-03-25 14:22:24','2021-03-25 14:22:24'),
('293451400b88ef0ccb524b77f0b46576015562f9eb00b4116c0c32bba34d6483fcec549dae261cb2',1,1,'MyApp','[]',0,'2020-03-25 15:03:51','2020-03-25 15:03:51','2021-03-25 15:03:51'),
('dae465556b27db10f7ab88c8b304b0e5969513df3f177e5240d921f1a4534cf336ae086c1ede6e6a',1,1,'MyApp','[]',0,'2020-03-25 16:03:39','2020-03-25 16:03:39','2021-03-25 16:03:39'),
('c504fd521ec2e997b1e9c08d4d564d8f2159d06265a97f1147dd2b75912cb6860d1c6a4f81f85ff7',2,1,'MyApp','[]',0,'2020-03-25 17:31:01','2020-03-25 17:31:01','2021-03-25 17:31:01'),
('883447dae023d9b9d8f238b26ca9f7b81711948e04d19d39d7580caa2155883a7083a146fe674be8',2,1,'MyApp','[]',0,'2020-03-25 17:31:41','2020-03-25 17:31:41','2021-03-25 17:31:41'),
('245ec3d69efd7f66f0f6aa3fceb29866d2d53b0dd5ac9a60aff209e7ccef9529c6daeb072fa3ada8',2,1,'MyApp','[]',0,'2020-03-26 02:58:38','2020-03-26 02:58:38','2021-03-26 02:58:38'),
('9d8fdd926ce3d8533ba40eddcd6fd82bf5dc718960d8c6df022b704d1926b9ebd992e54c54a3bed6',3,1,'MyApp','[]',0,'2020-03-26 05:21:23','2020-03-26 05:21:23','2021-03-26 05:21:23'),
('c1c4607b5277adbb98b829736dec0ccc1cd30cdf194c7175dd347818387c0a892c9a21aada248f82',1,1,'MyApp','[]',0,'2020-03-26 05:22:24','2020-03-26 05:22:24','2021-03-26 05:22:24'),
('a6eda33d7f91c0bc830158e584e427a761081dfc8611305a8104ca0f3196d9e14de1da6ac07ced6f',2,1,'MyApp','[]',0,'2020-03-26 05:27:41','2020-03-26 05:27:41','2021-03-26 05:27:41'),
('5601a19c35a0c5bd960cc2f51c7335e05b5093e09abe0d22996e9386a665531bc7c15dbb8d4a3f91',1,1,'MyApp','[]',0,'2020-03-26 05:34:08','2020-03-26 05:34:08','2021-03-26 05:34:08'),
('076034319148bbf230f6bdbf5832ca88b9e95dc83922410be4e4218fd33ff64637d93fec504c7d46',1,1,'MyApp','[]',0,'2020-03-26 05:58:06','2020-03-26 05:58:06','2021-03-26 05:58:06'),
('4270069f68005c4ff1c1049e835e82795eee91e8052fbc670e6dc724fff117ed8ea530949babc998',2,1,'MyApp','[]',0,'2020-03-26 06:35:11','2020-03-26 06:35:11','2021-03-26 06:35:11'),
('ac363bd239b913fd5af4c9b555e8db2a5853c4199ab5344c359ff3499fa6c1bfa2655f7bdee54093',19,1,'MyApp','[]',0,'2020-03-26 06:36:19','2020-03-26 06:36:19','2021-03-26 06:36:19'),
('e53a0a6c02954a63b942b61f68702d2eaf232e7b1d38c46479fd9e26ec4e969729680a6d0f7a2424',20,1,'MyApp','[]',0,'2020-03-26 06:36:48','2020-03-26 06:36:48','2021-03-26 06:36:48'),
('5eefba5b01732e32201b6d3defdd6d3cd0617dc63647da5a7b1929a657a3fe76f303a43e4b3c3d58',21,1,'MyApp','[]',0,'2020-03-26 06:37:10','2020-03-26 06:37:10','2021-03-26 06:37:10'),
('13b284fdd50ee887a7e27fba1855d78c1ecab63272c485af3b36e6c327029d8ae1edc173ffece1df',1,1,'MyApp','[]',0,'2020-03-26 06:42:18','2020-03-26 06:42:18','2021-03-26 06:42:18'),
('4c7f97ceab04f6c6f77116d32b7e875c88f341a80257cfd904dd2b8bb89bfc97c4ab7650085e110b',2,1,'MyApp','[]',0,'2020-03-26 06:43:01','2020-03-26 06:43:01','2021-03-26 06:43:01'),
('d046bf34045f8bf589ec8f2aacf72438a33ce21b2ca4caf051a2f0195ed2abdeaf662f5000993693',2,1,'MyApp','[]',0,'2020-03-26 06:44:30','2020-03-26 06:44:30','2021-03-26 06:44:30'),
('5bbe40c086537ecaf76dd1cb736220df0b148fb27e139a210ffecf1901cbaaa59d1a9ca4302e2b38',1,1,'MyApp','[]',0,'2020-03-26 06:53:48','2020-03-26 06:53:48','2021-03-26 06:53:48'),
('ebf06cf48b2a56b7c9b9504587a5c178487324ac9b74c8d893dd5c5a7743f3ce22cca5d81eed8092',1,1,'MyApp','[]',0,'2020-03-26 06:59:11','2020-03-26 06:59:11','2021-03-26 06:59:11'),
('e77bc4aa286a6f5555f3f88bd594e94709661534d2f0a06ca457f2193fd751c931a4db23fc631201',4,1,'MyApp','[]',0,'2020-03-26 07:05:51','2020-03-26 07:05:51','2021-03-26 07:05:51'),
('b1dce8c8c4d9ff43e0dc513c00a1346a2b0b9490aa04d0a70425e4186b78949f84fe41fc9791e8f0',2,1,'MyApp','[]',0,'2020-03-26 07:20:37','2020-03-26 07:20:37','2021-03-26 07:20:37'),
('1718ba438375cfe7fbdd0285eea2fb96b2e80fdb0a94ab25219cbe1f12daca0d064506a2366860d7',1,1,'MyApp','[]',0,'2020-03-26 07:44:39','2020-03-26 07:44:39','2021-03-26 07:44:39'),
('cf5725be15359db6373cd664d7e13ae6b2a967abaa79212c5b5d056b543de310408e03c9f64ffdfc',1,1,'MyApp','[]',0,'2020-03-26 07:59:33','2020-03-26 07:59:33','2021-03-26 07:59:33'),
('01315cfbafceb5c3835db2f1905dfacbe7c529b808e9b93d112a93d8b0f65cc504fa883c464ab7f7',2,1,'MyApp','[]',0,'2020-03-26 08:13:36','2020-03-26 08:13:36','2021-03-26 08:13:36'),
('3c920e337d210b38108897296d5841476142e42ea5e8061883c3c5912c6f222d879eeda410085628',1,1,'MyApp','[]',0,'2020-03-26 09:15:51','2020-03-26 09:15:51','2021-03-26 09:15:51'),
('1c28bbc6623ad662f20eb7a163f66267856fa6e82865f932ab98f5396a1a3c1f992e500266a9cbda',2,1,'MyApp','[]',0,'2020-03-26 09:19:20','2020-03-26 09:19:20','2021-03-26 09:19:20'),
('18c0a452be4ea799472d82396206c2e6f2c70aeba65282d2e2e1330183cc4873323876073e14132e',3,1,'MyApp','[]',0,'2020-03-26 09:34:28','2020-03-26 09:34:28','2021-03-26 09:34:28'),
('be8986702e955bf4d12d729dbf0fd9d6016f3706e5b29f93be9acb7b1819162340b51dbad86a21d0',1,1,'MyApp','[]',0,'2020-03-26 10:10:42','2020-03-26 10:10:42','2021-03-26 10:10:42'),
('e2a1324382559ef3e172dc8031a192cea23d5d3f28627e0b6bc94694671d8e16b397e99af693f964',1,1,'MyApp','[]',0,'2020-03-26 10:36:06','2020-03-26 10:36:06','2021-03-26 10:36:06'),
('e92a30dca5e3e0c5448440f472578801ce7bed299cb309fb202813eaedbcf9d47abe43464b644473',1,1,'MyApp','[]',0,'2020-03-26 11:37:26','2020-03-26 11:37:26','2021-03-26 11:37:26'),
('4dec281b36d96d927292690e1661ee49573ff4b74cb3d40fee29ef6e20eca0cae25f0933bfe18d6c',2,1,'MyApp','[]',0,'2020-03-26 12:11:24','2020-03-26 12:11:24','2021-03-26 12:11:24'),
('e4930de2eba88fb21a5fd5ba449aab0120e3b73d73afa5779e22717849e5744ca8366731f86f4c0d',3,1,'MyApp','[]',0,'2020-03-26 12:41:29','2020-03-26 12:41:29','2021-03-26 12:41:29'),
('b2b74b7c13a0cef23b94c9f6086426acd06b0f5096c5681c33c660fce9c073935db3f16a32f89a0f',1,1,'MyApp','[]',0,'2020-03-26 12:54:04','2020-03-26 12:54:04','2021-03-26 12:54:04'),
('aed4ada6024f755a2aa0a681b5013851f20636cdfc606f1d3f2013d450def4e04c2afa1cb82150fd',2,1,'MyApp','[]',0,'2020-03-26 13:06:58','2020-03-26 13:06:58','2021-03-26 13:06:58'),
('a70ac783ca506b53ec2f6d83de8dcdd93900c21648317482a968f3f49061c449f92550bc22f7f67d',2,1,'MyApp','[]',0,'2020-03-26 13:40:48','2020-03-26 13:40:48','2021-03-26 13:40:48'),
('ba71b7cb613fcf6c6835c99751baf712e3a6a49bfbd76b9dd3da300969eedfb4d224cd80688c3fe4',1,1,'MyApp','[]',0,'2020-03-26 13:50:32','2020-03-26 13:50:32','2021-03-26 13:50:32'),
('0833edf202ebc46ec87165934c64fd781f97b197220ae8ab8ad28a4f9e0f1fa5e2fa5972cffeba29',2,1,'MyApp','[]',0,'2020-03-26 13:55:09','2020-03-26 13:55:09','2021-03-26 13:55:09'),
('f141a542d665dcdee35c72e867a3c0675f7dd586562f854e37a72645670fe4e859fb0a4bbb8bea7c',1,1,'MyApp','[]',0,'2020-03-26 14:02:38','2020-03-26 14:02:38','2021-03-26 14:02:38'),
('c34e66e844c2ac78a9b4aa546b150e52296537991cbdcdbd5682e537bd21e583723764f59e30c8e3',1,1,'MyApp','[]',0,'2020-03-26 14:59:11','2020-03-26 14:59:11','2021-03-26 14:59:11'),
('d34619ae95adcb557d6f792d3e4398ed8c174620848c329ea4493cc0caeb5975441f1c70de84a1ed',1,1,'MyApp','[]',0,'2020-03-26 15:10:18','2020-03-26 15:10:18','2021-03-26 15:10:18'),
('632d309b179ef2696ebb5ce66fa3530e89d0022caf2b201a4083523c99c0d7e24d1ed9d4e3d240c8',2,1,'MyApp','[]',0,'2020-03-26 15:33:38','2020-03-26 15:33:38','2021-03-26 15:33:38'),
('86cf48874ae1a2584acf6847e733e58f51d9b3dfcf317207524e650fd599dbd13821cca49636fa21',2,1,'MyApp','[]',0,'2020-03-26 15:44:31','2020-03-26 15:44:31','2021-03-26 15:44:31'),
('83ba0a70d45590e32fb573e11356157c7c6a67f0b1e976d4759d9492c5e4ac4363eb2eba2b8dd4f6',1,1,'MyApp','[]',0,'2020-03-26 16:46:45','2020-03-26 16:46:45','2021-03-26 16:46:45'),
('d74117559f2a68c0ea8aab9d0428a6c1df2c7aa557f93b1f4d01be0b3d7ff4371303a31d4c989a9d',1,1,'MyApp','[]',0,'2020-03-27 03:20:19','2020-03-27 03:20:19','2021-03-27 03:20:19'),
('6ac9d71adb96e5acc18867d4e386779f954d9525dadc2921f409a6b1faf8d8fd36f3b23ce23dd24f',2,1,'MyApp','[]',0,'2020-03-27 03:59:11','2020-03-27 03:59:11','2021-03-27 03:59:11'),
('ed6a26f89cc1e6b21b4bee3396eead578770762226961e3c3cb0ce8a44b5c2a6a8e81652fdb33334',1,1,'MyApp','[]',0,'2020-03-27 04:16:49','2020-03-27 04:16:49','2021-03-27 04:16:49'),
('564135f075c9d7b0b197cd1d8fea9ede6d98961123fbc8a8abfb85744dcbe5f3edbb787a3e5f3f63',2,1,'MyApp','[]',0,'2020-03-27 04:31:48','2020-03-27 04:31:48','2021-03-27 04:31:48'),
('57708027bd4a4348975e86907cbe487503f76755c7b91853924a8b4e041169c7a6d7c458b7eba457',1,1,'MyApp','[]',0,'2020-03-27 04:33:40','2020-03-27 04:33:40','2021-03-27 04:33:40'),
('874f2d544a5bc27f5d7d4c2b388649200611b7919fd3be0a6c6799e3814fed3765299e6cee4bd48c',1,1,'MyApp','[]',0,'2020-03-27 04:55:59','2020-03-27 04:55:59','2021-03-27 04:55:59'),
('596ddf197440e32c2d97ac5661fe626aed1468796ab74ca7c50657e608ea2d960c6209bc72f2ad03',2,1,'MyApp','[]',0,'2020-03-27 05:01:43','2020-03-27 05:01:43','2021-03-27 05:01:43'),
('6fc9c8d358dc0b5825eee3b0167b16b6c9dfe2e1a2306d59fcd4c4ae954399a9f1348b0ad73fa26e',1,1,'MyApp','[]',0,'2020-03-27 05:15:30','2020-03-27 05:15:30','2021-03-27 05:15:30'),
('a6dfa36fdfc5e22e3cafb6bc7e82eb7abf98ba5017af04c60327382db15b6dc6a690d4ee223e84c8',2,1,'MyApp','[]',0,'2020-03-27 05:24:08','2020-03-27 05:24:08','2021-03-27 05:24:08'),
('e4aa52b13f265c0a989933b7b7d652f9122fc6d2447e0dd09a517a3bc7369d9f0acec9575dab62be',1,1,'MyApp','[]',0,'2020-03-27 05:24:23','2020-03-27 05:24:23','2021-03-27 05:24:23'),
('388b4b5e99158d07f7dd00729331476ecd363ec6b3afe77e6aecbac79f6de7b112106b10c2e23299',2,1,'MyApp','[]',0,'2020-03-27 05:26:31','2020-03-27 05:26:31','2021-03-27 05:26:31'),
('535d040a10ef99104040ab8c8cb13fc5c4321f12747ea93b10101c01cc4351d76910180f43d9b498',1,1,'MyApp','[]',0,'2020-03-27 05:27:15','2020-03-27 05:27:15','2021-03-27 05:27:15'),
('7cd18d33978004f47a7f53d0ee3f28430282a2f99d78423a35e45ec7f0965361a6edd2c1b976c394',1,1,'MyApp','[]',0,'2020-03-27 05:29:33','2020-03-27 05:29:33','2021-03-27 05:29:33'),
('af8900ceade888b702abbf5b36208b4dc9718b3e025913b4ba8fe31482d0f3623ddf47fb496d1180',1,1,'MyApp','[]',0,'2020-03-27 06:08:25','2020-03-27 06:08:25','2021-03-27 06:08:25'),
('7a7e0da5b34de82acb641753b1dc785c58344a68a65b539ff844bdd3fe07dd6c26bd550ea7de4f2f',1,1,'MyApp','[]',0,'2020-03-27 06:10:18','2020-03-27 06:10:18','2021-03-27 06:10:18'),
('e502db05c74deca33296efd36bc8b35eb2f1f3d370546c73104e394e2bd3dd3fa4b7dea73004cafc',1,1,'MyApp','[]',0,'2020-03-27 06:21:21','2020-03-27 06:21:21','2021-03-27 06:21:21'),
('f6bf13194f11ce8873646693a742c836ea73146d554287f8d70d7027c56c8a93d7cc9a77bad9664b',1,1,'MyApp','[]',0,'2020-03-27 07:00:39','2020-03-27 07:00:39','2021-03-27 07:00:39'),
('81757c304534021d211840c22ed71680f87ff4aa6ca0ce7df7562411f456ef0b26b012cd9cde50bd',1,1,'MyApp','[]',0,'2020-03-27 07:15:30','2020-03-27 07:15:30','2021-03-27 07:15:30'),
('05e013eebe15e118b88ca4117cabfa83771c561887d94153d909e3d06aaac0a97370956d9d923c91',1,1,'MyApp','[]',0,'2020-03-27 08:50:57','2020-03-27 08:50:57','2021-03-27 08:50:57'),
('15516f24e9e6860c0cc0ddb3b0abdc598f00e591346173b12db75c37ac32341e3afb1b54db63d20e',1,1,'MyApp','[]',0,'2020-03-27 08:52:16','2020-03-27 08:52:16','2021-03-27 08:52:16'),
('d79eb42c1ee6bb797bf08b4f4611d6692761f028f9bd72aa46d828a77c6ff43242533bca28a62173',1,1,'MyApp','[]',0,'2020-03-27 10:35:30','2020-03-27 10:35:30','2021-03-27 10:35:30'),
('5a5be6719bc04d13a133996169d8eda979e4e1faca78844f696ea98f2a5dacc5aea4fa870cbcdbe0',1,1,'MyApp','[]',0,'2020-03-27 10:39:31','2020-03-27 10:39:31','2021-03-27 10:39:31'),
('d4a375aaaf427ca25155501d49ec4aa319b2764f4ce61fbfb4b1fe3edde7fc66e8e64fa2ddb5a498',3,1,'MyApp','[]',0,'2020-03-27 11:08:54','2020-03-27 11:08:54','2021-03-27 11:08:54'),
('6c4ee2566a95677b6fa0cd8cc29dd10476c25315dde30607de0c6e81616990d962f638de06ff7dc9',3,1,'MyApp','[]',0,'2020-03-27 11:12:11','2020-03-27 11:12:11','2021-03-27 11:12:11'),
('58f3aa1d956d5d638d4d4e86ad429aecf764e2c61b57d746cec2808c589f669df5c613de38b63ad9',1,1,'MyApp','[]',0,'2020-03-27 11:14:54','2020-03-27 11:14:54','2021-03-27 11:14:54'),
('580fbfaf90dd4d5ff5f022c9df6538fe0d7bdae5543d1e720236669220699b629f8209b8663a0baa',1,1,'MyApp','[]',0,'2020-03-27 12:09:00','2020-03-27 12:09:00','2021-03-27 12:09:00'),
('2a74af81ddb97f13eda8c7d72a0bc222f5adead3751d29ccb11d7d6d8902b9a7c72b0fdf6c2daaa6',1,1,'MyApp','[]',0,'2020-03-27 12:20:15','2020-03-27 12:20:15','2021-03-27 12:20:15'),
('ddc221694c51f084c1ff11189d936ea531dec4aa33e316ddd58575ebf0b877b94bbebf6df32449df',1,1,'MyApp','[]',0,'2020-03-27 12:20:33','2020-03-27 12:20:33','2021-03-27 12:20:33'),
('0ee9520b73793df21e43daebbcbaafb67f619eb309c4b591f2c64d4573a7cf05788452497fbded64',1,1,'MyApp','[]',0,'2020-03-27 12:21:44','2020-03-27 12:21:44','2021-03-27 12:21:44'),
('8adc393119e02ea34942e22bb01c1c4b6d40cb466a650c6b7ebd0d32400cf64fc829fb01bff8c5da',1,1,'MyApp','[]',0,'2020-03-27 12:21:58','2020-03-27 12:21:58','2021-03-27 12:21:58'),
('761cc6114edaf81e9fd583886314a654304878f57c5a406f14fa4839e6aa942403fab5fc395696c3',1,1,'MyApp','[]',0,'2020-03-27 12:22:14','2020-03-27 12:22:14','2021-03-27 12:22:14'),
('3cd6faab3eae0263878cb48dc83e234265957fdf6d8a7bda048de726060138cdc9df9d20ec90e282',1,1,'MyApp','[]',0,'2020-03-27 12:22:33','2020-03-27 12:22:33','2021-03-27 12:22:33'),
('0fce64df8d77c18f1a828e2a93d5dd9387956c8b8c151a0bcc9cad0e0d3badb820057c0ee55c8faf',1,1,'MyApp','[]',0,'2020-03-27 12:22:45','2020-03-27 12:22:45','2021-03-27 12:22:45'),
('ab03cf96164bb884b709a793e02ea6a55ceaf0b1dd71c96bdd620a660c001b3323a901bf52f3a872',1,1,'MyApp','[]',0,'2020-03-27 12:22:56','2020-03-27 12:22:56','2021-03-27 12:22:56'),
('bbaaec9344832f9dfc57a334c01250bdeac8944c0541ce30cd4068d70f4c7ba6e8a88b946d5cf109',1,1,'MyApp','[]',0,'2020-03-27 12:23:05','2020-03-27 12:23:05','2021-03-27 12:23:05'),
('1cde3fddb194f6705c4c93a4c7a66259b70795ffdc5a07d98fa806cd0b5439761d1d587efeff64a2',1,1,'MyApp','[]',0,'2020-03-27 12:23:20','2020-03-27 12:23:20','2021-03-27 12:23:20'),
('bb6ccc94a9a1ffdbab15c35a0b32429b06d47b5cd6ebe6196913d6e7918f2304a4a097f312fb1d1d',1,1,'MyApp','[]',0,'2020-03-27 12:23:32','2020-03-27 12:23:32','2021-03-27 12:23:32'),
('35058c4cef56cc402f78f61731dd4d4e30447627a5712eeee42d31334900f890418b8178672175bd',1,1,'MyApp','[]',0,'2020-03-27 12:23:45','2020-03-27 12:23:45','2021-03-27 12:23:45'),
('5108998023db3d486862e2299fd35989e9096728d3f1e41f1eb3e46f18608d3d94f07d98b17cebb3',1,1,'MyApp','[]',0,'2020-03-27 12:24:30','2020-03-27 12:24:30','2021-03-27 12:24:30'),
('d2d8016b341b90ff7a2f75f7ced81b0c52dd445a196e81057102265319a259e6e96efd0f108e2bc8',1,1,'MyApp','[]',0,'2020-03-27 12:44:06','2020-03-27 12:44:06','2021-03-27 12:44:06'),
('946ed27853f65a06f9fccb92d668f3e23f55e333bbb328bc2bc9406e335487bf9744c551af1f7065',1,1,'MyApp','[]',0,'2020-03-27 12:44:16','2020-03-27 12:44:16','2021-03-27 12:44:16'),
('7434c0948a01fab7c707ae2ff7dcbcd5ab8f0e3dc45f80595691c4fd0caf89245012c7e303b420ec',1,1,'MyApp','[]',0,'2020-03-27 13:00:20','2020-03-27 13:00:20','2021-03-27 13:00:20'),
('1f31a1529bc9fb5cff63bcaced7b8b2a01a31b2c0b427f17aab2c06b0e4d91f964bef5df3b3e252f',2,1,'MyApp','[]',0,'2020-03-27 14:48:47','2020-03-27 14:48:47','2021-03-27 14:48:47'),
('5546afae7174dcd78e5a80ba542aa47999ad4e735d412fca7829ebb1a6aedc5158dadf2afb73102e',2,1,'MyApp','[]',0,'2020-03-27 15:09:44','2020-03-27 15:09:44','2021-03-27 15:09:44'),
('067ca9fb038db3198e9c7c929b6f0a4c014cdd742b867de07022632882f45272acd8a23bd3f38280',1,1,'MyApp','[]',0,'2020-03-28 05:00:49','2020-03-28 05:00:49','2021-03-28 05:00:49'),
('a0047811df9f4522460890c526922873b858d9cbb7e38d461e52a87ec66e446269fc31a03d36c8a3',2,1,'MyApp','[]',0,'2020-03-29 08:10:10','2020-03-29 08:10:10','2021-03-29 08:10:10'),
('81a3f43c4363a721846819fbe54ec0faadecb15e2a40e269cf79132dbb5645f4ed9b0a311ea2d18a',2,1,'MyApp','[]',0,'2020-03-29 08:11:12','2020-03-29 08:11:12','2021-03-29 08:11:12'),
('0db4ba849c75d764db7573ae48c78bc026741db4f86af76dc2a2878b3c52a12b1b69344c431c9524',2,1,'MyApp','[]',0,'2020-03-29 12:28:20','2020-03-29 12:28:20','2021-03-29 12:28:20'),
('8d651bdb278bf1cba945ebb87dadf1a99b445d2e23a0db74f66d60c915591214fe47ae79d2a9cdb5',2,1,'MyApp','[]',0,'2020-03-29 13:29:24','2020-03-29 13:29:24','2021-03-29 13:29:24'),
('19ccbaa0f290fbc950ee08b481d6c6dbc36cdd9d47a978f21c138cee35bcbff7abac17b275f63509',2,1,'MyApp','[]',0,'2020-03-29 14:30:27','2020-03-29 14:30:27','2021-03-29 14:30:27'),
('683c296ff367c281499166fad6beff6a1eab01c1d9f9149a476daf3f26cb86b3bd5f2af98bd34102',2,1,'MyApp','[]',0,'2020-03-29 14:49:58','2020-03-29 14:49:58','2021-03-29 14:49:58'),
('6584edd7beb4c4cecac3569a1eb6abbd4e9eed5fe57752a6a8c9984e19a9f3a9e13bf32f358b7a18',1,1,'MyApp','[]',0,'2020-03-30 04:49:24','2020-03-30 04:49:24','2021-03-30 04:49:24'),
('67808ee7517872aec840b89f77fe16cb48fa1a31a4031004183d66bcf677116e9c170d7fd671aea7',1,1,'MyApp','[]',0,'2020-03-30 05:01:45','2020-03-30 05:01:45','2021-03-30 05:01:45'),
('d958234ed48cf5164c2a37195562fccb0d433fe5445078e1f3aba889570fde1b6533c09951013804',2,1,'MyApp','[]',0,'2020-03-30 05:07:44','2020-03-30 05:07:44','2021-03-30 05:07:44'),
('acb5c2b10467d2a3f448e89404aae42d0d97eb426277f0bb0881f1a0b9a377d910278783c1010d37',2,1,'MyApp','[]',0,'2020-03-30 05:10:10','2020-03-30 05:10:10','2021-03-30 05:10:10'),
('4e4fee7068c395142ed869101ac3be03780a438181d7824eef266c725d767d4b3b7a62d9d5d610ef',1,1,'MyApp','[]',0,'2020-03-30 05:28:12','2020-03-30 05:28:12','2021-03-30 05:28:12'),
('a399b2bc80fe4dca07f17dec76262d9e554bac3d3fcd1c4628233a27edfbd0d63cea1286d71eeedf',1,1,'MyApp','[]',0,'2020-03-30 06:07:35','2020-03-30 06:07:35','2021-03-30 06:07:35'),
('b7adbff3d05c23817f3f84e922a9b9d04604dd4a5c4aa58f02e5fff5031e1c48489e797051133b35',1,1,'MyApp','[]',0,'2020-03-30 06:10:07','2020-03-30 06:10:07','2021-03-30 06:10:07'),
('d91d6dcede01a35ac1e0edbf72d15d42c10ebcce6fd9cb108c97f353c4bc1f41a9b9c612ed79abd0',1,1,'MyApp','[]',0,'2020-03-30 06:11:29','2020-03-30 06:11:29','2021-03-30 06:11:29'),
('cd0fe0bbf4ddc829ac4afdf578c7d995858e6468717387da1413087749d9bb5511bbb943c0d58565',3,1,'MyApp','[]',0,'2020-03-30 06:11:54','2020-03-30 06:11:54','2021-03-30 06:11:54'),
('f2f32e7ee35bd68ee12f53d7d3bef2fa542dafbfc8cf0cb0e40c1f2e79b14573fd2518b5ec1e153b',2,1,'MyApp','[]',0,'2020-03-30 06:20:02','2020-03-30 06:20:02','2021-03-30 06:20:02'),
('4b2f1bcff3fcbfcf7a062fd0eedfdc6b57ef30dd3211e35f52362ae5f05e76994819799775632aa3',1,1,'MyApp','[]',0,'2020-03-30 06:23:31','2020-03-30 06:23:31','2021-03-30 06:23:31'),
('321f6cb95369370f6cd9399dfdcae68f295ee5c682c82f5d4085f4a34390b43f4b5e3ae717327369',1,1,'MyApp','[]',0,'2020-03-30 06:28:49','2020-03-30 06:28:49','2021-03-30 06:28:49'),
('b344c93815e3dad22825aa9a3e07eba081a72689aea3a72b8de5d6004e4b2502992b9ff50ad21c5c',2,1,'MyApp','[]',0,'2020-03-30 06:37:17','2020-03-30 06:37:17','2021-03-30 06:37:17'),
('41d98d037e00b43ed48634bcd6c6f9560b46f87f4bb028ccfe2f391c375d96c7f01d8de9391401c5',2,1,'MyApp','[]',0,'2020-03-30 07:05:22','2020-03-30 07:05:22','2021-03-30 07:05:22'),
('afc51e3d620f1598fc8b17ec137d9891cd258cf0fb8ae8f5ebb2e3961d9e806e1d534cb16095b430',1,1,'MyApp','[]',0,'2020-03-30 07:14:01','2020-03-30 07:14:01','2021-03-30 07:14:01'),
('ea58e5c665eb35eeaf768cfd470c403e39d6b64b55ffb49fc282e0672389311c794f888b835ed959',1,1,'MyApp','[]',0,'2020-03-30 07:16:33','2020-03-30 07:16:33','2021-03-30 07:16:33'),
('5c91d9d60efd0410097442ccaaac8fc9d76dc5815e95fd98dd6b6f72bcc0016a33594af501c71115',2,1,'MyApp','[]',0,'2020-03-30 07:17:51','2020-03-30 07:17:51','2021-03-30 07:17:51'),
('5b915f79c2e9a33ab6cecfe859dbeb08c9d114c7fffcd9a9809c10dbce67e77a96be9a7238101fdf',1,1,'MyApp','[]',0,'2020-03-30 07:19:10','2020-03-30 07:19:10','2021-03-30 07:19:10'),
('8dfd62d0e6d66d5e3bf13dda01d0e6aa59e3f99b7be677ac0aab3ebc31ab6c90b55713255f87fe8b',1,1,'MyApp','[]',0,'2020-03-30 07:22:19','2020-03-30 07:22:19','2021-03-30 07:22:19'),
('510be4e641db225ebee792bff5fa7afee35c34e901be144cd5dda5ee73a9209065a956b035f56111',2,1,'MyApp','[]',0,'2020-03-30 07:31:36','2020-03-30 07:31:36','2021-03-30 07:31:36'),
('d1ad43dcf11955b6e67557c0f6fc0435b7871d821d3473f5ab1df68abb61d124bab47e0e27fe5caf',1,1,'MyApp','[]',0,'2020-03-30 07:32:16','2020-03-30 07:32:16','2021-03-30 07:32:16'),
('37d05b4c11f7488fdbd9b431e71c763f1f4e108a3f43844cf894ad096ecdc3ac99633ff67e7abd21',2,1,'MyApp','[]',0,'2020-03-30 07:35:13','2020-03-30 07:35:13','2021-03-30 07:35:13'),
('39645025d704ccaf86598c8a53ab1f4ce471f11ca712ddb8b1762e53d590351919d1efba6a77aecb',3,1,'MyApp','[]',0,'2020-03-30 07:37:27','2020-03-30 07:37:27','2021-03-30 07:37:27'),
('625ef8ba4cf917341a922903d4471f7596b2a118fd897a28cdf66be8590182cb71621a2e1ab053af',2,1,'MyApp','[]',0,'2020-03-30 07:51:00','2020-03-30 07:51:00','2021-03-30 07:51:00'),
('e5f889c0691b98bd0851c526adbfcfdff94d9234bd09ae49bece22331e070f358a88cac6653a8d9a',1,1,'MyApp','[]',0,'2020-03-30 08:02:37','2020-03-30 08:02:37','2021-03-30 08:02:37'),
('a868bba616f4913dc5e7fd937fd6b4a30fbca10ae7e051066be2218721d4c6a3c91152b55081c5af',2,1,'MyApp','[]',0,'2020-03-30 08:03:19','2020-03-30 08:03:19','2021-03-30 08:03:19'),
('1f9ccbe8c18aec77b3ed868aef3fc288256831bdbe6cf36cf9f5b603987e9835341eb2ab89537535',1,1,'MyApp','[]',0,'2020-03-30 08:10:04','2020-03-30 08:10:04','2021-03-30 08:10:04'),
('05cde95670b2afde9b3378dae603dfd6a81d0bf4c7d3c310698f1c96db233abe625e32aaa2f69dc4',2,1,'MyApp','[]',0,'2020-03-30 08:21:44','2020-03-30 08:21:44','2021-03-30 08:21:44'),
('7dda97bb476f1c6acc4929cbcb664e25478b52e50fc220260d71228ddea2bfbe5d2761f0f8f290b9',1,1,'MyApp','[]',0,'2020-03-30 09:21:24','2020-03-30 09:21:24','2021-03-30 09:21:24'),
('a43fe8c7e12944b6ffc77f8aeba8c8076e84e8e9bc8c4ec060e7eeccd76cbc516e9c150422c2519c',2,1,'MyApp','[]',0,'2020-03-30 09:21:56','2020-03-30 09:21:56','2021-03-30 09:21:56'),
('73a2135efef81a32595c3cc0ef5ec37b7733c04c9f1485629383b2b6cd25e8a17cfd83155577f589',2,1,'MyApp','[]',0,'2020-03-30 09:26:45','2020-03-30 09:26:45','2021-03-30 09:26:45'),
('5b825193fc7d8b44d4fca1fd16d1e676407eaf22a53e12a2b7d388c665c5f5c8dc0f8d7c3b6def47',1,1,'MyApp','[]',0,'2020-03-30 09:47:58','2020-03-30 09:47:58','2021-03-30 09:47:58'),
('b271e6fa61451619163a4301a10e445636d24808399ad9c511a320dd2af7f854170ed3ff51e7b3bd',2,1,'MyApp','[]',0,'2020-03-30 10:01:05','2020-03-30 10:01:05','2021-03-30 10:01:05'),
('fac7c64b2c3b5b6b0a5dba7b30e41315d15d7918fd0b69c1ebdae3852cee8ed1dd5d120c885d0d08',1,1,'MyApp','[]',0,'2020-03-30 10:06:44','2020-03-30 10:06:44','2021-03-30 10:06:44'),
('ba114367fb6464b495664bd5a7bbd825b02817f15d06350b3d0b0f209dddfb504acd3c2d048cd27a',2,1,'MyApp','[]',0,'2020-03-30 10:07:14','2020-03-30 10:07:14','2021-03-30 10:07:14'),
('d8e07536ec0654d62a1c936239f25b3821f6029461af115910c8f2aeb88dca561c462c651ec4712b',1,1,'MyApp','[]',0,'2020-03-30 10:22:13','2020-03-30 10:22:13','2021-03-30 10:22:13'),
('60c9e268445bfc1ed4b1f47616b1a7c29118adbf876a73e26bd5d5fc740fcd1e9215794b120bc6dd',2,1,'MyApp','[]',0,'2020-03-30 10:22:44','2020-03-30 10:22:44','2021-03-30 10:22:44'),
('0a802de587337aa7c8eeb83c1ec43b9fa9eed0244069b3f4e575ecb2312dca45960a9cb56c84a633',2,1,'MyApp','[]',0,'2020-03-30 11:18:29','2020-03-30 11:18:29','2021-03-30 11:18:29'),
('d6e50bfdd98b305b35b94490976d9d6f080dc6c287e25e8bef9b663e58899fdadad9edbbda60cfe2',2,1,'MyApp','[]',0,'2020-03-30 12:50:25','2020-03-30 12:50:25','2021-03-30 12:50:25'),
('5c732283a4b0b95fe3eed2715716821884861f824e3b97b919aa5201a72f785c392b2dc509f1df2d',2,1,'MyApp','[]',0,'2020-03-30 12:52:36','2020-03-30 12:52:36','2021-03-30 12:52:36'),
('b236b8da883880633bd980bd4618e989db0610a7af9e61fc51ad9a93596e3069d032ecaef5c1cf58',3,1,'MyApp','[]',0,'2020-03-30 12:52:48','2020-03-30 12:52:48','2021-03-30 12:52:48'),
('ecba9d6b003351264d4be9ee28cb14a4b4d9a9816dacae1474960e3c470c636607edc61641b91800',2,1,'MyApp','[]',0,'2020-03-30 12:53:05','2020-03-30 12:53:05','2021-03-30 12:53:05'),
('d7da17a1cee400956a4efcf2cf7e828e72eb56f61542b2fdb83cac6f5aafb1a5a578c11522837c0e',2,1,'MyApp','[]',0,'2020-03-30 12:53:51','2020-03-30 12:53:51','2021-03-30 12:53:51'),
('0341aec263104c47387df9dbc6c5f63ee173f8a9902ba43bb33e3b269f0fbaeffb96e0634fe566f1',1,1,'MyApp','[]',0,'2020-03-30 12:54:07','2020-03-30 12:54:07','2021-03-30 12:54:07'),
('4be3a8ce6f99ebb68fabba92c65ca7785c0c5ae8f2dece5b911b67497878c871a37e689f219e401d',3,1,'MyApp','[]',0,'2020-03-30 12:57:18','2020-03-30 12:57:18','2021-03-30 12:57:18'),
('1a33dd1323ac076e20dfa751545478594ed03b194dccb8d741c4567b2d3737cf1570a8e35d73eb0e',1,1,'MyApp','[]',0,'2020-03-30 12:58:25','2020-03-30 12:58:25','2021-03-30 12:58:25'),
('87c2ce29278a853526c2f07f09bd4f63d1d1438ddaa2dc2f035cad1d942c7466c2e777c28bd88106',3,1,'MyApp','[]',0,'2020-03-30 13:02:36','2020-03-30 13:02:36','2021-03-30 13:02:36'),
('fbd71b08702420ff4780d338a00794ca255ce01969928f1e5e52fd16fa9dafed682d19b49637c3f9',3,1,'MyApp','[]',0,'2020-03-30 13:04:12','2020-03-30 13:04:12','2021-03-30 13:04:12'),
('40c86c014dde92d62a40d790a524f0d3b65451294e7abc5da7a5061eec0c461c3f20464a2ab2c323',2,1,'MyApp','[]',0,'2020-03-30 13:04:31','2020-03-30 13:04:31','2021-03-30 13:04:31'),
('bf49b0c87bd91f62774123b16ba979598cbdd50ce02630dbe0103cacda51785a674bd4e6a41f3b33',3,1,'MyApp','[]',0,'2020-03-30 13:04:34','2020-03-30 13:04:34','2021-03-30 13:04:34'),
('aae19410d8858f5f397ffeea2b6c68e250cbe2f92c58e53b2d1ed92b9f5a8ac509d65426d9a39b9a',3,1,'MyApp','[]',0,'2020-03-30 13:49:20','2020-03-30 13:49:20','2021-03-30 13:49:20'),
('35e22c6dbccc40440b0c8dd207fc0df00aa9975d9cae6e121ef885f71af4c534ff30ccde4018aa04',4,1,'MyApp','[]',0,'2020-03-30 13:50:22','2020-03-30 13:50:22','2021-03-30 13:50:22'),
('422b5adf7dcf3767b9c32c54e5dfdba7d2792b2483bb2ce801d148ecc6516a9ea2775aefe2311296',2,1,'MyApp','[]',0,'2020-03-30 13:50:40','2020-03-30 13:50:40','2021-03-30 13:50:40'),
('a50b2c0ce3f27a07835547bbdc3e88acad5ea5724034e521d2f4ead9ce3c44458c608669321f456b',2,1,'MyApp','[]',0,'2020-03-30 14:27:16','2020-03-30 14:27:16','2021-03-30 14:27:16'),
('838cfe445e46ce8bb7ccdfc6eca9053555e6dee4c425f75400318fe7edb9e34b1cee0352f6f6f2e1',2,1,'MyApp','[]',0,'2020-03-30 14:51:35','2020-03-30 14:51:35','2021-03-30 14:51:35'),
('92bbfa29dc02ecdcfb7279a2513988b30b6b1189222fcee2c7463ca4c813af6d47e48f48b7fc41a3',2,1,'MyApp','[]',0,'2020-03-30 14:58:41','2020-03-30 14:58:41','2021-03-30 14:58:41'),
('b19d3a9e57051ed9e2aff56edbe8c57f6ce7e475c29285abdcb60b4068ffe61eda01b7ef3d4935cd',2,1,'MyApp','[]',0,'2020-03-31 02:41:07','2020-03-31 02:41:07','2021-03-31 02:41:07'),
('29ec654c409071dd827741848eb340ee8e70470996f6d63ed234aadc36ae74e7f039b2547cd78a32',2,1,'MyApp','[]',0,'2020-03-31 04:58:41','2020-03-31 04:58:41','2021-03-31 04:58:41'),
('27b34dfa44ce19514e61a78e701ad6086ec294d5742cebe3e93a63aa728d1aa113634260b725091c',2,1,'MyApp','[]',0,'2020-03-31 05:05:30','2020-03-31 05:05:30','2021-03-31 05:05:30'),
('be7d61f5f71666ff97b15ca3f30c27d570e2d26b438cb8ae5c012002ddd866dafde9605d61ed0ff0',2,1,'MyApp','[]',0,'2020-03-31 05:06:00','2020-03-31 05:06:00','2021-03-31 05:06:00'),
('f873457da5f1ff494aab8995392ff558f7ec982f6806940748b0f25d205c19128337abcf53494006',1,1,'MyApp','[]',0,'2020-03-31 05:18:22','2020-03-31 05:18:22','2021-03-31 05:18:22'),
('d0fe65c27e382511182cd6ebb0fc2d3704fb465a50fa648e234ac4023db9abd9823478654acdd0cd',2,1,'MyApp','[]',0,'2020-03-31 05:36:59','2020-03-31 05:36:59','2021-03-31 05:36:59'),
('74a7a4e7447a7b62126bdd46146da03d121b1bb64c0d527d6d23bf89112a7a52804b424055b4b864',1,1,'MyApp','[]',0,'2020-03-31 05:37:32','2020-03-31 05:37:32','2021-03-31 05:37:32'),
('85babef844c8f3530e1d668246d06c32a3354350318ac38a83c1cfa98443110465875729fceb6182',3,1,'MyApp','[]',0,'2020-03-31 06:00:58','2020-03-31 06:00:58','2021-03-31 06:00:58'),
('42fcce156ef4050a78ebcf3b4369c3b96fc2397f0967271c653728481796f923034176b0a61041d2',1,1,'MyApp','[]',0,'2020-03-31 06:43:19','2020-03-31 06:43:19','2021-03-31 06:43:19'),
('21d175376f1df9201732165afce6226265d16b6cee2dfec35d390cc710d62ec437f8073a0b1a854c',2,1,'MyApp','[]',0,'2020-03-31 06:54:43','2020-03-31 06:54:43','2021-03-31 06:54:43'),
('e6cc3c5b8002335ba5609622169e61ce680a254584c395359e116f7efe0f2039d747a874b4fd5ea2',2,1,'MyApp','[]',0,'2020-03-31 06:59:46','2020-03-31 06:59:46','2021-03-31 06:59:46'),
('d4981602b9985e790e32b9c176dc1aa483a8a39a6188fb5d96c1d8b6c55ba613215463e93fc71a32',3,1,'MyApp','[]',0,'2020-03-31 07:04:29','2020-03-31 07:04:29','2021-03-31 07:04:29'),
('d873403993a1ad2ba8bcb120256b932978692fa2bf88bde25a96529ccacfd390ce2bc7d38539663a',2,1,'MyApp','[]',0,'2020-03-31 08:19:41','2020-03-31 08:19:41','2021-03-31 08:19:41'),
('9129fac46d6c5ed1528d84131ab08f35076a38a093d1e579cd06e998d854af1518fcbbefa2d272ee',3,1,'MyApp','[]',0,'2020-03-31 08:21:41','2020-03-31 08:21:41','2021-03-31 08:21:41'),
('40763ecef4f78ec2b1ff532c3b353adc9ba7e9bc69cf24c57c2a28405769a76ae48663fc63c469d1',2,1,'MyApp','[]',0,'2020-03-31 08:31:03','2020-03-31 08:31:03','2021-03-31 08:31:03'),
('e6d89514ba592b546c8ca3a8145dac7aa442f194c90426a33dbde571c8a4b48e8ef1e0b8c446f917',3,1,'MyApp','[]',0,'2020-03-31 08:39:35','2020-03-31 08:39:35','2021-03-31 08:39:35'),
('c8c980aced00fc32303fc1e1c502d2139a7d3e98d23d6efb0ee659d7eeac83a263e67d4bced33b2e',2,1,'MyApp','[]',0,'2020-03-31 08:50:32','2020-03-31 08:50:32','2021-03-31 08:50:32'),
('585459348db99fc50411777e794549e0acb72fb31a2b4b0d09da2fcdd2c2fc029dd8314f6382791d',1,1,'MyApp','[]',0,'2020-03-31 08:51:28','2020-03-31 08:51:28','2021-03-31 08:51:28'),
('1c7ce5dd357ddf2dfd260845692da7a2f03fff71c2370478c56ead14def0fad20876acc86babdf87',2,1,'MyApp','[]',0,'2020-03-31 08:59:18','2020-03-31 08:59:18','2021-03-31 08:59:18'),
('a0a72ddd2c1fc0668d7583b321b9a72a7c2144526a0794b54cab85c3c2815da1f42d47cede0a649d',3,1,'MyApp','[]',0,'2020-03-31 10:09:12','2020-03-31 10:09:12','2021-03-31 10:09:12'),
('0158114b551502ae00c6fcd2caff045ad096f66f97cafd8ac6b0a247e74de361e4b0b07958e47d40',2,1,'MyApp','[]',0,'2020-03-31 10:39:31','2020-03-31 10:39:31','2021-03-31 10:39:31'),
('e54a844dadbcfd5ecf032d20110ccfc0ec75077b3c03c3b82392ab7068817bf96c256a83547d061f',1,1,'MyApp','[]',0,'2020-03-31 11:19:17','2020-03-31 11:19:17','2021-03-31 11:19:17'),
('8c4805886db64ef48e559d44086e8800fe09475fddfc5829734bde7d21e609324a559263a2217f0a',2,1,'MyApp','[]',0,'2020-03-31 11:21:31','2020-03-31 11:21:31','2021-03-31 11:21:31'),
('36f4a76d39e8fab10f0fc09c8fb079d702b432bc2b22edf455b305237def64663b2fd6a9ed9e475a',2,1,'MyApp','[]',0,'2020-03-31 12:21:46','2020-03-31 12:21:46','2021-03-31 12:21:46'),
('81c3dbb772fe488d5fd525fce62c1b40c37c9038bdf5e51bd11514f6e95721eae9fcd78ca2ffefc7',1,1,'MyApp','[]',0,'2020-03-31 13:17:26','2020-03-31 13:17:26','2021-03-31 13:17:26'),
('b940f7b55da55c6e5eb2f7aa77943bd042fe4a2179adcd23289e27e41a1fc80fa477c7b91db2f062',1,1,'MyApp','[]',0,'2020-03-31 13:17:28','2020-03-31 13:17:28','2021-03-31 13:17:28'),
('81cb01fca211b3d44a4d571653e2858f746cec2a1882019e3689bf12f5d007ab79e4d532ddf2f8d3',2,1,'MyApp','[]',0,'2020-03-31 13:22:08','2020-03-31 13:22:08','2021-03-31 13:22:08'),
('1965dbfa38972ff52ebe7c307d43ab780d86446bef44b1ec34d239d98550e5e9b18e571ff36a3420',2,1,'MyApp','[]',0,'2020-03-31 13:47:39','2020-03-31 13:47:39','2021-03-31 13:47:39'),
('71f0078d93f8c8e5d278b3afbd66dcf9f216a9c5e75d7eb817c6cf6425bcf257c2bce28f8fa14420',1,1,'MyApp','[]',0,'2020-03-31 13:50:32','2020-03-31 13:50:32','2021-03-31 13:50:32'),
('85b3895626c681c62cd2ab86b55b7431c1787e917cd9340c50ea7c24ead3248aca471afabd4f9443',2,1,'MyApp','[]',0,'2020-03-31 13:54:34','2020-03-31 13:54:34','2021-03-31 13:54:34'),
('7c66c5100720b6cc8572c7cccf97827342e3fe1cfa14586c2781d1801b9feb50e2a0b8d478f7f1fb',1,1,'MyApp','[]',0,'2020-04-01 05:40:47','2020-04-01 05:40:47','2021-04-01 05:40:47'),
('0d250b2587727878420091a117d02fdf693552e9e9adc3c0b57b349ac8523307b82eea260a881e5a',2,1,'MyApp','[]',0,'2020-04-01 05:42:45','2020-04-01 05:42:45','2021-04-01 05:42:45'),
('8807f812965c8519ac5215cf463fc68969dd022253fe19bdf7e74becbba618a9cbe19fd05a1d420d',2,1,'MyApp','[]',0,'2020-04-01 05:43:17','2020-04-01 05:43:17','2021-04-01 05:43:17'),
('3dd67184f9d7160c450fa35ea047a5007e4d05321c4b7b3446955facc34d5b44293d729f81cc5b6d',3,1,'MyApp','[]',0,'2020-04-01 06:20:37','2020-04-01 06:20:37','2021-04-01 06:20:37'),
('0c1bf273fd79433d9f779f9003db05ccc8071049217919883f09d5588b75aafecd736348afa49c5f',2,1,'MyApp','[]',0,'2020-04-01 06:27:34','2020-04-01 06:27:34','2021-04-01 06:27:34'),
('c9c37f53004463380a60e91fa491907e466e40d314bce0c4fe842fb32b748ffc86ae79220bb8446a',2,1,'MyApp','[]',0,'2020-04-01 07:04:31','2020-04-01 07:04:31','2021-04-01 07:04:31'),
('c32c03ea4ec8b9bb8e9166dfd97a6d4789e5419d4faed8558c23d8da204c645559dfa3ec308b1570',1,1,'MyApp','[]',0,'2020-04-01 07:32:48','2020-04-01 07:32:48','2021-04-01 07:32:48'),
('d71c9e49a2fc04eb0e17645c5e72d1465bf18f238b12a09ad2c33763f002f266b3b2aacd8bb54f48',2,1,'MyApp','[]',0,'2020-04-01 07:34:25','2020-04-01 07:34:25','2021-04-01 07:34:25'),
('2a3cbf5bfc376291b0dd6d9c2b715c6967c973f87f479610421ceddbf6083a123f591225457ce722',2,1,'MyApp','[]',0,'2020-04-01 07:42:45','2020-04-01 07:42:45','2021-04-01 07:42:45'),
('09c544785909d4080fb5e59f04e582f8fc3270f220c00d0a67f8fb4586daebc4853bcd09f1f3d4c1',1,1,'MyApp','[]',0,'2020-04-01 07:51:44','2020-04-01 07:51:44','2021-04-01 07:51:44'),
('9e32800c3ae654f88a8f85825b5f4636c11a5f8bf1e9a47b041a6e53d740fc8f4586939f4b27a931',2,1,'MyApp','[]',0,'2020-04-01 08:10:40','2020-04-01 08:10:40','2021-04-01 08:10:40'),
('e2c8ed67632a423e9288304d4188785bc3e9945b0d087c4ec9bf56c5f2097647f3b613f8820fbc98',1,1,'MyApp','[]',0,'2020-04-01 08:35:14','2020-04-01 08:35:14','2021-04-01 08:35:14'),
('4cdcb6bd5550a0c6b78e82d51c22eb7d402682df31ba6a6904bccef82b815fa8c0873ddf4219fe44',2,1,'MyApp','[]',0,'2020-04-01 08:36:09','2020-04-01 08:36:09','2021-04-01 08:36:09'),
('ac1cb0c5dea00ddc100f1f05ae54eaae7423c29661ecfa977c5f51121c08b31dbd6275e690217f5b',1,1,'MyApp','[]',0,'2020-04-01 08:37:54','2020-04-01 08:37:54','2021-04-01 08:37:54'),
('24c4e08b998fd056e666de87c7e2f9039ce535e397fda956de9648c2ef4b927f10db130c82b16881',2,1,'MyApp','[]',0,'2020-04-01 08:38:14','2020-04-01 08:38:14','2021-04-01 08:38:14'),
('86d19d5369705cf21a6b69d1c70e8148526a9d8f9409342bdb946dd248b08799e1a9c4dea45cbc99',1,1,'MyApp','[]',0,'2020-04-01 09:16:19','2020-04-01 09:16:19','2021-04-01 09:16:19'),
('d7c6bb542deb515c6ba5987bc0e13af49fea5578db0df25accc45db5d66cbf501c1a8ee2e2309a4f',1,1,'MyApp','[]',0,'2020-04-01 09:21:25','2020-04-01 09:21:25','2021-04-01 09:21:25'),
('05dc40a6dac4df8adb15b392108503b15a44ded871cfc6c0752eac814b92498411565800b0de4450',1,1,'MyApp','[]',0,'2020-04-01 09:21:46','2020-04-01 09:21:46','2021-04-01 09:21:46'),
('faedbd51e9baf043c852837db47ada9254f62d3b83f7b510f77dad1264a116ba2a740300bf005b65',2,1,'MyApp','[]',0,'2020-04-01 09:24:50','2020-04-01 09:24:50','2021-04-01 09:24:50'),
('38c52f6d28a363ec13022df3c4d0ac139499f532a731333baef2dbbfb234f22f5e8f31bb92de447d',2,1,'MyApp','[]',0,'2020-04-01 09:25:03','2020-04-01 09:25:03','2021-04-01 09:25:03'),
('bba63dd604d477d714ce493abfc6f72d1678df2526392080ab8140aeb6281be5b6c22245214b8820',2,1,'MyApp','[]',0,'2020-04-01 10:03:37','2020-04-01 10:03:37','2021-04-01 10:03:37'),
('974858d9aad50b91f1f238d16d3c555994b323a7ab7af4d03681a8816d6d70c689e40bc4372e2eb4',1,1,'MyApp','[]',0,'2020-04-01 10:17:16','2020-04-01 10:17:16','2021-04-01 10:17:16'),
('f199cbebfadd0df7391a4f0ce035710c66757c9c345dfd3cb9b31ac156fc540f856672f9f6eecaf4',1,1,'MyApp','[]',0,'2020-04-01 10:39:57','2020-04-01 10:39:57','2021-04-01 10:39:57'),
('b3271954a08a11b2e466c6ef7e069d8ba2347395956648191fa1b8803640c452d87e48d7375d9a58',2,1,'MyApp','[]',0,'2020-04-01 10:43:21','2020-04-01 10:43:21','2021-04-01 10:43:21'),
('a67e313df6b89e0f99f5721d2706602607058dd37dfccfb1f193a4d15cd3afa7fa853b84096ba0a2',2,1,'MyApp','[]',0,'2020-04-01 11:08:03','2020-04-01 11:08:03','2021-04-01 11:08:03'),
('ceb11d340c20a17a25d484dd63705a0b20b7c2e40b4ff7281236cb962b3dda51ae79034799692580',2,1,'MyApp','[]',0,'2020-04-01 11:13:38','2020-04-01 11:13:38','2021-04-01 11:13:38'),
('dda0af1b1fb9692acebeaec7c930d0b865008df83b9204074daf86adc6514d9ea5dcccc724242579',2,1,'MyApp','[]',0,'2020-04-01 11:19:37','2020-04-01 11:19:37','2021-04-01 11:19:37'),
('c646befbeffdbce7ac49c5c0066b2711285d0703de56d5ef251c63b321f31191dde016a6d8e21eb8',2,1,'MyApp','[]',0,'2020-04-01 11:36:12','2020-04-01 11:36:12','2021-04-01 11:36:12'),
('6416b2593fa3e2b524c34e29a11d280d83544ae70aa6c59b1eb061d7320d3d85a26594342176bc01',2,1,'MyApp','[]',0,'2020-04-01 11:50:23','2020-04-01 11:50:23','2021-04-01 11:50:23'),
('c2d526abf7ab45d3a8b36f2e276105f0d182ee77df8d4b2ff12fc0910a4388ed5700fc715e47a502',1,1,'MyApp','[]',0,'2020-04-01 11:50:33','2020-04-01 11:50:33','2021-04-01 11:50:33'),
('b708527ed38d7dc219b28193ae4e1efabc55b9da5b312248ce03601754e2ce7f3d2d34cf489c5e95',1,1,'MyApp','[]',0,'2020-04-01 12:02:44','2020-04-01 12:02:44','2021-04-01 12:02:44'),
('da9a1da70ea8eaa56f426273a10ee11f6dc7603bd271cee2f12222874633ff4d3b97f9c13f428927',1,1,'MyApp','[]',0,'2020-04-01 13:15:01','2020-04-01 13:15:01','2021-04-01 13:15:01'),
('8adefb46fc11413dbfe657ad139a2cf83ce10a32c89f2b73ddbe61c8c57af79e03b3ae19fd622735',1,1,'MyApp','[]',0,'2020-04-01 14:14:22','2020-04-01 14:14:22','2021-04-01 14:14:22'),
('72289fe23636e90c208ecd5f5533482447fd6cee9c1183857b13bed3343ef2f56d03e3a398ecac0a',1,1,'MyApp','[]',0,'2020-04-01 14:21:43','2020-04-01 14:21:43','2021-04-01 14:21:43'),
('b7e6452fc1a6866901fd8d60bfc7a1331c7fb9da64841bce5836c4230e8d938daf9e420446267973',2,1,'MyApp','[]',0,'2020-04-01 14:29:56','2020-04-01 14:29:56','2021-04-01 14:29:56'),
('38f74ea9f7709f591c3185183cab3050f4bbf0377d51919e5c17c77a387239844e51fba9e8b9b0e0',1,1,'MyApp','[]',0,'2020-04-01 16:43:07','2020-04-01 16:43:07','2021-04-01 16:43:07'),
('900ece2f93360a6daaa94b2a0ff2a00a50f26e2f4cd9ca64db910697d5c25e3c3c56c0198a06de16',2,1,'MyApp','[]',0,'2020-04-01 18:21:55','2020-04-01 18:21:55','2021-04-01 18:21:55'),
('0ac79246f7cd1100fadc9c4a9423f1ddde885b03148926b8b7d86d208eb4053aba08389b62e4eeff',1,1,'MyApp','[]',0,'2020-04-02 05:07:01','2020-04-02 05:07:01','2021-04-02 05:07:01'),
('564097d23662e9969eacc6e680224ea213557e4c450da4886fee00dc2eab221b3a60a42637da9b78',1,1,'MyApp','[]',0,'2020-04-02 05:16:40','2020-04-02 05:16:40','2021-04-02 05:16:40'),
('9fd20894d965bc2ea1ac864964e769b6363b3543b79114a1d749a6404c03e9bda1a7ac81de6126b2',1,1,'MyApp','[]',0,'2020-04-02 06:06:03','2020-04-02 06:06:03','2021-04-02 06:06:03'),
('f88a2d19ed05b8a744ea9d4ade82d1de057f6b224046d61a1c61aca34b2f5fcb813204ec36427d4a',1,1,'MyApp','[]',0,'2020-04-02 06:41:19','2020-04-02 06:41:19','2021-04-02 06:41:19'),
('8ec6209a991fb80fc55db40e15637f9f1366b5fcb36d7e04747f7e08de9a38771dca5cd36dfda1d9',2,1,'MyApp','[]',0,'2020-04-02 07:44:38','2020-04-02 07:44:38','2021-04-02 07:44:38'),
('5b3239dd259f4ab165d0bf5b2560ec5de4f773a2f7bfdfd012864f4c0a47a9010b5ad441fd1e617d',2,1,'MyApp','[]',0,'2020-04-02 09:14:58','2020-04-02 09:14:58','2021-04-02 09:14:58'),
('8413f60655b5292e8b4b5d96ed4a4e88ef1885b7769c9aeb244fcb032a8f8a591685ba05ffcb26f0',2,1,'MyApp','[]',0,'2020-04-02 09:33:02','2020-04-02 09:33:02','2021-04-02 09:33:02'),
('4d4c6082b1c3236246da95ce25e99dd04929128f4c5931517d3ca161409d5831e6282f2e88d286f0',1,1,'MyApp','[]',0,'2020-04-02 12:28:47','2020-04-02 12:28:47','2021-04-02 12:28:47'),
('5d8c009c4f0185d138e55e6be65930fbf82dfa16d8b414836993653c28746a35f0575efbd6201a01',1,1,'MyApp','[]',0,'2020-04-02 12:39:58','2020-04-02 12:39:58','2021-04-02 12:39:58'),
('1c4693aeba5178b9ddae5b1a8e9a1671cfa5d683d37159466d883d25bb2c77d741c2ebeca3164211',1,1,'MyApp','[]',0,'2020-04-02 13:35:35','2020-04-02 13:35:35','2021-04-02 13:35:35'),
('36dd9be6b3b3618b0d9730890670a44f64add21c45b07f61d5ca449bded0610004e6c7d5c8f52860',1,1,'MyApp','[]',0,'2020-04-02 14:20:06','2020-04-02 14:20:06','2021-04-02 14:20:06'),
('41237016361ce8781764f8cb8c1c6f1d31b4fd09805ce9df9e4cdfe2bbcd549d75ddb9dd589a8c88',1,1,'MyApp','[]',0,'2020-04-02 14:34:43','2020-04-02 14:34:43','2021-04-02 14:34:43'),
('52f19a93cbe3ee4ba197ec4ab7abf90be98e293fe456f8d5a6e2e69f5befd5b2614b54429c65af33',1,1,'MyApp','[]',0,'2020-04-02 14:39:09','2020-04-02 14:39:09','2021-04-02 14:39:09'),
('940cc7e5e4f4a0d2312b8caf18b46a1e876e45a33513ea2f05ffd0ea0c1ad3cdfd6ef25315c231a5',1,1,'MyApp','[]',0,'2020-04-02 14:40:11','2020-04-02 14:40:11','2021-04-02 14:40:11'),
('81cc74dcc7425deefe9c1c2dd2c6638009435a86824fdf6430ca8625705ab21fd1df0e5a60b29dc4',1,1,'MyApp','[]',0,'2020-04-02 14:41:20','2020-04-02 14:41:20','2021-04-02 14:41:20'),
('76cc8e05f209db8b0e6c08108927ae02fa3732d6e63ddc54160f163540b535d2058189980d543262',1,1,'MyApp','[]',0,'2020-04-02 14:56:42','2020-04-02 14:56:42','2021-04-02 14:56:42'),
('4f555492ce084da4f4306f46a11dc0bda568cca15e87b8b3465a619e97493f93d8374d6b13727d83',2,1,'MyApp','[]',0,'2020-04-02 14:58:53','2020-04-02 14:58:53','2021-04-02 14:58:53'),
('92309cde83cb6b1bc706c51b9368b516716873c2cf9a10b2685e6aaf8ce555033ed1069e774f74a2',2,1,'MyApp','[]',0,'2020-04-02 16:42:53','2020-04-02 16:42:53','2021-04-02 16:42:53'),
('4d613b550509818aa756996917624e245e9939403c9eb5c77aa038330e16ff3e076c90d8d165231b',2,1,'MyApp','[]',0,'2020-04-03 04:06:47','2020-04-03 04:06:47','2021-04-03 04:06:47'),
('70c893a7cc4e8636957ee42c24e2b3b3078ffa222f1371c936ed289177a7490f6ad5902ab61ac428',2,1,'MyApp','[]',0,'2020-04-03 04:55:32','2020-04-03 04:55:32','2021-04-03 04:55:32'),
('1ea951ed37c74f96fb63d9bd8529a7aa58a926f826326c43af4e941782453c12487e1a4a5cb182fb',2,1,'MyApp','[]',0,'2020-04-03 05:08:49','2020-04-03 05:08:49','2021-04-03 05:08:49'),
('f8ced9446723d75f00f5bc579fff95f7dde5072443756bcc8b4b0898be7b275bc0386342695fd288',1,1,'MyApp','[]',0,'2020-04-03 05:43:07','2020-04-03 05:43:07','2021-04-03 05:43:07'),
('b46c80ca8a37f36ce8c4d6cfdb8d8465b1d9b30a77dc2679f6aa8f351b7d02c0dfac26c55d83552d',1,1,'MyApp','[]',0,'2020-04-03 05:54:48','2020-04-03 05:54:48','2021-04-03 05:54:48'),
('0a5482cb16620369c6d72fef8499ba9724a68d011d4845063aa68bb211379147125bc0eff7031d40',1,1,'MyApp','[]',0,'2020-04-03 05:58:24','2020-04-03 05:58:24','2021-04-03 05:58:24'),
('8e23e19e6b55bcf867bb16bfe934d442d4b3f8f6260a500d568d4b5987d14e0100cd2a1b24a6a014',1,1,'MyApp','[]',0,'2020-04-03 06:01:23','2020-04-03 06:01:23','2021-04-03 06:01:23'),
('7056d748b79897751085424198c29c5fb05e798ce9411af2fc47c44ccb21da1891ed31573df28b21',1,1,'MyApp','[]',0,'2020-04-03 06:09:35','2020-04-03 06:09:35','2021-04-03 06:09:35'),
('30f8856543189dac1d562269f140b90d31e0589b2085ab899388cd096182c30fe020f7916d0ed62b',2,1,'MyApp','[]',0,'2020-04-03 07:33:58','2020-04-03 07:33:58','2021-04-03 07:33:58'),
('1210a28e0e1f406ab2b0a3d4f7aa260c2c229341b52679b5c51816f1b3ca52ee4611880ba9d61866',2,1,'MyApp','[]',0,'2020-04-03 07:48:51','2020-04-03 07:48:51','2021-04-03 07:48:51'),
('46473f9f504664e66ae3ef4eaa50f7b0b583965f25284356a65950614ac16d7c99be0fc50f46a8ba',2,1,'MyApp','[]',0,'2020-04-03 07:50:09','2020-04-03 07:50:09','2021-04-03 07:50:09'),
('af4472a2ef230aa949a0f4917dc13ab3bc75c889fda475698a949d547f607e24a4bc4c1db703ea3e',2,1,'MyApp','[]',0,'2020-04-03 07:52:30','2020-04-03 07:52:30','2021-04-03 07:52:30'),
('df1392deb4a7c93f9d8c70ec8597a75fb78b82ffc2470676108b076e842a6e1f4be194da95367514',1,1,'MyApp','[]',0,'2020-04-03 07:59:38','2020-04-03 07:59:38','2021-04-03 07:59:38'),
('8b7b14552293bed181e9db4557acf699111d83938afe07f98ff90f50bbd370835883d55a2a4c107f',2,1,'MyApp','[]',0,'2020-04-03 08:01:25','2020-04-03 08:01:25','2021-04-03 08:01:25'),
('63a8b7f9c8e3f1fdb2f0d716a65bff8095b04bb5437cab8b77047b66f47c586c0c53ff5fdc71d3e8',2,1,'MyApp','[]',0,'2020-04-03 08:31:34','2020-04-03 08:31:34','2021-04-03 08:31:34'),
('ce5ea9c276a42c662861b4efce9a1420e8f5e6ff68a2ba909560aedb525bf26643e3e976a14dfe3f',2,1,'MyApp','[]',0,'2020-04-03 08:52:24','2020-04-03 08:52:24','2021-04-03 08:52:24'),
('0f66a3a9be4b570a4d8488da92bb5f00d7791e83cf8e27a7dba4824a2432793e8eda245679262ffb',1,1,'MyApp','[]',0,'2020-04-03 09:24:16','2020-04-03 09:24:16','2021-04-03 09:24:16'),
('c23f345ae701dc56221f56d55dfd798ffe5bd22bd3bafd49beb514d38f9c41c75cdc9603cad63c82',3,1,'MyApp','[]',0,'2020-04-03 09:58:52','2020-04-03 09:58:52','2021-04-03 09:58:52'),
('46591c857c45662ed6b130acab39ef8890e24a2b345c143f8a43dc60715534f5bb4b5c2efde39783',1,1,'MyApp','[]',0,'2020-04-03 10:25:23','2020-04-03 10:25:23','2021-04-03 10:25:23'),
('12c67b15bd0bb288771e11661d0bfcf13f5fff2d39d96a8f0196026d52666ccb8d157144f6c04260',3,1,'MyApp','[]',0,'2020-04-03 10:41:39','2020-04-03 10:41:39','2021-04-03 10:41:39'),
('123ed8f25cf41eb858976e1ac57245dbffc6c2138375a528d77b2d22b35c9e498aaa5463aa1b1bfe',1,1,'MyApp','[]',0,'2020-04-03 10:47:00','2020-04-03 10:47:00','2021-04-03 10:47:00'),
('ef7395d4f9a2dfc49f9a4351871c3e94607ffc1df66e188c3b4beb28ba0cfcc996bcfc986e66872e',2,1,'MyApp','[]',0,'2020-04-03 10:48:23','2020-04-03 10:48:23','2021-04-03 10:48:23'),
('cbc0fdf87ac4c589730fda4bc91cfe4e0dbb08d92673ac3b9c50c535dd5a85a4e51975f2e14481d9',1,1,'MyApp','[]',0,'2020-04-03 10:48:55','2020-04-03 10:48:55','2021-04-03 10:48:55'),
('2833e1e1038ef8a25ba022cd91c5cb978b0fe03e3fcbbe8e78592b0c0a1f48fd4876c0714533557e',3,1,'MyApp','[]',0,'2020-04-03 10:49:07','2020-04-03 10:49:07','2021-04-03 10:49:07'),
('12fe864777cdd3558ee0057fe4e631e8e0c4acf8927f00efaec531f56d08b14d725bd93e3d18c9f9',4,1,'MyApp','[]',0,'2020-04-03 10:49:26','2020-04-03 10:49:26','2021-04-03 10:49:26'),
('810fd82432eb5bc898d83193c490873c86bc8cf19dca915a6ad8d9bd332a9e6331789572033735bc',2,1,'MyApp','[]',0,'2020-04-03 11:05:21','2020-04-03 11:05:21','2021-04-03 11:05:21'),
('779316a3e6ceed82d1ba842767540b4901696cb6cc436c4a752b294d5a7e53062b736eb2c1987ad5',2,1,'MyApp','[]',0,'2020-04-03 12:00:36','2020-04-03 12:00:36','2021-04-03 12:00:36'),
('e29251fe870e52ace8b5229a8b0165f98b8af3ef7fb8b5747bb5bfc217dea32076a8fecdd1b6565a',22,1,'MyApp','[]',0,'2020-04-03 12:39:14','2020-04-03 12:39:14','2021-04-03 12:39:14'),
('b80daace5d9d5711ccbbc3fdce75fec910032cc51b9ce40d3009ae0c5e359fa69813b623b9895057',1,1,'MyApp','[]',0,'2020-04-03 12:39:36','2020-04-03 12:39:36','2021-04-03 12:39:36'),
('674eeb269943f56b3ce0432d85fde5e9aee0687931b61297afb2905464dcc0c1d72ae8f5568b5134',22,1,'MyApp','[]',0,'2020-04-03 12:43:30','2020-04-03 12:43:30','2021-04-03 12:43:30'),
('23d5690475365758a743ef93568da6bf88e268e322c611706d80c3f98403a0d332791daae09413d3',1,1,'MyApp','[]',0,'2020-04-03 12:58:17','2020-04-03 12:58:17','2021-04-03 12:58:17'),
('2cc5d3efd88ec03eaf4304682255bbc8e21bed9eb85a34b4452b31b18669e2b48c775eb01b57ff24',12,1,'MyApp','[]',0,'2020-04-03 13:01:19','2020-04-03 13:01:19','2021-04-03 13:01:19'),
('0e612893407155a3faf840e58c946c33627f323bed138a986168149cc73e02f5747c10e3cbdb69dc',12,1,'MyApp','[]',0,'2020-04-03 13:01:51','2020-04-03 13:01:51','2021-04-03 13:01:51'),
('3f88c5ec47c93d0f4c95937774235e0ba9be98f472223ad8520e6ec5d8a50ec5024eaa5afa2e9539',3,1,'MyApp','[]',0,'2020-04-03 13:04:15','2020-04-03 13:04:15','2021-04-03 13:04:15'),
('f9cdea220b7fd3908386b03224b50ede33a8f760e6ea1a1a05fc702e4acaaa60c4bfaef72b7b2566',1,1,'MyApp','[]',0,'2020-04-03 13:05:18','2020-04-03 13:05:18','2021-04-03 13:05:18'),
('04ba8650a70726e714bee05647915e2c7cdc831d83a76ee4b08f492aa356108c8a81005984fbfed0',1,1,'MyApp','[]',0,'2020-04-03 13:07:54','2020-04-03 13:07:54','2021-04-03 13:07:54'),
('4060ec295a57833e95a09432043136426dd1cae2b5adb9ed78a21ad31c68720c1abb403e39919e3e',3,1,'MyApp','[]',0,'2020-04-03 13:09:10','2020-04-03 13:09:10','2021-04-03 13:09:10'),
('890bfeb4bebe9e6d69b8d3134db920a81447db41bdf80bcaf8312fb2a0553c1b677de927d37088fd',1,1,'MyApp','[]',0,'2020-04-03 13:12:07','2020-04-03 13:12:07','2021-04-03 13:12:07'),
('862d689b4521e6c127f3972d6e3696991131c7b5f617ed371c2bd04103eca15bfaf4b8a4e3d2b1b1',2,1,'MyApp','[]',0,'2020-04-03 13:27:52','2020-04-03 13:27:52','2021-04-03 13:27:52'),
('8b5c60826d92b9097f13e6f9e9b8a91442ad80d7a84c3f15c43068c710c471dc1cb3c07736876dd3',2,1,'MyApp','[]',0,'2020-04-03 14:01:23','2020-04-03 14:01:23','2021-04-03 14:01:23'),
('5374fc9f66b15891a5ed6314b38a276d0ca03b5933c389d2f6b92279f5b9e336c05532d313f7b274',12,1,'MyApp','[]',0,'2020-04-03 14:03:15','2020-04-03 14:03:15','2021-04-03 14:03:15'),
('0cb120ba1d8f54c698f972dec62c6229bbae1a5bf2f3e3479f66d158b56269165dae26cf0805f27f',23,1,'MyApp','[]',0,'2020-04-03 14:10:03','2020-04-03 14:10:03','2021-04-03 14:10:03'),
('9154442abedd2c6550a044614b303579e7e7a7fbeb6ecda36a394713fa53c156f6ef896d185a5c2a',22,1,'MyApp','[]',0,'2020-04-03 14:11:01','2020-04-03 14:11:01','2021-04-03 14:11:01'),
('eec69225495b19fabd87d6dcf8c55218e010160b41e5664ed29f240c2eb786192d675ed9e00ef0e6',1,1,'MyApp','[]',0,'2020-04-03 14:12:43','2020-04-03 14:12:43','2021-04-03 14:12:43'),
('35bad2eddd0d0d1133e773093c9ff4b40e5f44ce1ee061d78fc33ebeeadfd21dd49b3c4dccdc5e09',2,1,'MyApp','[]',0,'2020-04-03 14:14:17','2020-04-03 14:14:17','2021-04-03 14:14:17'),
('aedfbea39fbb73a543549897d3e84dfa7dec4446d4c5928a623b66e8ab97ea79310f5f0d40d9a949',24,1,'MyApp','[]',0,'2020-04-03 14:14:30','2020-04-03 14:14:30','2021-04-03 14:14:30'),
('da776bec84dcbb80cad00822ffdb5f57882090c55ec1af586755ad1fe2b762935f915a525a3bc148',1,1,'MyApp','[]',0,'2020-04-03 14:16:06','2020-04-03 14:16:06','2021-04-03 14:16:06'),
('03a10602471527f6081985f6fd2bffbe96b4982fad81a46a08b2af124867a5fa98b5289463ded90f',25,1,'MyApp','[]',0,'2020-04-03 14:19:29','2020-04-03 14:19:29','2021-04-03 14:19:29'),
('4bb79af4b9165a6e25852cb9ff3eaf8db843a4413320abeff6131f7fda746fe336ccd781ea65d20f',1,1,'MyApp','[]',0,'2020-04-03 14:21:26','2020-04-03 14:21:26','2021-04-03 14:21:26'),
('7dce944e7c80845c5f1e5974ffbb5ae7c27ba0809e6625eb3c8c9b3326f83aa4c9651ee74f2598b9',2,1,'MyApp','[]',0,'2020-04-03 14:22:10','2020-04-03 14:22:10','2021-04-03 14:22:10'),
('d03e9977be644e17ae4670441ce82a0a216553028c899d4cf1a7fdf1aa2278c5e54b6c5347a27488',1,1,'MyApp','[]',0,'2020-04-03 14:22:40','2020-04-03 14:22:40','2021-04-03 14:22:40'),
('fd22250a837b42578975bf26c68a7b7de5716196c7246377533abf502bfbf6376d8c1118e4fed6cd',26,1,'MyApp','[]',0,'2020-04-03 14:24:12','2020-04-03 14:24:12','2021-04-03 14:24:12'),
('7651c42cd6cbde09b928704a3b1d2b1adbdc7a41e5f4125c7e0365f0670ba1bb880cf6176c540b5e',27,1,'MyApp','[]',0,'2020-04-03 14:28:35','2020-04-03 14:28:35','2021-04-03 14:28:35'),
('00367b6122ceaa90b2b1cbb17f6fe02954ea84c4bb20ac9cf1b78f7f8c6d8cc7d066158ca5d9d8b1',28,1,'MyApp','[]',0,'2020-04-03 14:33:29','2020-04-03 14:33:29','2021-04-03 14:33:29'),
('41ecc1292220b87a4345f942dc0c3eaf0733de0f7b7c6c80553f1872759cc81fc6a1c52ef6cb8740',29,1,'MyApp','[]',0,'2020-04-03 14:37:39','2020-04-03 14:37:39','2021-04-03 14:37:39'),
('9c5389b1d6abee550c024cf1e059bd89148ccf23782ead9078637c89299c5ce06cac129522d24440',30,1,'MyApp','[]',0,'2020-04-03 14:42:31','2020-04-03 14:42:31','2021-04-03 14:42:31'),
('14a05e4a1590b234f8c9be25f07b5f6b6688fc70345c7fb00ffc26ec38b96ef410d7e4900e875f0b',31,1,'MyApp','[]',0,'2020-04-03 14:48:18','2020-04-03 14:48:18','2021-04-03 14:48:18'),
('623b780fef2b14bc9355856dd4e2ad04b318601ac946625289c8792cfe04be5ee0f721fe94a63690',32,1,'MyApp','[]',0,'2020-04-03 14:51:56','2020-04-03 14:51:56','2021-04-03 14:51:56'),
('8c2a1d307b77b8679b045ead178479b955f1bd294a91022055c8ed73e8e7c81d0a718b04a1fbf117',33,1,'MyApp','[]',0,'2020-04-03 14:56:54','2020-04-03 14:56:54','2021-04-03 14:56:54'),
('a3e93a04b34d64220482ef4c85467a2144765cc3277d7ac89c45c1319fd3e6a88c54853a52e01100',34,1,'MyApp','[]',0,'2020-04-03 15:02:09','2020-04-03 15:02:09','2021-04-03 15:02:09'),
('3e63e9c8a7a1f85666e0977e2d3c4c9acf6b088e064042f9710e79201f90354f403a15229d0b4552',22,1,'MyApp','[]',0,'2020-04-03 15:13:59','2020-04-03 15:13:59','2021-04-03 15:13:59'),
('6d7e1a6d3b578f3544a9776e7d8c30c48a40b5351bf3c0f7d4213477dc55043b48dba94096bfe403',22,1,'MyApp','[]',0,'2020-04-03 15:14:55','2020-04-03 15:14:55','2021-04-03 15:14:55'),
('26ece6e21c54cb83ee534318110fc38b917dd5ce156893ebc43424d0ca28d2b7246b70d03b20bff2',1,1,'MyApp','[]',0,'2020-04-04 07:11:45','2020-04-04 07:11:45','2021-04-04 07:11:45'),
('1c7576140edc2e5ab7c6053c474465fe94543b3b3950296e7a0398ee3363b12e9e7f8983dca1d4e8',2,1,'MyApp','[]',0,'2020-04-04 07:14:20','2020-04-04 07:14:20','2021-04-04 07:14:20'),
('bfd3103b24b3bb71beb9107f617396f49455863bd2332fafdd22fd108204e7bfd2afb1bbb4290ac9',1,1,'MyApp','[]',0,'2020-04-04 07:15:04','2020-04-04 07:15:04','2021-04-04 07:15:04'),
('e58d1f7608077f0bc5957affe1dfb03256dae16dde98b7e6ca0a2c1723ae2a6ac201f21b7e0945c0',2,1,'MyApp','[]',0,'2020-04-04 08:36:45','2020-04-04 08:36:45','2021-04-04 08:36:45'),
('6ae4a55e533fc63607002945353676db8e6aa81a820205c45c55b01e35b3e1dbb9aded64dc4527bb',1,1,'MyApp','[]',0,'2020-04-04 08:44:04','2020-04-04 08:44:04','2021-04-04 08:44:04'),
('2c870338b3186a386421ca84bb25876610d70f1698fb9735e475b26da2bc36f89074c408c9b1af85',2,1,'MyApp','[]',0,'2020-04-04 11:27:23','2020-04-04 11:27:23','2021-04-04 11:27:23'),
('2172f819ae81855950878bc2dc3d11e6a6a77a2ed5d39ebe7eab0953aaa82100d5b9a844e053ebba',2,1,'MyApp','[]',0,'2020-04-04 11:29:34','2020-04-04 11:29:34','2021-04-04 11:29:34'),
('0b2e002a37c1df6c16df6c1a200fdaaad92b0fdeb66e7f16e7a88ad2f5dd136f239c5cd25bb549a9',1,1,'MyApp','[]',0,'2020-04-04 11:31:44','2020-04-04 11:31:44','2021-04-04 11:31:44'),
('54846669c7ed0afd038c35d881886664dfab6912c7bdf4008f4548737ac5f8d79fd979b6f76ce953',1,1,'MyApp','[]',0,'2020-04-04 11:43:32','2020-04-04 11:43:32','2021-04-04 11:43:32'),
('5a2efc7b851a8ee1c656e8f62463f19fe0a1f76a4144313aa9cdf3837ab7d93f2b36501e835a4d1a',2,1,'MyApp','[]',0,'2020-04-04 11:54:09','2020-04-04 11:54:09','2021-04-04 11:54:09'),
('931a1ea64c8708b8f1fa4dc8ebdfd41f9400b8beefdd25b6345023f697350ad2f62b01ea4b7afd72',1,1,'MyApp','[]',0,'2020-04-04 11:54:45','2020-04-04 11:54:45','2021-04-04 11:54:45'),
('b519f47579f02b6170c064820fae5c254953d1545b03ceb0aefad2df3134bd5b134a4b8429a06c53',2,1,'MyApp','[]',0,'2020-04-04 12:39:59','2020-04-04 12:39:59','2021-04-04 12:39:59'),
('8d6d56da84ccbe607f6a769c99aa622ef71b202b99fc13dee663731915cf193437fd80fe538c9be8',2,1,'MyApp','[]',0,'2020-04-04 12:40:19','2020-04-04 12:40:19','2021-04-04 12:40:19'),
('dbc082c83b6ee3b6928d6396755a9665f2ecb623ddc708dae10915ae37ffc62f4ca74ded1ff2df1a',2,1,'MyApp','[]',0,'2020-04-04 12:41:35','2020-04-04 12:41:35','2021-04-04 12:41:35'),
('5c4e40cb7d69cd4b0a02ee2661c1cd27afc603ea50b9e33fc1e76e2ed02a96f18e02f9a19e077e3d',2,1,'MyApp','[]',0,'2020-04-04 12:44:34','2020-04-04 12:44:34','2021-04-04 12:44:34'),
('f4d602f91e6f100e25963a5c544f8b3cca274b2f952d7cf39bc58f0b16252e15c6045dd28d32345d',1,1,'MyApp','[]',0,'2020-04-04 14:27:33','2020-04-04 14:27:33','2021-04-04 14:27:33'),
('87fe60406f93c354b23ba2858e299226491bebbbb90bcf1b11994d70ee13af81c7829bb033884b91',1,1,'MyApp','[]',0,'2020-04-05 04:47:06','2020-04-05 04:47:06','2021-04-05 04:47:06'),
('51143ed036ec9c933db01d69bcc3530c3cdf1f023f2375ec31c44fed0e065c79914c5a92f3c4e193',2,1,'MyApp','[]',0,'2020-04-05 06:03:12','2020-04-05 06:03:12','2021-04-05 06:03:12'),
('ba0dbb10abfed3a82b4019ed0efe239d8a73dae1db60c18c8bb934790ffcc53b0647392cd0d874f2',3,1,'MyApp','[]',0,'2020-04-05 06:26:47','2020-04-05 06:26:47','2021-04-05 06:26:47'),
('1e088bf6094c7c3ab6694855baab374970b2d90979131de5ad9e9b9350e01b510b46705ef381116b',1,1,'MyApp','[]',0,'2020-04-05 06:27:33','2020-04-05 06:27:33','2021-04-05 06:27:33'),
('5d2030050c7e3499b83dd5e25314fb50d699605cb1a080cb28eb327124dd4933534252b391bbb5e9',3,1,'MyApp','[]',0,'2020-04-05 06:28:03','2020-04-05 06:28:03','2021-04-05 06:28:03'),
('ecf96fa9f02b36d026ed1969eccb8acb4771e8e4dbe4f8484ef53e9d382df147bc474a8fd1324f58',1,1,'MyApp','[]',0,'2020-04-05 06:34:19','2020-04-05 06:34:19','2021-04-05 06:34:19'),
('2a155f5a48578eb3395709b9ff804b4be0f0c5c800fd9bcf61b4d01f846fa80fc408e680df7b3669',3,1,'MyApp','[]',0,'2020-04-05 07:41:34','2020-04-05 07:41:34','2021-04-05 07:41:34'),
('e69939d970d919f420104be077cc84d4d41e6ea7b8c773531ee419a822cd31cd93d5343fac3a309f',1,1,'MyApp','[]',0,'2020-04-05 08:16:37','2020-04-05 08:16:37','2021-04-05 08:16:37'),
('1e91d50790f77a5e0ad910155d000a96d1fcdf3e4e72242f7217ce460e27cd812aa7b5689d771042',2,1,'MyApp','[]',0,'2020-04-05 08:16:51','2020-04-05 08:16:51','2021-04-05 08:16:51'),
('b3ea93d0282080891aa5cf9dbd2422b8d1b59361336ad6ec2f9c19bc7fd77c556fb043e352d51eb0',1,1,'MyApp','[]',0,'2020-04-05 08:17:08','2020-04-05 08:17:08','2021-04-05 08:17:08'),
('6088ce30c2214df1fceff0583d2712ac930cdc97e874985613d782f5ef325418c23ba1d1b37830f5',1,1,'MyApp','[]',0,'2020-04-05 08:26:07','2020-04-05 08:26:07','2021-04-05 08:26:07'),
('6818161b610290c7734e19d9f32fba5e4f3c2ae6a8482b9c6905e7c931ec3e8df5ead3574603decb',3,1,'MyApp','[]',0,'2020-04-05 08:30:46','2020-04-05 08:30:46','2021-04-05 08:30:46'),
('76333215d1c4583056ea2a743fb9016053de1a12fe38ad373c076d57afac90baebce1c48b90321db',2,1,'MyApp','[]',0,'2020-04-05 08:39:00','2020-04-05 08:39:00','2021-04-05 08:39:00'),
('0167d15160724e8b6080a3f4f7773106afc7afbbbe6475e35e8c5946fd5c978a477bc19604b7b18a',1,1,'MyApp','[]',0,'2020-04-05 08:45:13','2020-04-05 08:45:13','2021-04-05 08:45:13'),
('21a9e00692e6a04a4a7bb0a944c3e43854c9b5017d5a0508905feabe08dade170f849eb69f69b7e2',2,1,'MyApp','[]',0,'2020-04-05 08:46:18','2020-04-05 08:46:18','2021-04-05 08:46:18'),
('864d3c0c24ea1efd8f3193f3395ca4cc0190a20bba8768b7764c3bb476d9d7c3d21fc550ae16f8ff',1,1,'MyApp','[]',0,'2020-04-05 08:55:48','2020-04-05 08:55:48','2021-04-05 08:55:48'),
('fa58bcce85942f12ef2c154ebcf2adde5d2d5bb793d598944eb41e74f6ba70e9639eab11aed230e2',3,1,'MyApp','[]',0,'2020-04-05 09:08:07','2020-04-05 09:08:07','2021-04-05 09:08:07'),
('4070d2d297de68061fa8e9d2544d2878b219588f7824d67d1e59085b854c5c60702640e16579ed9c',1,1,'MyApp','[]',0,'2020-04-05 09:25:15','2020-04-05 09:25:15','2021-04-05 09:25:15'),
('99eb717ea088aaff38cbb7acde61a547ee78a33976d9b86939d8d35ede737426b17f9692e92ac202',1,1,'MyApp','[]',0,'2020-04-05 09:34:45','2020-04-05 09:34:45','2021-04-05 09:34:45'),
('2f25883450d123221f3bbc594a7ad11b1eb8f89416a9116bffad68d0fbad8f4e26ff45288bb119da',2,1,'MyApp','[]',0,'2020-04-05 09:36:43','2020-04-05 09:36:43','2021-04-05 09:36:43'),
('307f8d0f1237433efdca71dcd573b64417fe76a81220357bb12d2b2a91f818d2544ae469ec7b5f95',2,1,'MyApp','[]',0,'2020-04-05 09:43:18','2020-04-05 09:43:18','2021-04-05 09:43:18'),
('c6bc098f6a6fd2cd8e50c5fb7774d6f6a3e3cdc905243bef08a657cc6c331d74a7faa80890aa8b45',1,1,'MyApp','[]',0,'2020-04-05 10:07:07','2020-04-05 10:07:07','2021-04-05 10:07:07'),
('327c73bf760b8db19f7c54d064787a97183f02d90896f166da4a53a9b8d7c20ec802d85f82d54fca',2,1,'MyApp','[]',0,'2020-04-05 10:10:41','2020-04-05 10:10:41','2021-04-05 10:10:41'),
('a758dd9db4d15e4056d82474593351d94d56cb660d066d0183532f8b33b302bd5dfd999ed45b1e67',1,1,'MyApp','[]',0,'2020-04-05 11:39:53','2020-04-05 11:39:53','2021-04-05 11:39:53'),
('4927c78c9f5d3ea754aa6bacdb5dca9ce292706ba85a8fc5f87acd388ba00240ac7565b2f57e437f',1,1,'MyApp','[]',0,'2020-04-05 11:47:19','2020-04-05 11:47:19','2021-04-05 11:47:19'),
('73343050a2f9d86deeff41af3b4953bc67c2202aa9e767e715e5b237b1ce50e9531f25ad0e4aba90',2,1,'MyApp','[]',0,'2020-04-05 11:50:43','2020-04-05 11:50:43','2021-04-05 11:50:43'),
('b78b3e19ed9d147e2138c3dee2dfbe629f4de01b2cfd3e52e634456481ea36829e3f0c53b491a2a7',1,1,'MyApp','[]',0,'2020-04-05 13:24:32','2020-04-05 13:24:32','2021-04-05 13:24:32'),
('3fbae9ba39ea38863ced522feeab78680abfacffdcf778e9e63fe393b7a615aeee084d1d002af863',1,1,'MyApp','[]',0,'2020-04-05 13:34:27','2020-04-05 13:34:27','2021-04-05 13:34:27'),
('82cc13d10b276cd0ca3287ed829fea7735f413a8548706e5b581c02a999ef56df85902a7f1f2ae4c',22,1,'MyApp','[]',0,'2020-04-06 04:46:05','2020-04-06 04:46:05','2021-04-06 04:46:05'),
('e7c08ae369d41441bf2d962dc761d3c769e760a4495c44193ae0fd38bfdb552f029900d6d1cfe66f',22,1,'MyApp','[]',0,'2020-04-06 05:05:19','2020-04-06 05:05:19','2021-04-06 05:05:19'),
('075254b73ea82881b584da59d6b03ee0c893c7f02d9662c2b7234110ab2bbb1df208ed0871e61d70',1,1,'MyApp','[]',0,'2020-04-06 05:39:09','2020-04-06 05:39:09','2021-04-06 05:39:09'),
('e3f1196c16217f0ed5ef4b9dac96084fcc994492f024ed0ae92a82a3c7a1d844661919138106c78d',24,1,'MyApp','[]',0,'2020-04-06 06:07:43','2020-04-06 06:07:43','2021-04-06 06:07:43'),
('7bed909fb3d0d20a4819f933aba879c04d8f063cc9a855fee620c144b005428b1d15a862cc8c7ccf',1,1,'MyApp','[]',0,'2020-04-06 06:08:43','2020-04-06 06:08:43','2021-04-06 06:08:43'),
('43c6d26e1fc7ec9396380fcbe32e84f9c6246b00b77c169f0153388c1cd0ef865470a16bb82ea8b9',1,1,'MyApp','[]',0,'2020-04-06 06:19:36','2020-04-06 06:19:36','2021-04-06 06:19:36'),
('2742609e2ff6ffd65c9bbbe579347f28c167293fb6861d13825f13ffdbfff38e04f910cc3e5b4f34',24,1,'MyApp','[]',0,'2020-04-06 06:25:45','2020-04-06 06:25:45','2021-04-06 06:25:45'),
('f8f9f467c6216d6a666f63ba7b3992dab2263f1626cc7d49e2493fa1536ecff81aeb80ccb6ed5c03',1,1,'MyApp','[]',0,'2020-04-06 06:29:21','2020-04-06 06:29:21','2021-04-06 06:29:21'),
('7b685e403078c53f903151517854203739981d39ad1c944f243e4aafd3cc1988a6dafb2631bd409f',22,1,'MyApp','[]',0,'2020-04-06 06:57:14','2020-04-06 06:57:14','2021-04-06 06:57:14'),
('ed9415bdf3ef40f52f67d24a8da3f80f8595ffccb292d59949b357d065d7a884968bce5e55aa7fac',1,1,'MyApp','[]',0,'2020-04-06 06:58:54','2020-04-06 06:58:54','2021-04-06 06:58:54'),
('a34a1eec99594967faa374852764643a9718e95e8aecae8592ad4cc0a33265a29190f7f6491afd3d',22,1,'MyApp','[]',0,'2020-04-06 07:07:27','2020-04-06 07:07:27','2021-04-06 07:07:27'),
('271dab1887c80f24da4f40e87637abbc937c61a2fecc2bff8085a8aa739b90283725cb0c446e52ec',2,1,'MyApp','[]',0,'2020-04-06 07:16:50','2020-04-06 07:16:50','2021-04-06 07:16:50'),
('3068c06060109ef24b1f3499c25ff4eafccdee882d88c639df393a98a55176325b324cf1432cc126',2,1,'MyApp','[]',0,'2020-04-06 07:31:20','2020-04-06 07:31:20','2021-04-06 07:31:20'),
('61d931727fcf5123df6b0a7b54877544d90512740173f58af1e2470bf716833f24494210f81692e0',2,1,'MyApp','[]',0,'2020-04-06 07:34:46','2020-04-06 07:34:46','2021-04-06 07:34:46'),
('be9dc9d4e6f0c41924203ebbca030cdd09eae66ad595283cf9e115b88e5d167f8ed61efc8ab8f161',2,1,'MyApp','[]',0,'2020-04-06 07:36:52','2020-04-06 07:36:52','2021-04-06 07:36:52'),
('54a9de4f2a5de9ac1fcfb80c1003eeb42fedf13cb75e059363335e8b151963eed7f572bbcaa7817a',2,1,'MyApp','[]',0,'2020-04-06 07:38:02','2020-04-06 07:38:02','2021-04-06 07:38:02'),
('8dc51ff0638e724dd0485b5340e7f0492d93d8fcabd14bef98406adf4f693cc2161db4dd5a9f80fc',2,1,'MyApp','[]',0,'2020-04-06 07:52:05','2020-04-06 07:52:05','2021-04-06 07:52:05'),
('93492ee655fda7629378a5ed9a85b282338740438674f89e36797e31050508f30055413711463027',2,1,'MyApp','[]',0,'2020-04-06 08:10:01','2020-04-06 08:10:01','2021-04-06 08:10:01'),
('a4ac7222d59bb749e4fc0c2895c90158fae222cce1d4a4bc67a972c55495495b37a5e661bd908d1f',1,1,'MyApp','[]',0,'2020-04-06 08:15:33','2020-04-06 08:15:33','2021-04-06 08:15:33'),
('1f57bcc49a4ee700374972f31876e543d56047c43305becabfd764d08a557679490347f611d878de',1,1,'MyApp','[]',0,'2020-04-06 08:20:16','2020-04-06 08:20:16','2021-04-06 08:20:16'),
('c65925c16d8197a5051361825b3f2f2d697e74cfbc7b601a1737272b4bee64bbf62b3dc8d12d623f',1,1,'MyApp','[]',0,'2020-04-06 08:27:17','2020-04-06 08:27:17','2021-04-06 08:27:17'),
('600ce6c559e80edea3e62e2e7408bd8aa0b583082fbb352b893d90a1f7a560a44839cb630cdb9c9b',2,1,'MyApp','[]',0,'2020-04-06 08:41:07','2020-04-06 08:41:07','2021-04-06 08:41:07'),
('b2143b815a992d201305c5a3f058000990d74d387475be4de656559ad0988221bf81a6356b2ef6d8',1,1,'MyApp','[]',0,'2020-04-06 08:43:08','2020-04-06 08:43:08','2021-04-06 08:43:08'),
('d3d6dae92ccfc36d95a0df6f1660ee1c7caaf23beca7db82b08c9a135db21f1cb2c55b91eada39d7',2,1,'MyApp','[]',0,'2020-04-06 10:00:03','2020-04-06 10:00:03','2021-04-06 10:00:03'),
('980a2005493d1a6a86d92adb25570cbf611f8439aa58ae45139ce01a7668b279411034295beba708',3,1,'MyApp','[]',0,'2020-04-06 10:10:29','2020-04-06 10:10:29','2021-04-06 10:10:29'),
('95452c35e60ad9532eadd096e26c523b1c6db8fd587b063c55dc209eb983ac8ca25d4811ced577f1',2,1,'MyApp','[]',0,'2020-04-06 10:17:35','2020-04-06 10:17:35','2021-04-06 10:17:35'),
('db73dd1cf3fae7b526706c8a27ae17bc1064d0c8dd1c0b2d8da575deb15d53672b71827c1f6e9332',1,1,'MyApp','[]',0,'2020-04-06 10:27:21','2020-04-06 10:27:21','2021-04-06 10:27:21'),
('e36e89df8791e460d83e64a388da679c9735ed09cb96410e91db4718d297ac6d6b9483f0888a140c',2,1,'MyApp','[]',0,'2020-04-06 10:36:43','2020-04-06 10:36:43','2021-04-06 10:36:43'),
('1ad0f5ccb593b87ba5fd2b77add8b0ef4262c5f399bdc6b51e9e9181f23a5f835e4d19adb298bedf',2,1,'MyApp','[]',0,'2020-04-06 10:56:47','2020-04-06 10:56:47','2021-04-06 10:56:47'),
('d72b624cf931ff82f3b6a4c05c779e7462072a5e183b5945a3d49d26620e8e800f1c8578dfbe7099',2,1,'MyApp','[]',0,'2020-04-06 11:14:25','2020-04-06 11:14:25','2021-04-06 11:14:25'),
('8a2f39071e1c862c85bad45600368c63422c7100a6f9c409d278abf8c841d465a9021fe355e4f8de',5,1,'MyApp','[]',0,'2020-04-06 11:15:23','2020-04-06 11:15:23','2021-04-06 11:15:23'),
('7308a13c2fac0519d08db31a73c0d87ea3a8f83e19052dfa3da596a2b358a17fd8f98d5b853518c7',7,1,'MyApp','[]',0,'2020-04-06 11:18:07','2020-04-06 11:18:07','2021-04-06 11:18:07'),
('2a304a1217315d515e4906755dc29779fdae3b0bf0fd96f0a1b0ee31d99d09e5d4303aa23d2607af',1,1,'MyApp','[]',0,'2020-04-06 11:31:29','2020-04-06 11:31:29','2021-04-06 11:31:29'),
('2947fca0571c19b74d2b87f7f1e3d9169c4d71de4d1a1e2fd045e95239c3a672c284065d285e63c0',5,1,'MyApp','[]',0,'2020-04-06 11:46:06','2020-04-06 11:46:06','2021-04-06 11:46:06'),
('c304fdd8599d518caf7eb6dcfe5757a9cbfb505e7e86b109962ba9dd0cd214357e6c95b6aa0481f9',2,1,'MyApp','[]',0,'2020-04-06 12:06:56','2020-04-06 12:06:56','2021-04-06 12:06:56'),
('bf1cbdfc32c4617050d52c00e1304a320127571a46c31b5fa8b6b73900eb8efd932eb6c9cf8c8fa6',1,1,'MyApp','[]',0,'2020-04-06 12:08:08','2020-04-06 12:08:08','2021-04-06 12:08:08'),
('a40536365c4711de18fc7bd61c7baeabb637c617e5feb1572db1752d293b91036fc54bc4a4405d4d',2,1,'MyApp','[]',0,'2020-04-06 12:20:09','2020-04-06 12:20:09','2021-04-06 12:20:09'),
('1d840d6b42747e1c8c476a54f279e5aa6403e8e39e1879e23d5a1cfbc07b779058fd9bff866319b0',1,1,'MyApp','[]',0,'2020-04-06 12:40:26','2020-04-06 12:40:26','2021-04-06 12:40:26'),
('51139843416bef26911a7b11c2f78fe1daf185e4246161d8ca7e8a1c45eac24cc54624d6bba79c81',2,1,'MyApp','[]',0,'2020-04-06 12:45:17','2020-04-06 12:45:17','2021-04-06 12:45:17'),
('45af5177798619529773296bdad3e182e1a5d105290f1e081c785119c6771cd92abddc1e2bf77735',1,1,'MyApp','[]',0,'2020-04-06 13:04:14','2020-04-06 13:04:14','2021-04-06 13:04:14'),
('39f3d5c81e61c1b93ac7b3c6e314c4b535d97345dbf185c404a9f5879182e6aee5d7ac90954bad11',2,1,'MyApp','[]',0,'2020-04-06 13:11:57','2020-04-06 13:11:57','2021-04-06 13:11:57'),
('55b18a84862ddbc7009fe2d1ba6a16d5c3b2fa93ce6ad90c640d2dafba3398f0ff7f9e1a1d13d35a',1,1,'MyApp','[]',0,'2020-04-06 13:21:48','2020-04-06 13:21:48','2021-04-06 13:21:48'),
('65c06c47a6babf16dfda03383b94f4647733e78856675ff0d27fce891c02d80dc7a2aee92d3bf032',5,1,'MyApp','[]',0,'2020-04-06 13:25:56','2020-04-06 13:25:56','2021-04-06 13:25:56'),
('a861003f4b7deee4763f18469f1b2f7098424150d5077529f3d0e7063f2635ee32292cd9f21e576d',2,1,'MyApp','[]',0,'2020-04-06 13:27:44','2020-04-06 13:27:44','2021-04-06 13:27:44'),
('8cabda39435013a974943bfe41dbc70dbb33eb0444b0bd6acacdade28a7e652598e67881618fc35f',2,1,'MyApp','[]',0,'2020-04-06 13:36:50','2020-04-06 13:36:50','2021-04-06 13:36:50'),
('7ef11e3d7350d0f2b6616e526b0566078f958f74ea0638bbe5545334586d2a6e71c26f2728464c16',1,1,'MyApp','[]',0,'2020-04-06 13:38:41','2020-04-06 13:38:41','2021-04-06 13:38:41'),
('c4dbc6ecbee1c1438fe7246a0f1d8d6b0ce4b226249f48553e9261f0f133dc5fe0223b2110573812',2,1,'MyApp','[]',0,'2020-04-06 13:46:32','2020-04-06 13:46:32','2021-04-06 13:46:32'),
('a06e65ebdddaddfc4cd7665f597a1dcd654225c70a0e94432f8d473f82cfef128754275c0f8b6eed',2,1,'MyApp','[]',0,'2020-04-06 13:55:12','2020-04-06 13:55:12','2021-04-06 13:55:12'),
('9363ab4ea886a6cd327d2fdba8c65ae9dfaacbb3d8e9dfcd79403f77040c9db25ac9944dea9997ed',3,1,'MyApp','[]',0,'2020-04-06 14:17:56','2020-04-06 14:17:56','2021-04-06 14:17:56'),
('1706c5106432d8c16aa955cf68ea1c16c0ef64a3109cd5b945caa400a7e2218773976bfc3bde451c',5,1,'MyApp','[]',0,'2020-04-06 14:19:01','2020-04-06 14:19:01','2021-04-06 14:19:01'),
('5ca4e2bfe43ff251852ae0279bb735857e1fae181eae87bb8d3ffacb3e90152dd2d661933c253bee',1,1,'MyApp','[]',0,'2020-04-06 14:28:50','2020-04-06 14:28:50','2021-04-06 14:28:50'),
('ef10512894a33f5c055225fe00ff1567d4bec316d90afb7299fcd8e215fc52d7d7f77ba502219b4b',1,1,'MyApp','[]',0,'2020-04-07 04:51:27','2020-04-07 04:51:27','2021-04-07 04:51:27'),
('6efb0067101448f7c33ea5a6d9cd78a0f4b65aea5091f2497db57a0c31d04a48be5afa952860d61e',2,1,'MyApp','[]',0,'2020-04-07 05:13:41','2020-04-07 05:13:41','2021-04-07 05:13:41'),
('b3ced43c6ba267412ad47df6783abd4fd91eeaa2675f51cd95909952306cc0f7a6d864b0e898abfa',2,1,'MyApp','[]',0,'2020-04-07 06:33:02','2020-04-07 06:33:02','2021-04-07 06:33:02'),
('ef19df3e038d6fb7ed0a2cd5c6af495ee71993b4ed24ec712cfb0d5032094cf1376cb396f1704f58',2,1,'MyApp','[]',0,'2020-04-07 06:33:59','2020-04-07 06:33:59','2021-04-07 06:33:59'),
('d896487e39a046b64ca3fd32375adfc806641d8015d291fe3dfc1c353210b29f28a332e4913681a3',2,1,'MyApp','[]',0,'2020-04-07 06:39:08','2020-04-07 06:39:08','2021-04-07 06:39:08'),
('afb8733b9ea1c0918118e7fb3ecf5957863a73f41173481e1d6958c115f3dc5f697204e924909569',24,1,'MyApp','[]',0,'2020-04-07 06:46:41','2020-04-07 06:46:41','2021-04-07 06:46:41'),
('8b7afbaf930942c55455991a18075face25664fd9f311e9860b7eeecc0e1f196dd942f108dffdd22',22,1,'MyApp','[]',0,'2020-04-07 06:46:58','2020-04-07 06:46:58','2021-04-07 06:46:58'),
('03753c28503b5dbcb57f510841c28eb9fa2e72c9da167804c4cdccff6ff0aed8471de29ab2ade420',22,1,'MyApp','[]',0,'2020-04-07 06:47:49','2020-04-07 06:47:49','2021-04-07 06:47:49'),
('962ed159bedc5f25169f5697dc920ce971334b6ffbd50d52df6d8a0d57b5db1e6e2d2698c178dce0',2,1,'MyApp','[]',0,'2020-04-07 07:13:44','2020-04-07 07:13:44','2021-04-07 07:13:44'),
('24042798ffa073a1f6fa561eb09377144d772ce263ddfe7dd736cd2badfeb4f2ea6dfb72cae989ea',1,1,'MyApp','[]',0,'2020-04-07 08:15:26','2020-04-07 08:15:26','2021-04-07 08:15:26'),
('9feaf39e4d550190668f35c0b931e4dfb7efe65e0ec813032f86afa9103c4f0f41d9ac18b1e8c9d6',1,1,'MyApp','[]',0,'2020-04-07 08:41:18','2020-04-07 08:41:18','2021-04-07 08:41:18'),
('b30b63cb598d14c2d61e72d8a1728572d2631a2408b39c54b4ce76b4bb85b131e2a657d8f5ca50b6',3,1,'MyApp','[]',0,'2020-04-07 09:03:00','2020-04-07 09:03:00','2021-04-07 09:03:00'),
('605392d95a02dec2f75e0b9874f13096cb76a9b81defe9046e4acc0833a88b3b264eeaa0ab214d6c',1,1,'MyApp','[]',0,'2020-04-07 09:41:31','2020-04-07 09:41:31','2021-04-07 09:41:31'),
('0352778bde1bf7dc96119bc32ed8612ea39656dd9fcbf3a8454bee18880620977d0334f5a69cb1a2',3,1,'MyApp','[]',0,'2020-04-07 09:51:22','2020-04-07 09:51:22','2021-04-07 09:51:22'),
('e4e34bde7745f4a61c7efb48a6e45955b57cfcc1a789fd20e4301ffa57964088306f4ca0235a393f',3,1,'MyApp','[]',0,'2020-04-07 09:55:39','2020-04-07 09:55:39','2021-04-07 09:55:39'),
('d5f47c9954460e45d30e46bea11abb54d87b5603405a3115029d888ef603ef15e0f2a03ca9b8805f',3,1,'MyApp','[]',0,'2020-04-07 10:00:39','2020-04-07 10:00:39','2021-04-07 10:00:39'),
('fc7cdb72542d087ed2aba8eceb078bf80e1cf8ef469a5e9cb812e1ad327157e165e7bb660ab4f6c3',2,1,'MyApp','[]',0,'2020-04-07 10:07:36','2020-04-07 10:07:36','2021-04-07 10:07:36'),
('000479cf25b32c3ac4ab8376d9fe16c108f6b1382578ee20adea3e47277c191269e0299aed31c577',1,1,'MyApp','[]',0,'2020-04-07 10:11:37','2020-04-07 10:11:37','2021-04-07 10:11:37'),
('42328f51c43e24a14cf4288f0b5f50ebc9e2a3485bb2078d1fd9096e21f518533508cb9ef9c5e59c',1,1,'MyApp','[]',0,'2020-04-07 10:17:32','2020-04-07 10:17:32','2021-04-07 10:17:32'),
('b112e0a42e1869577d4a9fa2b66ac3c7b29d55916deaeb8730471c833a12925b6d2e427b5027653d',1,1,'MyApp','[]',0,'2020-04-07 10:29:14','2020-04-07 10:29:14','2021-04-07 10:29:14'),
('ff31c660730241241e4d9a78f4ee57f08cc3d37fafded078e991f58929e69c08911a0207175390d9',3,1,'MyApp','[]',0,'2020-04-07 10:39:38','2020-04-07 10:39:38','2021-04-07 10:39:38'),
('53ca39465d5d5e7d85dea4793ae53cfcdbe5b2883b00bf38e039c11a976d09b43205594f48d05ce7',1,1,'MyApp','[]',0,'2020-04-07 10:48:20','2020-04-07 10:48:20','2021-04-07 10:48:20'),
('a64fcb4cac2ae32e17b9659c61ff61d2530fbbfbcb0a7123e4fd02d2ed31c8786290dbad9b0f4dc5',22,1,'MyApp','[]',0,'2020-04-07 11:32:13','2020-04-07 11:32:13','2021-04-07 11:32:13'),
('41fd1ffccf304f373cf9db8bad4348138c71fa8ce87bf7271fdb8111e8cbfb5360a03bc08d2fe434',2,1,'MyApp','[]',0,'2020-04-07 11:40:51','2020-04-07 11:40:51','2021-04-07 11:40:51'),
('36195dfcd2932e9c35d672a479243d89650f41e52d58d4a05315b225c275095e54bf5b67be7420b4',1,1,'MyApp','[]',0,'2020-04-07 11:42:53','2020-04-07 11:42:53','2021-04-07 11:42:53'),
('9adfb881d2932a026d559e0ba9a77ff2e1718e3427425f0e57761deaf8a071eae37150e284c3a028',2,1,'MyApp','[]',0,'2020-04-07 11:47:49','2020-04-07 11:47:49','2021-04-07 11:47:49'),
('3ed5ad471488bd13d541b9ed5b90138e079627fda0c757099e5689c8b9a6b716916df7fa49630b90',4,1,'MyApp','[]',0,'2020-04-07 11:50:57','2020-04-07 11:50:57','2021-04-07 11:50:57'),
('6b144d27fc241db7d237a3c5ca7e61afc866888682c3a7008ece3ad9def48630b5cd7b962a0ebcda',3,1,'MyApp','[]',0,'2020-04-07 11:51:25','2020-04-07 11:51:25','2021-04-07 11:51:25'),
('0d9bb182bf99f946bd9616f9199507512c4b62c71baf9bbfb81ae2543e80d2caf784d4e4ab952607',2,1,'MyApp','[]',0,'2020-04-07 11:51:50','2020-04-07 11:51:50','2021-04-07 11:51:50'),
('0d09d79c03c92160022e748c06bb2c04aacadca2fe4b40da6fd377d54859f2eaf0b4e534e6b22572',22,1,'MyApp','[]',0,'2020-04-07 11:53:05','2020-04-07 11:53:05','2021-04-07 11:53:05'),
('1f93c77a1909d0e6e309626b4ccb51f085d250dea72b03ddabf18d862b2293bc2a9ab7d02c8c9b06',3,1,'MyApp','[]',0,'2020-04-07 12:43:46','2020-04-07 12:43:46','2021-04-07 12:43:46'),
('c957827b43fc5b3b8c9c946c8cc43ee98793568d4db5a1040ea8861f8b94836e6c2b1ed8f2139a6b',2,1,'MyApp','[]',0,'2020-04-07 12:52:32','2020-04-07 12:52:32','2021-04-07 12:52:32'),
('b946767eb76ab3fc2e4a5e2bd919db47ae5d79e725f52294df25bfdf6488e5851c925dae9223dd1e',2,1,'MyApp','[]',0,'2020-04-07 14:27:21','2020-04-07 14:27:21','2021-04-07 14:27:21'),
('fdaed9989cd8f73269f5f862273b57910b87d1b718a4f661f878f130a3af1c27ebcd21892f2f7cda',2,1,'MyApp','[]',0,'2020-04-07 14:29:33','2020-04-07 14:29:33','2021-04-07 14:29:33'),
('c1feb3dc6bb53965e2216674a2c135e7b97a56db6882e42b333d641b20eec121e29beabe4957049c',1,1,'MyApp','[]',0,'2020-04-07 14:30:48','2020-04-07 14:30:48','2021-04-07 14:30:48'),
('283e406208ab2cb3af540c51cd52365eb3e9a1a3191a4b15bca1364b5c9b1c59c60f1ec7a942cdff',2,1,'MyApp','[]',0,'2020-04-07 14:34:17','2020-04-07 14:34:17','2021-04-07 14:34:17'),
('4bebf3aac80f28063aa22a724bcc158e49589694a8cf1b96c22c4b2fb118bac20ddb53b673375881',2,1,'MyApp','[]',0,'2020-04-07 14:37:22','2020-04-07 14:37:22','2021-04-07 14:37:22'),
('21f4167ec5274c8d10451d297fb2369c04ae0cc67edf257f4e1693d158b9dd77383ee880f35e5f25',1,1,'MyApp','[]',0,'2020-04-07 14:40:44','2020-04-07 14:40:44','2021-04-07 14:40:44'),
('064663ed42f25ab44305556c3d949daeb0f31f4d62a61aa4cc2838567b4b98858db5ab9ba1c361a5',1,1,'MyApp','[]',0,'2020-04-07 14:44:50','2020-04-07 14:44:50','2021-04-07 14:44:50'),
('81a12a3d13e929c0bd6b8c16db22e9c629151b4a38cd5ea1ad4998b10ee933b3a7445e046eb2b848',3,1,'MyApp','[]',0,'2020-04-07 14:48:40','2020-04-07 14:48:40','2021-04-07 14:48:40'),
('1f611e6aeea832f77440210e8faa27aa991420045bdf68fe06f78affa215421054248ff9766ea96a',2,1,'MyApp','[]',0,'2020-04-07 15:07:14','2020-04-07 15:07:14','2021-04-07 15:07:14'),
('ac595708282b3c88e83ed1ed7542b6e14a150b4681638c84f207931e8475b9acb815460170bc4c76',1,1,'MyApp','[]',0,'2020-04-07 16:19:23','2020-04-07 16:19:23','2021-04-07 16:19:23'),
('65bd3b59536537cd2b9eb8bdcf04b85fdd821271ee5191ee0023b52a6108930e5087e1947fbabfcd',1,1,'MyApp','[]',0,'2020-04-07 16:21:02','2020-04-07 16:21:02','2021-04-07 16:21:02'),
('c2f13cf16ba11a08997059849fc36247d2f6936acb6adf423fdd70c11f0720eba5d64381f64f1e3d',2,1,'MyApp','[]',0,'2020-04-07 16:21:11','2020-04-07 16:21:11','2021-04-07 16:21:11'),
('b0c80f4198e46aee232c6e1ad79d8b0a47100b3002fe2e8996345ee79c7d088d744b0bee7b1224ba',1,1,'MyApp','[]',0,'2020-04-07 16:21:45','2020-04-07 16:21:45','2021-04-07 16:21:45'),
('094afb52e086080e20fa0509b505cc7e6353dabc2ae39b655bc1164a27d02d6292fb919523f24f98',1,1,'MyApp','[]',0,'2020-04-07 16:24:23','2020-04-07 16:24:23','2021-04-07 16:24:23'),
('776818e3a562b70d2e8dfcd5a3603941c9b060abb14c41c9bd0e9c1545e2fb1cd022695615bfff9f',1,1,'MyApp','[]',0,'2020-04-07 16:24:53','2020-04-07 16:24:53','2021-04-07 16:24:53'),
('04dee44c8ff0da3f8c0d92e329819e49a61a5c5bcf260716c1e8f01e4372f0b40e737c239b79633c',2,1,'MyApp','[]',0,'2020-04-07 16:38:27','2020-04-07 16:38:27','2021-04-07 16:38:27'),
('caeecde5daf1c05168447068d8f27272b7562d72e476f994264fe27194ad907ab4758d309e0afac8',33,1,'MyApp','[]',0,'2020-04-07 16:39:16','2020-04-07 16:39:16','2021-04-07 16:39:16'),
('c6939b41abd745f07af8a6cd24b58b13aaefbd1f215643cce19d2c14b39c8bbb552790aa6f61678b',34,1,'MyApp','[]',0,'2020-04-07 16:39:29','2020-04-07 16:39:29','2021-04-07 16:39:29'),
('8f28d643badc6d9bd184348615d19d67ba04e6683e9715d5717dac2d39fca648cd1ae3eb7d6b9f42',2,1,'MyApp','[]',0,'2020-04-08 03:18:41','2020-04-08 03:18:41','2021-04-08 03:18:41'),
('66921e6929913dfbaa3049ba1933b5c8346517c44faa502257881bb0a65c32375c88c852dac99b65',2,1,'MyApp','[]',0,'2020-04-08 03:19:53','2020-04-08 03:19:53','2021-04-08 03:19:53'),
('8ad9d404e830dd9df14a90d7229457a8502218e782534b846456a97f7755ce401b7047bb674a2cb9',2,1,'MyApp','[]',0,'2020-04-08 03:21:14','2020-04-08 03:21:14','2021-04-08 03:21:14'),
('91cff94b9d0438a4e0aaa2588d2612e2b87d22219fd56b68c36b71324fa620c538c34eb3a5dd08f3',1,1,'MyApp','[]',0,'2020-04-08 03:21:40','2020-04-08 03:21:40','2021-04-08 03:21:40'),
('cd79fa769579f6126290c4625cd2d31fab331958f585fafb4df9103d6c1fbe811eb5e7f54d1770fb',2,1,'MyApp','[]',0,'2020-04-08 03:21:54','2020-04-08 03:21:54','2021-04-08 03:21:54'),
('b386554ac07defb9e56c4a7e9e8f89f7a624600b207b7b01297adf69da8c9cd4671ccd91e0944f64',2,1,'MyApp','[]',0,'2020-04-08 03:23:40','2020-04-08 03:23:40','2021-04-08 03:23:40'),
('64e5ea05cefde01da8b1cfb72fb0d969e84de8e1ff76b0f853cde44e20903c8f48545c25c8543bc6',2,1,'MyApp','[]',0,'2020-04-08 03:24:42','2020-04-08 03:24:42','2021-04-08 03:24:42'),
('4b07b6508854dfc203060dce0612eacbf9ac53b88fa57d7ec7c3086782f4e75fabec6594002aee11',2,1,'MyApp','[]',0,'2020-04-08 03:32:10','2020-04-08 03:32:10','2021-04-08 03:32:10'),
('b17ece6ac4249de59aeefd3c50043533d596539b8238c23eaadb140c2f33557d6b993e4edf3246ca',2,1,'MyApp','[]',0,'2020-04-08 03:34:58','2020-04-08 03:34:58','2021-04-08 03:34:58'),
('64698b53078ebcfa3bcbef04aa9c1ccd1f386b502387eda0b2eae72d5f69d437a2e3e75feefb51fc',2,1,'MyApp','[]',0,'2020-04-08 04:05:46','2020-04-08 04:05:46','2021-04-08 04:05:46'),
('0d3680924834f66ae583f9d055159f69abc44018e10f801fe37e8d50614b88b3e03fc4c8b848fff9',1,1,'MyApp','[]',0,'2020-04-08 04:16:42','2020-04-08 04:16:42','2021-04-08 04:16:42'),
('834f731269b05c189a1a90f0e8212bf4ac80a9876e0c1672f1cf29221dc31c29d2a681f221315057',22,1,'MyApp','[]',0,'2020-04-08 04:46:28','2020-04-08 04:46:28','2021-04-08 04:46:28'),
('7635919a187fa026cce0e91ecd873fdeff54e094f34aead1976b68f85cf3b70930e6991ff8f3f0a6',1,1,'MyApp','[]',0,'2020-04-08 04:48:32','2020-04-08 04:48:32','2021-04-08 04:48:32'),
('8b1a9e34f5c3f48440c7a1dffdbf5610da4fb4da431c592c44fae1d24bf0cba56bd3f0581c7bdbaa',3,1,'MyApp','[]',0,'2020-04-08 05:23:09','2020-04-08 05:23:09','2021-04-08 05:23:09'),
('4f2d0d8e6d62d61d17fa1a90c1dbb881da5258883861f9e3c9f4934e127d69d78f887a3548c14959',1,1,'MyApp','[]',0,'2020-04-08 05:24:38','2020-04-08 05:24:38','2021-04-08 05:24:38'),
('85453849305ea5d01b7df3ca3ec899d369407353896f652efd91118f7309e9d1515072b239ffc220',22,1,'MyApp','[]',0,'2020-04-08 05:38:18','2020-04-08 05:38:18','2021-04-08 05:38:18'),
('27cb0973a588cc64ec8a8e7397dd42a7a2da8a35b9a357304a4063d9a980d84cad83556ff4b74bd2',2,1,'MyApp','[]',0,'2020-04-08 05:42:27','2020-04-08 05:42:27','2021-04-08 05:42:27'),
('aade0f2b1610498598267b2ba9d1bddcded46131f089ad0c08c0ef94760badff8f49cdbd145e6897',1,1,'MyApp','[]',0,'2020-04-08 05:43:04','2020-04-08 05:43:04','2021-04-08 05:43:04'),
('9b7f7e607a7890391de94f9b8543a18c8ec6f99d74663bf7d9d2082cb0629465d73f08b0a1c1dda2',1,1,'MyApp','[]',0,'2020-04-08 06:05:20','2020-04-08 06:05:20','2021-04-08 06:05:20'),
('89d1b1a7e5db94a55c9b50a686add60bb3d807c6f232d81e480033aabf8c1d28c73399f3bf1f0a80',2,1,'MyApp','[]',0,'2020-04-08 06:06:33','2020-04-08 06:06:33','2021-04-08 06:06:33'),
('50bec01736672f0fc9fcff2c67ec7b82d1bf00104986b384783c806fb6c8845829dcedda6c88ba45',1,1,'MyApp','[]',0,'2020-04-08 06:16:56','2020-04-08 06:16:56','2021-04-08 06:16:56'),
('791ebe0ab96aa9ad977f78918cbbff8cd88567f7bcce7a5466881a769dc13053998761796acb1234',2,1,'MyApp','[]',0,'2020-04-08 06:24:18','2020-04-08 06:24:18','2021-04-08 06:24:18'),
('8dd983f54c05492ef27bb4fd992c5780bcf3f046a86c315f97046178787d8f673d4da136a19e5df2',2,1,'MyApp','[]',0,'2020-04-08 06:42:03','2020-04-08 06:42:03','2021-04-08 06:42:03'),
('fa0fcbb1f16beb15358cc3a3f6f978b6ed95f3caa0320e34ae871542a296eb53687e24c661f7c1ba',3,1,'MyApp','[]',0,'2020-04-08 07:54:45','2020-04-08 07:54:45','2021-04-08 07:54:45'),
('03e152de1f738ccf0f2a319042923cf1925b6ad11b3bf34ce1ea61c7126b0c5d23216b8fddc6e491',1,1,'MyApp','[]',0,'2020-04-08 07:55:17','2020-04-08 07:55:17','2021-04-08 07:55:17'),
('04d8c4a523446bac93d1a8cfab8bdc0805376eda7790b976744dc91ee676c8df1dc41ea3e659697a',2,1,'MyApp','[]',0,'2020-04-08 08:41:58','2020-04-08 08:41:58','2021-04-08 08:41:58'),
('7cb7bbfce226297ed48c2e4c6b87ea38eb39a042d5fa379d30862b123df174a3a2179eec99444757',7,1,'MyApp','[]',0,'2020-04-08 08:42:33','2020-04-08 08:42:33','2021-04-08 08:42:33'),
('be1f0b809241c0ded6b41c53c2a061ff49961476be5fbd5e65e3ea6873beea4b6beba56275fbf8ce',3,1,'MyApp','[]',0,'2020-04-08 08:43:08','2020-04-08 08:43:08','2021-04-08 08:43:08'),
('13f304705d5843482c662b20a808f1ee4b5831928a1677d5f00dad24b714ad45354096b7cfa90d1d',2,1,'MyApp','[]',0,'2020-04-08 08:46:02','2020-04-08 08:46:02','2021-04-08 08:46:02'),
('8461deeda1a94dba90daef98084638030e055af512348154c231464a57af9d50f3394fdcaa902b40',4,1,'MyApp','[]',0,'2020-04-08 08:49:02','2020-04-08 08:49:02','2021-04-08 08:49:02'),
('5b4ed0470e05b28bbcbaceac9b2aa658641128c9d0d5a2d6843fbf6c922d0e090e212a38c158e1f1',2,1,'MyApp','[]',0,'2020-04-08 08:50:35','2020-04-08 08:50:35','2021-04-08 08:50:35'),
('e0798352f7956e6ebd950c30cbfcae13b76368725e0a8bbbe9a28318f99a729ffe7b0cf5f065c1d3',2,1,'MyApp','[]',0,'2020-04-08 08:53:15','2020-04-08 08:53:15','2021-04-08 08:53:15'),
('5a42d71e1395031edc4c1b81ad67c01330fbf38a86323c80878306c3d0e47ceb2717494fa2809fd5',2,1,'MyApp','[]',0,'2020-04-08 08:54:07','2020-04-08 08:54:07','2021-04-08 08:54:07'),
('3642dc85730cef06eb125524a5ac8e7166368bf900f326c027c6a3b2184e7265f8ceb12904d2349f',1,1,'MyApp','[]',0,'2020-04-08 08:54:19','2020-04-08 08:54:19','2021-04-08 08:54:19'),
('5dc71f741cc58f0c81ed4c84edeb1dca4648ca635b32eb54affda2f4f86d2254bcc68969fd7b978a',35,1,'MyApp','[]',0,'2020-04-08 09:13:06','2020-04-08 09:13:06','2021-04-08 09:13:06'),
('0f667df0f4976c82fa21508a778b506ebe03fb05028b17668b01e69c4f68ce757e61d1289ec4cc7d',4,1,'MyApp','[]',0,'2020-04-08 09:13:24','2020-04-08 09:13:24','2021-04-08 09:13:24'),
('4ca3d5e2a18f86f292f460cfc128f85932625a366ceb257d9e109cf55c067ddf97815162a5287351',2,1,'MyApp','[]',0,'2020-04-08 09:15:07','2020-04-08 09:15:07','2021-04-08 09:15:07'),
('98a7173dfb26d40ffaa8a352610b40324b8fa8babff3c6820f4a40a031842e28a647daf39fac4fd7',1,1,'MyApp','[]',0,'2020-04-08 09:31:07','2020-04-08 09:31:07','2021-04-08 09:31:07'),
('7a03d2a72534706da0d5fde06bb417135c720451550d2c4b0e900f62838a44da0f639cf985dff281',22,1,'MyApp','[]',0,'2020-04-08 09:31:36','2020-04-08 09:31:36','2021-04-08 09:31:36'),
('92251e86205089fdd542a5f606cd7204b54699b2861815d26427a24556d9277baf851c4efbe275df',24,1,'MyApp','[]',0,'2020-04-08 09:32:01','2020-04-08 09:32:01','2021-04-08 09:32:01'),
('9e0d38ffcf2ccc84aeb8096b9e5d9b11c789dd190118ee854e569d215bf6fd917510e932e07c4861',1,1,'MyApp','[]',0,'2020-04-08 09:48:51','2020-04-08 09:48:51','2021-04-08 09:48:51'),
('0bc4af092171d4dc2182217b12dfb0169c08a2e0463954e629f2c09295f923159ce97f939436df1c',24,1,'MyApp','[]',0,'2020-04-08 09:49:05','2020-04-08 09:49:05','2021-04-08 09:49:05'),
('1013e831006cf906739b3eb1948812df2acd3a7f13f8da1a97a827d1784bf84b4c57ea8ec2885c6b',1,1,'MyApp','[]',0,'2020-04-08 10:02:51','2020-04-08 10:02:51','2021-04-08 10:02:51'),
('94a2b3397d8034457a1480f6fe88f00c1d1f033ce702aae4e85da29403c60fd7f6796ae36256429d',2,1,'MyApp','[]',0,'2020-04-08 10:08:30','2020-04-08 10:08:30','2021-04-08 10:08:30'),
('ad964f79a5a47e5ac911652b518c15986fba318649166d4f487bec5ffc20a4daa270cabc459cb9d2',24,1,'MyApp','[]',0,'2020-04-08 10:09:27','2020-04-08 10:09:27','2021-04-08 10:09:27'),
('f3eb188a8fa98ad248efa2d07840cdc7e46b61afe716ba1acbd9b7a46c349c415653f492a13849b6',2,1,'MyApp','[]',0,'2020-04-08 10:14:06','2020-04-08 10:14:06','2021-04-08 10:14:06'),
('2b9eafbf18b72f90e6f07229d5524886d7ef4f3be5402c97da2236c1b6330289accd786b55a67775',2,1,'MyApp','[]',0,'2020-04-08 10:21:45','2020-04-08 10:21:45','2021-04-08 10:21:45'),
('06342f3964710bb250a09df420b064238f97eabf590bf2be41b2fa030ad9050843ae213ad0a6169a',1,1,'MyApp','[]',0,'2020-04-08 10:41:25','2020-04-08 10:41:25','2021-04-08 10:41:25'),
('f66ddf71c009753cad0c2c3b4b41e6d507df14348863e7cfcbbd0f8c8e35258056bf9a777bb01796',2,1,'MyApp','[]',0,'2020-04-08 10:50:13','2020-04-08 10:50:13','2021-04-08 10:50:13'),
('481cb4d31ba27373149729a96f241226cc65ad837af981e12c7acd5e234bd3ec133470ed1008a9c3',24,1,'MyApp','[]',0,'2020-04-08 10:50:34','2020-04-08 10:50:34','2021-04-08 10:50:34'),
('90e237c3193de16be9f5b319862df03b20be41495f21d29c8bf7269d829b7a0cd7709689221aaecf',2,1,'MyApp','[]',0,'2020-04-08 10:55:49','2020-04-08 10:55:49','2021-04-08 10:55:49'),
('462d9957eec08ef3e81ad6cb3b0960d1574a7c4a33d1813a2a533e46d44030391b2cf4d77ca7b127',2,1,'MyApp','[]',0,'2020-04-08 11:14:28','2020-04-08 11:14:28','2021-04-08 11:14:28'),
('0537973f1f2c832f3f7bd2af4dc0c3ec74d9ca75719cb14c4fba1aec1903b4ca4782687c895281fd',1,1,'MyApp','[]',0,'2020-04-08 11:16:37','2020-04-08 11:16:37','2021-04-08 11:16:37'),
('95e702d4f8e043c53d181c50c5afb79b960e0f38d9a0974ee26929e4b20f457ef8502a4a1354be10',2,1,'MyApp','[]',0,'2020-04-08 11:19:25','2020-04-08 11:19:25','2021-04-08 11:19:25'),
('0165096606ce75d0b20491faeed8d964288265159b7294e9cc2582f1accba400d8d173d69ee75d06',1,1,'MyApp','[]',0,'2020-04-08 11:27:29','2020-04-08 11:27:29','2021-04-08 11:27:29'),
('4213921a4bd1dd1ef100164b7e4274002308722f611354d66692a4eee01373e4e8c7b9df8e0c0dee',2,1,'MyApp','[]',0,'2020-04-08 11:41:42','2020-04-08 11:41:42','2021-04-08 11:41:42'),
('ee9369333ed4147465dfbd20db7dbf40c5ce4fcc14afcae988a84db3b4da3d521072f306079b6549',1,1,'MyApp','[]',0,'2020-04-08 12:11:06','2020-04-08 12:11:06','2021-04-08 12:11:06'),
('40aca9c1d95ea0187ab38d68ab197292145cf1a8dd327801e08080667f266e8cbde7b21319c06987',2,1,'MyApp','[]',0,'2020-04-08 12:11:47','2020-04-08 12:11:47','2021-04-08 12:11:47'),
('6435f1cccb3bf4c76474b011891c132e4eb283d123fb999f3f37b10421640629ff285541eed2572f',2,1,'MyApp','[]',0,'2020-04-08 12:41:30','2020-04-08 12:41:30','2021-04-08 12:41:30'),
('30ca8f05c3a040f9a7ebae3d2a6ea814efafa2d597cf7039474eef938b55271aee6b28ccd6a9e41c',1,1,'MyApp','[]',0,'2020-04-08 12:59:17','2020-04-08 12:59:17','2021-04-08 12:59:17'),
('6d2258f0c21383e60fe656e9dd6e85d19cb1ec5eb533422f3183fc4169297b7ac1be82e3f30d435b',1,1,'MyApp','[]',0,'2020-04-08 13:14:20','2020-04-08 13:14:20','2021-04-08 13:14:20'),
('14807db110078a1f698056bc85395205200bed6ce1faa8f58d974998cf800fd1e81df4dc6c28ac49',2,1,'MyApp','[]',0,'2020-04-08 13:18:41','2020-04-08 13:18:41','2021-04-08 13:18:41'),
('be033d6a8b574547e280621ae964d0f503197db970f941f258c42092785e289087b040e9eace3445',2,1,'MyApp','[]',0,'2020-04-08 21:14:39','2020-04-08 21:14:39','2021-04-08 21:14:39'),
('8dd23a0b770015e8524dff5a6e415006c4835cb067e0d04d69ddfac229257cdbef2ef61b1dfd4c35',22,1,'MyApp','[]',0,'2020-04-09 04:12:22','2020-04-09 04:12:22','2021-04-09 04:12:22'),
('adc3da331cc9efdd0fd8d7d2f49ee288dcc34b0dd484bc1562f068364aeba8a8c96e289667f36145',1,1,'MyApp','[]',0,'2020-04-09 04:14:04','2020-04-09 04:14:04','2021-04-09 04:14:04'),
('d5bc651497144147c353e0500cf8f1a81c92519e3df76ab577482fedb37ae86df75ea9610a98098f',2,1,'MyApp','[]',0,'2020-04-09 05:02:24','2020-04-09 05:02:24','2021-04-09 05:02:24'),
('ca136d3d15b839589902b87fd4488b4a47ba99bcae0cfc9a1647eb643041ed106b26014bc6ad84d2',2,1,'MyApp','[]',0,'2020-04-09 05:15:06','2020-04-09 05:15:06','2021-04-09 05:15:06'),
('49eadbb6e135a95913f363cd8dd5ff89a5b127087be21a4aaa20f0c457b888f10111570c99942368',1,1,'MyApp','[]',0,'2020-04-09 05:24:38','2020-04-09 05:24:38','2021-04-09 05:24:38'),
('dab7131b9b5e1f1b5a7670acbd76654bd9e1f3b626d445d76af12e710545f7c52e8f0d1735fe0fc1',4,1,'MyApp','[]',0,'2020-04-09 05:29:34','2020-04-09 05:29:34','2021-04-09 05:29:34'),
('3f0590d73088ae3c822abab71802b28a1922602a00ce25fb2521a7f5f062dca9395237ae6e0fae19',4,1,'MyApp','[]',0,'2020-04-09 05:30:51','2020-04-09 05:30:51','2021-04-09 05:30:51'),
('8edfd4b9ae4fd0d9f5fa04b77dd37f11e58d985b309d714039b841f8d669b8f41109dcfadaf97e23',1,1,'MyApp','[]',0,'2020-04-09 05:50:22','2020-04-09 05:50:22','2021-04-09 05:50:22'),
('77eb3c3f2960193666956ec10efb4f522e01023b52511e9cf8fedcd34b2b4a29deff337ea35e8428',1,1,'MyApp','[]',0,'2020-04-09 05:51:33','2020-04-09 05:51:33','2021-04-09 05:51:33'),
('c49aea4c7cc7fb1c4a633de45193130410936cce966e1234e6dc5e99a6c2549a5926d23b18152309',2,1,'MyApp','[]',0,'2020-04-09 05:55:55','2020-04-09 05:55:55','2021-04-09 05:55:55'),
('a9bd04e151df112f38c832e09cb8a74db7e46f40cd24c3c10cda1b7ecef68e75677beec874ecd9f1',4,1,'MyApp','[]',0,'2020-04-09 06:32:46','2020-04-09 06:32:46','2021-04-09 06:32:46'),
('adf76c2dfe44d78e956c977924ffc0892ebc5d6f784e2841f805006f7db9e4a5a0d2d881a49cf6b5',4,1,'MyApp','[]',0,'2020-04-09 06:33:28','2020-04-09 06:33:28','2021-04-09 06:33:28'),
('f0a3be31c3e4be49a8fcc0f1e31da7664b031905c038380ebb1e2ace59e3ed5eba856715f5a47424',2,1,'MyApp','[]',0,'2020-04-09 06:38:23','2020-04-09 06:38:23','2021-04-09 06:38:23'),
('5ebd593ecdc690bdf4716811795face6252265145b1aa5a9b097da6bbb876e1e6daacdede5f1a7f0',1,1,'MyApp','[]',0,'2020-04-09 06:49:54','2020-04-09 06:49:54','2021-04-09 06:49:54'),
('97288c4c02df04913f7e0875e19911382c418375a4316729475b1787d7ea0d056cbc523929be678d',2,1,'MyApp','[]',0,'2020-04-09 06:50:18','2020-04-09 06:50:18','2021-04-09 06:50:18'),
('a5779d0ecd0642ceca87712a06e9a63b5d7ce1ebf352127bc9a690429369d2f767702eb3dac983d2',2,1,'MyApp','[]',0,'2020-04-09 07:17:31','2020-04-09 07:17:31','2021-04-09 07:17:31'),
('92150e2a8f29eedbb917a4d0312b544b6f27ff00c8263db73ff4f8976d301bf62a5debe4d5fb56be',2,1,'MyApp','[]',0,'2020-04-09 07:52:08','2020-04-09 07:52:08','2021-04-09 07:52:08'),
('2aa601a898ed8f262c783506c1744d997ea58424c6cd4d8610243bc139d0fd2cdbc6037716f50dc9',1,1,'MyApp','[]',0,'2020-04-09 09:19:27','2020-04-09 09:19:27','2021-04-09 09:19:27'),
('e5dad0593a0e88483f55d4b81bb07baa0cc5706b9171b789d00173ba68325dfbb8f81ec348552145',2,1,'MyApp','[]',0,'2020-04-09 09:23:56','2020-04-09 09:23:56','2021-04-09 09:23:56'),
('7215fa06e80387db82577df470f8d73446b0549ba2e8f4863249bdb7b1aba09a5d9e31560ef17f33',3,1,'MyApp','[]',0,'2020-04-09 09:32:31','2020-04-09 09:32:31','2021-04-09 09:32:31'),
('000af38b68eb26ff36d89b95f29fa8f39ae7b319cb3673eb66c10deef0525ee848e07a087b35ebbf',36,1,'MyApp','[]',0,'2020-04-09 09:33:16','2020-04-09 09:33:16','2021-04-09 09:33:16'),
('355c0b53095e1a8320962b93dbc40c55fba82d031d54a69662b412176e04eaad99777e2183dac660',37,1,'MyApp','[]',0,'2020-04-09 09:56:40','2020-04-09 09:56:40','2021-04-09 09:56:40'),
('16a33d03a01aa032b127198c279a2a1b70e5a2d35b8897f8fba3de9b86e5dd4b021456dc5661b7ff',38,1,'MyApp','[]',0,'2020-04-09 10:01:14','2020-04-09 10:01:14','2021-04-09 10:01:14'),
('bfd082c011a114be5d3ebe26eaf70ecc6401bcaec57fd3291c1533bc3af9a857317337e3972559c8',37,1,'MyApp','[]',0,'2020-04-09 10:01:57','2020-04-09 10:01:57','2021-04-09 10:01:57'),
('e18cd4c084a9d4d69855bc0c703644ff08ae6997d820edf02674ec39bcfda6f97d73734010cae66b',1,1,'MyApp','[]',0,'2020-04-09 10:05:02','2020-04-09 10:05:02','2021-04-09 10:05:02'),
('fe9029721946835114e8f857f163f302572da7c63aea695dc2fd7aece1f75879d46a85f54bcff130',37,1,'MyApp','[]',0,'2020-04-09 10:06:28','2020-04-09 10:06:28','2021-04-09 10:06:28'),
('a8fbfea473e9318d9120f40679d0b65906af52676031253a75c7f22896ee50487b8adb48e29b0335',36,1,'MyApp','[]',0,'2020-04-09 10:31:28','2020-04-09 10:31:28','2021-04-09 10:31:28'),
('1c3a6949ca836d2ee729f74861cd11db9e43460c52b9dc74336935dcc4e2940610bbec49626e3a9e',2,1,'MyApp','[]',0,'2020-04-09 10:39:59','2020-04-09 10:39:59','2021-04-09 10:39:59'),
('a6887926ed2051fc19449eaab67059d02fef9a0deaa1ae6edd4d0f13a983d5525b651fef8d9e9eb2',38,1,'MyApp','[]',0,'2020-04-09 10:41:52','2020-04-09 10:41:52','2021-04-09 10:41:52'),
('3d8e4cc1e365f2b2c3afcf89d02964e9c92956ff4a8ba0f217d671cb94b6a18ee3dc2fd8be3e95a8',36,1,'MyApp','[]',0,'2020-04-09 10:45:05','2020-04-09 10:45:05','2021-04-09 10:45:05'),
('19c8cc1c597b95d973d071846d3e8831f1f913cacf649de3f197117f57a4b0120d4cf05d2aa37f5f',1,1,'MyApp','[]',0,'2020-04-09 11:09:27','2020-04-09 11:09:27','2021-04-09 11:09:27'),
('b2352b4202d8a12a741c20a2ea07cfd7e345a14ec508e1d6ce24c8dbae960fb9073e3fde4eabec37',36,1,'MyApp','[]',0,'2020-04-09 11:26:30','2020-04-09 11:26:30','2021-04-09 11:26:30'),
('a4034fdb6505b5c132412d30e576c9d5e55729f57f0653252838cbe793431bcea70b718e08d2ad93',1,1,'MyApp','[]',0,'2020-04-09 11:43:27','2020-04-09 11:43:27','2021-04-09 11:43:27'),
('ac3d5aa53ba645ca0a30cf1d0af28e8837bb1be20ec81a052c86ba9ed697b423db38a9f88e16444f',37,1,'MyApp','[]',0,'2020-04-09 11:44:00','2020-04-09 11:44:00','2021-04-09 11:44:00'),
('419c2eda6b1010e61c69384ab56483e6280785cad04a77d6332d61a5cf3d6eb4a23581da664491e1',1,1,'MyApp','[]',0,'2020-04-09 11:44:17','2020-04-09 11:44:17','2021-04-09 11:44:17'),
('79ee5e4d7acaf80b22d08a6efc694472c28a575cbc20d9fe0f0ec47b5e6a33d7de69992eac21ee1f',2,1,'MyApp','[]',0,'2020-04-09 11:45:34','2020-04-09 11:45:34','2021-04-09 11:45:34'),
('c5b3374c3852c791964ca17e41c39347488b58ae2fae2337aece28b8501d35290a32596f7095dd42',1,1,'MyApp','[]',0,'2020-04-09 11:54:10','2020-04-09 11:54:10','2021-04-09 11:54:10'),
('299600a551a9909cb787a125a1a3e4b195464d678de7d49d27ed06ae2b439144cb99e8b2bcaead5b',2,1,'MyApp','[]',0,'2020-04-09 11:54:33','2020-04-09 11:54:33','2021-04-09 11:54:33'),
('2e65e055030dee63e95701bcf7cf13afb0cb83966e1751b97d451106acdad13039d4ed0dacad59d8',1,1,'MyApp','[]',0,'2020-04-09 12:00:26','2020-04-09 12:00:26','2021-04-09 12:00:26'),
('c134f2ba850f298c9774e12bd1e3f3174c965f17275b11ba10de9a5589f9ee5f9447f33c1755d0b0',1,1,'MyApp','[]',0,'2020-04-09 12:24:50','2020-04-09 12:24:50','2021-04-09 12:24:50'),
('0350c13355a874e96c264dd422d5fe6371115fe9d55db690a8b7432d33301c4248b09dd5173bba0c',22,1,'MyApp','[]',0,'2020-04-09 12:25:45','2020-04-09 12:25:45','2021-04-09 12:25:45'),
('afa3cbb6486ebf6b6ac3f3f4e0c37ababe335b2ca7d8fda246581bf34cf79f0a882c470bf367a659',1,1,'MyApp','[]',0,'2020-04-09 12:31:08','2020-04-09 12:31:08','2021-04-09 12:31:08'),
('9cf9529360d29ceb3e3379803b625e709cd01e70743dc4570b11a9e2ece34ec4514da2ff0f607c55',2,1,'MyApp','[]',0,'2020-04-09 16:19:55','2020-04-09 16:19:55','2021-04-09 16:19:55'),
('d7437f0cd487ee39585a27c2ec38a4a4f4c7de3b4b302e88eb945d74efdcb55a334f94a4d2092731',2,1,'MyApp','[]',0,'2020-04-10 05:57:54','2020-04-10 05:57:54','2021-04-10 05:57:54'),
('240dc36a687c81817fca0b61c3b9db78be62a0ae927490a533e01d32a36ffb9d67f8f281afe5285b',2,1,'MyApp','[]',0,'2020-04-11 05:56:14','2020-04-11 05:56:14','2021-04-11 05:56:14'),
('f8d739bbb1b4b048b5c30bdd62a9e316417e297fc2b8228f256e82a7bc61d772013a840e766ff44d',2,1,'MyApp','[]',0,'2020-04-11 14:05:18','2020-04-11 14:05:18','2021-04-11 14:05:18'),
('444274f8d57e660c4c9813e3d7df09a776dded6cf79848dfbb3806841ea4aa8089dc0b000c25e1a2',2,1,'MyApp','[]',0,'2020-04-11 14:22:50','2020-04-11 14:22:50','2021-04-11 14:22:50'),
('e161c396d44f52cf48a49237fce28f77265f492b2e5317ae856d070fdfda2bffa6e62f661d266183',2,1,'MyApp','[]',0,'2020-04-11 14:24:22','2020-04-11 14:24:22','2021-04-11 14:24:22'),
('e3b918a32edaa6dc7e25ad72f9768f305f1374f14d042ac9160287e1e31a3e958473c07d52655733',2,1,'MyApp','[]',0,'2020-04-12 08:22:02','2020-04-12 08:22:02','2021-04-12 08:22:02'),
('39b88d29451102d4f43cfa9869315afed18c77beb00215a94935b49d2c0efe64bd4e29bff4e036bd',1,1,'MyApp','[]',0,'2020-04-13 04:27:29','2020-04-13 04:27:29','2021-04-13 04:27:29'),
('ebf9459fa438cb2d07bdd70494176346f8a252adc3b06313a87b35f4489726d4bc0722709557d719',39,1,'MyApp','[]',0,'2020-04-13 06:48:24','2020-04-13 06:48:24','2021-04-13 06:48:24'),
('9a0892ccba48f9b7c4ca9cafe49f7d9429b47c1a1e63351293229995a633829192971f18e32f7119',40,1,'MyApp','[]',0,'2020-04-13 07:13:54','2020-04-13 07:13:54','2021-04-13 07:13:54'),
('e86b1d1b9e19213c695367c287703c4f6606b96eb8c6956b43098074d1044558c9bc24c942d70ffc',41,1,'MyApp','[]',0,'2020-04-13 07:27:07','2020-04-13 07:27:07','2021-04-13 07:27:07'),
('07130c489dd01b44950e17c98427888ca94de2ec456e59ba0db6e563f6cf445ac1c833dd94531cca',42,1,'MyApp','[]',0,'2020-04-13 07:54:43','2020-04-13 07:54:43','2021-04-13 07:54:43'),
('766fde3702a1aadb2853263a09e2c8fc64b6400cb002e7c41cd85f87fce1734bbcf390fc2f090f5f',43,1,'MyApp','[]',0,'2020-04-13 08:15:25','2020-04-13 08:15:25','2021-04-13 08:15:25'),
('979aacf14838a3891c70d49893aab955019251a49ce72cc525a565cc89e9f0d30f02a836442243b9',1,1,'MyApp','[]',0,'2020-04-13 08:36:17','2020-04-13 08:36:17','2021-04-13 08:36:17'),
('ed8ae93612a0733197ce6a4f442f75bdae65c79922abebc98e4048944faa572d391ab9aa20e76a75',2,1,'MyApp','[]',0,'2020-04-13 09:03:22','2020-04-13 09:03:22','2021-04-13 09:03:22'),
('d360e152e4538d09cf9c9c9abc6d314de54acf64d6a5e0916c6f8fc8a12c2aa786dfd78586a41662',44,1,'MyApp','[]',0,'2020-04-13 09:53:28','2020-04-13 09:53:28','2021-04-13 09:53:28'),
('9783a8309ac9e6327b4c16771da8518739143a619926ed96f15fbaebfe4c1f7c859a105965b60851',2,1,'MyApp','[]',0,'2020-04-14 07:18:50','2020-04-14 07:18:50','2021-04-14 07:18:50'),
('78aba9d2e2691ea6587e8eeabebf158d73ba8492f538c7653fdcb783bbb95241c596ee8df3266c62',2,1,'MyApp','[]',0,'2020-04-14 14:47:23','2020-04-14 14:47:23','2021-04-14 14:47:23'),
('f8a318a500483283f06a5e2f63725d9a57cc928de4750fecc1d5af272933734f4a7b428d8f501aba',1,1,'MyApp','[]',0,'2020-04-15 08:10:41','2020-04-15 08:10:41','2021-04-15 08:10:41'),
('80f5a5eddd1674e6c05effd38b1176ca5509f6900b53a3c6115e70a80e197c9a0516695cdf824339',1,1,'MyApp','[]',0,'2020-04-15 16:10:24','2020-04-15 16:10:24','2021-04-15 16:10:24'),
('e0e888bf0c6295110888b2135d9a882b0e222cc3c2c0ac6621e992ed3b09c4356e52d678d0163d74',2,1,'MyApp','[]',0,'2020-04-15 16:11:12','2020-04-15 16:11:12','2021-04-15 16:11:12'),
('efa0b9e9a787c3e01a854f92ac115f1ec9d3ceb90366f7c08f94c0acf8bac3def745ac113ab71ca4',1,1,'MyApp','[]',0,'2020-04-16 03:19:49','2020-04-16 03:19:49','2021-04-16 03:19:49'),
('5a2a4383588f4e780129e4001cb29903ebefaa9ef8c147e39618de5c5e0a47e8318af9898ec2c6e8',3,1,'MyApp','[]',0,'2020-04-16 05:28:56','2020-04-16 05:28:56','2021-04-16 05:28:56'),
('f1b5e9c1fc0cd23e39111a5ffac4483c7a7199b574640c4d32d6e93f558acdea3c944dd9127d5d8a',1,1,'MyApp','[]',0,'2020-04-16 05:43:36','2020-04-16 05:43:36','2021-04-16 05:43:36'),
('8a72c79f3473643abe392c9320770a93b0e83e3a5757880ce21cfa12af025392a2ba2e2f459599a6',2,1,'MyApp','[]',0,'2020-04-16 07:08:52','2020-04-16 07:08:52','2021-04-16 07:08:52'),
('670ffd101f9b827c4c4449dce420152ef6f8572a73a3b442b02bf0b93b75a03fd2f4c98582ebcf46',2,1,'MyApp','[]',0,'2020-04-16 08:02:46','2020-04-16 08:02:46','2021-04-16 08:02:46'),
('e870d0cbb5cb95a137d11fc48ac1ef96b385139dedfe3944f9adf608c37cf8e84040b3eb9ea9accc',1,1,'MyApp','[]',0,'2020-04-16 08:09:55','2020-04-16 08:09:55','2021-04-16 08:09:55'),
('951591a80a0a98657c3955b820275670322b76188d01aea75de1ddde5f418345325abcb237a9c60a',2,1,'MyApp','[]',0,'2020-04-16 10:02:08','2020-04-16 10:02:08','2021-04-16 10:02:08'),
('d7608030ca4ebb1bb8477e94c1e6da64a9a4d9e353c9e15dec4f83cfcb6216c6d3738b339d20225c',1,1,'MyApp','[]',0,'2020-04-16 10:14:42','2020-04-16 10:14:42','2021-04-16 10:14:42'),
('d80e2ab9053650e8962afd5c3d917a3c7b70d1a6881746debb21bc0378bac7960fd1969dc7e24e08',1,1,'MyApp','[]',0,'2020-04-16 11:48:33','2020-04-16 11:48:33','2021-04-16 11:48:33'),
('b942d069c9fd1abc81fa69b203d3c5b84b1079604b13a4250cb5dae17994633974315ce820e54b46',1,1,'MyApp','[]',0,'2020-04-17 04:18:31','2020-04-17 04:18:31','2021-04-17 04:18:31'),
('5ebd3e91dc16c9a287edf0f7c5ed59035240550cd3ecdd9acc9e9a2185eb5957386b010451a0326d',1,1,'MyApp','[]',0,'2020-04-17 04:40:13','2020-04-17 04:40:13','2021-04-17 04:40:13'),
('0367b4f662e388a8be9df316a839b0b28f401172eaea164a543eac56df88a7288f9caabbc92e5947',1,1,'MyApp','[]',0,'2020-04-17 04:59:07','2020-04-17 04:59:07','2021-04-17 04:59:07'),
('d0f89fc683e68cdcbd88665fefbd8e27966d22b87fe95c6f898d792d7aed0de430ef7261dece5c79',1,1,'MyApp','[]',0,'2020-04-17 05:21:04','2020-04-17 05:21:04','2021-04-17 05:21:04'),
('3f59fb2c1c41dd63389b58a14ee233677816627814311c0944759f85131de8dea1db9e24f76546a7',1,1,'MyApp','[]',0,'2020-04-17 13:21:13','2020-04-17 13:21:13','2021-04-17 13:21:13'),
('24d2d4db91509c6dfe95158475f7b64b95ca582b60c4882781732e84f69b9f1549b320d5b6579be3',2,1,'MyApp','[]',0,'2020-04-17 13:53:31','2020-04-17 13:53:31','2021-04-17 13:53:31'),
('cbd1aa64cdabf94686a47ac1c499a23e073b0741af9cdd6cb1746c0ba69d1415e55efc3796c22d5d',2,1,'MyApp','[]',0,'2020-04-17 13:59:49','2020-04-17 13:59:49','2021-04-17 13:59:49'),
('503fef30dddd8c40b0828a0f15d82700913b3819a33ccc037623d2d181527f1902d1a0b7f433643b',1,1,'MyApp','[]',0,'2020-04-19 17:26:12','2020-04-19 17:26:12','2021-04-19 17:26:12'),
('f9522737b6a009c936b2ba3ef173dedf72e356dd5d473d5f2b82abb1a5a64a0deffd7ceec3cb6002',1,1,'MyApp','[]',0,'2020-04-20 04:37:28','2020-04-20 04:37:28','2021-04-20 04:37:28'),
('9c11a628515ea43bca2b0d9cae64854f53425fb96806ee7a171b9a6839dc9b0dcdebfa7c4525817e',1,1,'MyApp','[]',0,'2020-04-20 05:00:47','2020-04-20 05:00:47','2021-04-20 05:00:47'),
('041ae1ae1ffad6c601e0f8c27f9a22e2b5ff5bfbd1bdb00055e6dc250c8013bc74808db89e985539',1,1,'MyApp','[]',0,'2020-04-20 05:00:47','2020-04-20 05:00:47','2021-04-20 05:00:47'),
('277c15115632cfd88eeeaf2e03b48a193892c315b0666b00b142d4e2357985b9ce80b93ceef9dca9',1,1,'MyApp','[]',0,'2020-04-20 05:16:47','2020-04-20 05:16:47','2021-04-20 05:16:47'),
('beb635b5cfafda2aa42dbecdc6ef73df58f725585e930d2937102688cf245ddd0ae101dfd4ea779f',1,1,'MyApp','[]',0,'2020-04-20 06:14:01','2020-04-20 06:14:01','2021-04-20 06:14:01'),
('3dd63fd7231747c8205d200209e47600500183979682eaeb2972f6bd79526ee2e862b5b05d86c70d',1,1,'MyApp','[]',0,'2020-04-20 12:00:25','2020-04-20 12:00:25','2021-04-20 12:00:25'),
('02d9aa7c5687fcd5a69ed2c14e20aa7d34979c643d5d0897b4b7875ff70b494e64e1dba1dcd5df39',1,1,'MyApp','[]',0,'2020-04-20 12:05:00','2020-04-20 12:05:00','2021-04-20 12:05:00'),
('6bc19cc29515912ab60ed43624a26a68fe2d29c8e8dcb34d4ee32c745694f80222ad080a1adf3ff3',1,1,'MyApp','[]',0,'2020-04-21 04:52:26','2020-04-21 04:52:26','2021-04-21 04:52:26'),
('8d8fd5f2524f61cb818a990880c49fcea21c5edc892b058bd002e8eba561f4deb172bc61bdef0ae8',1,1,'MyApp','[]',0,'2020-04-21 08:27:05','2020-04-21 08:27:05','2021-04-21 08:27:05'),
('0718336ec15cee2f5f09e96277d21786ed117636b2737f9f77b1c49967108502acb530c7dc00c774',1,1,'MyApp','[]',0,'2020-04-21 08:40:51','2020-04-21 08:40:51','2021-04-21 08:40:51'),
('20c90a751d35e20763c2746141d86dc459b1a3ae60f854fd3f58c6e47e790b3491744b5858e6e238',1,1,'MyApp','[]',0,'2020-04-21 10:59:44','2020-04-21 10:59:44','2021-04-21 10:59:44'),
('cfaff90218ce6611aaee258fcce9bec3a9d9f5757f241752fb0483f6a7b27b9b56e83196c8c93605',1,1,'MyApp','[]',0,'2020-04-21 11:00:58','2020-04-21 11:00:58','2021-04-21 11:00:58'),
('b251775e1351d2a081d1fe1f0acd04a8097204642898cba174304359c6e8caafcce5286c101aa9ec',1,1,'MyApp','[]',0,'2020-04-22 04:43:22','2020-04-22 04:43:22','2021-04-22 04:43:22'),
('a452b67b212a7bfbb681055e7ac5b7d388ad9a24f888f8a9dbe1230f8d39468117f229d8d869b0ae',1,1,'MyApp','[]',0,'2020-04-22 04:50:37','2020-04-22 04:50:37','2021-04-22 04:50:37'),
('b6eebb5ce0dbe4eff89d1b21f034c4c545c631762712dbb418ff730e6f0b45eb45e42d79d082ce34',2,1,'MyApp','[]',0,'2020-04-22 13:00:41','2020-04-22 13:00:41','2021-04-22 13:00:41'),
('ecda692442ed70628d05a9fde816cd239b7dd7c5a48fd2987733eb76c8941550106752a0ab26670a',1,1,'MyApp','[]',0,'2020-04-23 04:54:34','2020-04-23 04:54:34','2021-04-23 04:54:34'),
('bc45ebdf6f3135ff04994ab0071bed0156d091bf42a2b82fd278bc151adc856c94897483d5f3cf43',1,1,'MyApp','[]',0,'2020-04-23 05:02:24','2020-04-23 05:02:24','2021-04-23 05:02:24'),
('68d9df6d56f20e5accd4cbdc1d233b889d0ec7ec91e13ed1ed79f8eb38566f0bcd989453e8e25e1f',3,1,'MyApp','[]',0,'2020-04-23 05:02:36','2020-04-23 05:02:36','2021-04-23 05:02:36'),
('dee9832895f98c5a712d61b7e06dc50e764cb36eddd6645336a36e01d426a15ae201ab80081ce289',2,1,'MyApp','[]',0,'2020-04-23 10:41:23','2020-04-23 10:41:23','2021-04-23 10:41:23'),
('0754e391517698f4cf83d9e09143d4e5ccf5d04bc21060bb77edc90c6838a6010d8da0f288f858d5',1,1,'MyApp','[]',0,'2020-04-23 10:43:39','2020-04-23 10:43:39','2021-04-23 10:43:39'),
('cc6fee8219ece0c573ea14337308bc1d8310260b6f4c59796ff9e19f51425292efa6fe0dfe220629',2,1,'MyApp','[]',0,'2020-04-23 10:47:28','2020-04-23 10:47:28','2021-04-23 10:47:28'),
('9960503381bccf394b04ece341ea5c64b1acc278623b4b9a77e6236d6db01d1aabf7ef6a95cf84e8',2,1,'MyApp','[]',0,'2020-04-23 10:47:58','2020-04-23 10:47:58','2021-04-23 10:47:58'),
('0f950a56a22a2c06eaf65ba5c0ddaf48cc35f06b30cff1c50013ce29362093006e224a5aed34855b',2,1,'MyApp','[]',0,'2020-04-23 14:15:49','2020-04-23 14:15:49','2021-04-23 14:15:49'),
('4a0d95e3877bbe852eb1d535dc99e1c9249a5f609f9fa61e0d45421a583f19cf78fce3c627ed2dc3',1,1,'MyApp','[]',0,'2020-04-24 04:29:48','2020-04-24 04:29:48','2021-04-24 04:29:48'),
('57c9a139c3bb95df60a891aa2800e0f2338ee8e990fd6665b962c2903873af52156542559882df4f',3,1,'MyApp','[]',0,'2020-04-24 05:42:41','2020-04-24 05:42:41','2021-04-24 05:42:41'),
('16b71f40e7f1abf9952911ebae3e5d51bc67e778e5d73514b6e19455e97ac2834b8083bea667bfe3',2,1,'MyApp','[]',0,'2020-04-24 11:54:25','2020-04-24 11:54:25','2021-04-24 11:54:25'),
('99e05f8def4765a0a50cc6a8e5ba0b5b20f167bd11c68ff509572447f70fa0081d5d626800e396cd',1,1,'MyApp','[]',0,'2020-04-24 15:16:47','2020-04-24 15:16:47','2021-04-24 15:16:47'),
('1e64750e99df5f9c12af046423fa0672522f24a4a5f83600b928070d640afe9d95f8ce5061e4b7a9',2,1,'MyApp','[]',0,'2020-04-25 06:38:46','2020-04-25 06:38:46','2021-04-25 06:38:46'),
('be67c290f61d8964b4a2c4a2277c71a1294cc036c63c45bc305989c199db3ac87aba8fb964137b45',2,1,'MyApp','[]',0,'2020-04-25 06:58:45','2020-04-25 06:58:45','2021-04-25 06:58:45'),
('5e5b8b5f5f13b085cd8c288478a37b053def7dd646967d86cff7c83c042801c1902ec93f30d6645f',1,1,'MyApp','[]',0,'2020-04-25 08:04:44','2020-04-25 08:04:44','2021-04-25 08:04:44'),
('2a297c09b06b05109cc847a8bfa60122bb1e93e2090560eb12f378cf1089317b13c4974478409660',2,1,'MyApp','[]',0,'2020-04-25 11:51:07','2020-04-25 11:51:07','2021-04-25 11:51:07'),
('fbb0a225d0c2052ab9d22da2c64dd687314730e36091eb3dd857d5a39404d802bc52d23eda502cc3',1,1,'MyApp','[]',0,'2020-04-25 13:06:30','2020-04-25 13:06:30','2021-04-25 13:06:30'),
('fb500f5965eb8c0cfcdce4c7b9dddd84e2246ad953f23a6aadd056afef4de31a4b1c217f2c61d911',1,1,'MyApp','[]',0,'2020-04-25 14:30:33','2020-04-25 14:30:33','2021-04-25 14:30:33'),
('34f85c449754937bcbd241a3f61fdf7b99aa1f79da2c79416ad8e5e654edbd357df9f945ca62cdbd',2,1,'MyApp','[]',0,'2020-04-25 14:57:42','2020-04-25 14:57:42','2021-04-25 14:57:42'),
('f371d4b53272116da82c0d0d27ddd03ed711fafdd9d577a19fe21839d725df49f3b46d9bba0222f3',2,1,'MyApp','[]',0,'2020-04-26 06:19:49','2020-04-26 06:19:49','2021-04-26 06:19:49'),
('2f3343c3df78cb384096b9093b2045bd93625429b9178ae5738df2f26f87c92e49f20e1276fde457',1,1,'MyApp','[]',0,'2020-04-26 06:20:13','2020-04-26 06:20:13','2021-04-26 06:20:13'),
('eeade4a633bb60a7981a7ecf7bfdaa4fd65e23251ff9b282490d66bd4e79c1914a2224d6586f7be2',1,1,'MyApp','[]',0,'2020-04-27 04:55:09','2020-04-27 04:55:09','2021-04-27 04:55:09'),
('7f255cd2b242b722d9d17777d9b4498453127979697b851493ed024c1cf764fd13d21284c422c62a',1,1,'MyApp','[]',0,'2020-04-27 04:56:01','2020-04-27 04:56:01','2021-04-27 04:56:01'),
('059bbeb7f11d92f1f13f8304893ebb3db9322b07d5fe42049c541c882e3d626cd2d592698c554706',2,1,'MyApp','[]',0,'2020-04-27 05:02:33','2020-04-27 05:02:33','2021-04-27 05:02:33'),
('8ee253c101035fb02d9052fa2c8e47aecd2144543394a6f511245fa3d3aa68d3774d9931aaef7241',4,1,'MyApp','[]',0,'2020-04-27 05:45:34','2020-04-27 05:45:34','2021-04-27 05:45:34'),
('cc9f310d3a3c819049944a6c198c3b4f9d9e741869400d0b80aa112155283cddc10796e5a216224e',2,1,'MyApp','[]',0,'2020-04-27 07:43:17','2020-04-27 07:43:17','2021-04-27 07:43:17'),
('bb85a9b446340916af9c3d2f70c2f18eb327566ea182336b988db1c192052e068a5dc8270495ae80',1,1,'MyApp','[]',0,'2020-04-27 10:37:17','2020-04-27 10:37:17','2021-04-27 10:37:17'),
('c112fe2e5279ac42fe0240c387fefb4c313726556f9197ad2a2b124a21c4ee12bffee65c68c17c6e',4,1,'MyApp','[]',0,'2020-04-27 10:41:58','2020-04-27 10:41:58','2021-04-27 10:41:58'),
('1e26a940b8c192222bee9afe0a595c3f8c73a0c4b382401f3cfcfe15f4debaa67dac207ea25bfaed',1,1,'MyApp','[]',0,'2020-04-27 10:55:27','2020-04-27 10:55:27','2021-04-27 10:55:27'),
('73616fa79f458e3e5d8156e2dcd47ecbd14a3451702980253146ba364a2aa29d96a1723ac0401789',4,1,'MyApp','[]',0,'2020-04-27 10:56:22','2020-04-27 10:56:22','2021-04-27 10:56:22'),
('dc2e729b291f6f354a4389254458deb70870598531459e77e73a1ffb5ea5d9aae9c4bc0ec8a23932',1,1,'MyApp','[]',0,'2020-04-27 10:58:14','2020-04-27 10:58:14','2021-04-27 10:58:14'),
('d4bb20849aa54e3de26baa3e9da1a08c91566dc2fabde8064f099fbd941404d3b7793c59205af489',4,1,'MyApp','[]',0,'2020-04-27 10:59:29','2020-04-27 10:59:29','2021-04-27 10:59:29'),
('03019670361bb91c2024c013208bc950d6749f8ec41ff57142681ec445fed8ada7cd83503c1c6780',1,1,'MyApp','[]',0,'2020-04-27 11:36:27','2020-04-27 11:36:27','2021-04-27 11:36:27'),
('3cff5867e12fabf6dba2b101e83e8863cdf0c4b2f9f734f17f8635d8871a09951fa03fe91e5a1068',1,1,'MyApp','[]',0,'2020-04-27 12:31:25','2020-04-27 12:31:25','2021-04-27 12:31:25'),
('5620e281fefd6deb59b1e747b6577a3c504e856cd4ca93e39cdbf2f6a97b8beb1cd383d16a0737ee',1,1,'MyApp','[]',0,'2020-04-27 14:22:50','2020-04-27 14:22:50','2021-04-27 14:22:50'),
('ac5495aed6e29f09d2baee9bf916b592492da18a60453d0667ebf8ea444f53c9069fe47ca252eaec',2,1,'MyApp','[]',0,'2020-04-28 04:13:12','2020-04-28 04:13:12','2021-04-28 04:13:12'),
('434ca43c3d3ceec79678c1401b4b1e470acec176a86e768e1b3a6596076448a0ef01244db028dd68',1,1,'MyApp','[]',0,'2020-04-28 04:36:58','2020-04-28 04:36:58','2021-04-28 04:36:58'),
('413115a31ca25c3326a25c3573b365aa2184ac30ab7da0ac6af10ebfec62d57f8522b2262765c0a2',1,1,'MyApp','[]',0,'2020-04-28 05:04:58','2020-04-28 05:04:58','2021-04-28 05:04:58'),
('7fbfb8669b7b8b05ad50b46a4573c69ebb1c31560ccb563b1a473feaac6c7b8a072a3384d53562f8',2,1,'MyApp','[]',0,'2020-04-28 10:15:01','2020-04-28 10:15:01','2021-04-28 10:15:01'),
('5ccfa95a4cbfbe7ece49d19f1216dcd9cdf651bf151a8833b1feba4bc0f3f1566eef5feeab392695',2,1,'MyApp','[]',0,'2020-04-28 10:15:46','2020-04-28 10:15:46','2021-04-28 10:15:46'),
('46049bca5dbf1da5a4ea99a97fcc41be34ff4b29f53cbf0596d2f9f86bd850421a9408b9a9cd490e',2,1,'MyApp','[]',0,'2020-04-28 10:16:31','2020-04-28 10:16:31','2021-04-28 10:16:31'),
('908250b690bd945cbd71b8736684c5883c4f400792ef9e21f44aba3bd7612991b7217f4d4380fc2b',2,1,'MyApp','[]',0,'2020-04-28 10:31:23','2020-04-28 10:31:23','2021-04-28 10:31:23'),
('fd4e8cd56c8eee168d7a9e5a01d7041d6f2bb9b328fc6b0166f5ce11b176d794c03e7b9a1de6280b',2,1,'MyApp','[]',0,'2020-04-28 10:38:16','2020-04-28 10:38:16','2021-04-28 10:38:16'),
('33fa07caf7258892f5325273c4dc58df27e4c7a7759f77bce006c9b7afccceadad999bf349bd4f96',2,1,'MyApp','[]',0,'2020-04-28 11:26:50','2020-04-28 11:26:50','2021-04-28 11:26:50'),
('365d14c32fac2bf4b29a8568f2ee9c702b1d6ea6ce331bad81cfeaa2ab70b0b42d5ea887bec9f5a7',2,1,'MyApp','[]',0,'2020-04-28 11:30:30','2020-04-28 11:30:30','2021-04-28 11:30:30'),
('adf61a0ebe53063ca8d6fbfd8760f266b2c5e6317455cfd0a9e4a8ff7ebc131764b080455de45efd',1,1,'MyApp','[]',0,'2020-04-28 12:15:46','2020-04-28 12:15:46','2021-04-28 12:15:46'),
('72278d8d043a3a00ddf9ae5bc27734697f9a7a2996a3002013f4eb1eb29b845240781f88773d80f7',4,1,'MyApp','[]',0,'2020-04-28 12:31:52','2020-04-28 12:31:52','2021-04-28 12:31:52'),
('3e30684bf224d04d578d59d8148c1b871ce4643a25cf00a33c60e4a20dee680c8517584c0b228a12',4,1,'MyApp','[]',0,'2020-04-28 13:43:07','2020-04-28 13:43:07','2021-04-28 13:43:07'),
('b140a1b0de133bda62b570a3e03e108e81b17577b4faeac8e8e15ad1d9ea9633658b3048fc79d07f',4,1,'MyApp','[]',0,'2020-04-28 14:14:02','2020-04-28 14:14:02','2021-04-28 14:14:02'),
('9fb534e9557c80b1e6f3c72797dda3e9629adef606d939507a9580355c32033ec2a6109eaa2f006f',3,1,'MyApp','[]',0,'2020-04-29 04:12:37','2020-04-29 04:12:37','2021-04-29 04:12:37'),
('9759658a28045e284b6726e4c53c8ece7ddeb96d19bbe4c457ddc89ca5ba874e8033484f667c7d14',2,1,'MyApp','[]',0,'2020-04-29 04:12:58','2020-04-29 04:12:58','2021-04-29 04:12:58'),
('064bb61d68dd80e36dd7e1392516a4e4a186d3f7ebfe0254241d7bd97028aaf76236239aaa14682e',3,1,'MyApp','[]',0,'2020-04-29 04:13:25','2020-04-29 04:13:25','2021-04-29 04:13:25'),
('dac1986a769c1453c7e79318d5c4b8eb3d6240d025944f235a3753c5eafd587dea3a754f080b3ab1',3,1,'MyApp','[]',0,'2020-04-29 04:25:01','2020-04-29 04:25:01','2021-04-29 04:25:01'),
('6fb035e3d38f279404a26d5541fce4e40e9606f1e8090d14178725541228f2c2da07947f7c569fc1',2,1,'MyApp','[]',0,'2020-04-29 04:35:32','2020-04-29 04:35:32','2021-04-29 04:35:32'),
('9e0e241e351b9aacc70fc14aba44819fa84b85dd891d09d576fe7a393a0d5fea260d54b097256f25',1,1,'MyApp','[]',0,'2020-04-29 04:58:19','2020-04-29 04:58:19','2021-04-29 04:58:19'),
('e622e39ab4560fefbd6b4e167500184142795099a5445c73db19dca6b8c7e89cf42e79563134cb77',4,1,'MyApp','[]',0,'2020-04-29 05:02:52','2020-04-29 05:02:52','2021-04-29 05:02:52'),
('33985ef30ff866ffd843e85542d9fd50ccd04da4009759aca8e6c0152ef9157f2faee777cf6942b7',4,1,'MyApp','[]',0,'2020-04-29 07:26:48','2020-04-29 07:26:48','2021-04-29 07:26:48'),
('f857fd4449d319aa93a0e0481bc76b674489a651cf881efc942b5922861b4b4215bbcd8a5ace3478',2,1,'MyApp','[]',0,'2020-04-29 08:27:03','2020-04-29 08:27:03','2021-04-29 08:27:03'),
('6ef97e5c9ffa6bb3ed63591ca959b5cb17256b6b38445fca31905fc394f8095835d7aa7a01458550',2,1,'MyApp','[]',0,'2020-04-30 04:35:16','2020-04-30 04:35:16','2021-04-30 04:35:16'),
('5c3b29b6e7a3968580d4652a66e27113379e27348cc16e42629d19b8563f1f2f9482801c9adaf21d',1,1,'MyApp','[]',0,'2020-04-30 05:00:18','2020-04-30 05:00:18','2021-04-30 05:00:18'),
('6d36805039a69dc07321c8eb2e48edde6c6caeae7e3332f5fe03095f6c6669ff4698813dd4c7fc14',4,1,'MyApp','[]',0,'2020-04-30 05:16:56','2020-04-30 05:16:56','2021-04-30 05:16:56'),
('89a256ed943e3b7f9aceb8456faaf4487f9a7b9d7962670bc90b09eb4871b342ba419e7b4a4e5318',1,1,'MyApp','[]',0,'2020-04-30 05:23:10','2020-04-30 05:23:10','2021-04-30 05:23:10'),
('07bac53ba00174e6c19fca639f63444af534a20c23bc64c2e7871c162c1e722e8cc064d774be6e57',2,1,'MyApp','[]',0,'2020-04-30 05:26:54','2020-04-30 05:26:54','2021-04-30 05:26:54'),
('27436b99c5514b174f5265b69ea6e6041b457b555682b6dc3048df1eea7f893bec6cceea5e425d3c',1,1,'MyApp','[]',0,'2020-04-30 14:22:12','2020-04-30 14:22:12','2021-04-30 14:22:12'),
('b316b3fea13498530de5548549df9b48e56436956d3e6550156f38851adc759a672f3ec901bae149',3,1,'MyApp','[]',0,'2020-04-30 14:40:11','2020-04-30 14:40:11','2021-04-30 14:40:11'),
('ff307adfd6b04802b258b2c52ebd2766fdf9f27f0a22c4550dfac6a727303ba8b229d16de33c064a',1,1,'MyApp','[]',0,'2020-05-01 04:55:15','2020-05-01 04:55:15','2021-05-01 04:55:15'),
('19d262e615011a8e69e03584b540f4fd516062f824f1971f04202a518c7153b5bdebec5d262cbcaa',1,1,'MyApp','[]',0,'2020-05-01 05:49:53','2020-05-01 05:49:53','2021-05-01 05:49:53'),
('d26885a4a6dfb4afdd57665e031bf735de51d7b94a8b14f8a771923484001ae0851bd571bd70d351',3,1,'MyApp','[]',0,'2020-05-01 05:59:09','2020-05-01 05:59:09','2021-05-01 05:59:09'),
('03e9cfc6b8f454c753976678355f7212fe39a36def9003d7f433802a8a8b58bec615052a132f0fbb',4,1,'MyApp','[]',0,'2020-05-01 06:00:52','2020-05-01 06:00:52','2021-05-01 06:00:52'),
('c2e1876be56360b3ec5c3ef2fb1a7a4d6e357ef066452133e5b0d045f879e903759eeb33ff3bb827',1,1,'MyApp','[]',0,'2020-05-01 06:29:40','2020-05-01 06:29:40','2021-05-01 06:29:40'),
('e3dfe4510a02d16f0e04d8437d732e30e2b2636b145c27dfaed2a1273a3175f594af1d863125c614',1,1,'MyApp','[]',0,'2020-05-01 06:45:23','2020-05-01 06:45:23','2021-05-01 06:45:23'),
('85324c20ab25b11b4ad09d5f1c5c2ab0805fa4fdff5e115d1f15eda63c424580bb5286562903aa4e',1,1,'MyApp','[]',0,'2020-05-01 06:53:29','2020-05-01 06:53:29','2021-05-01 06:53:29'),
('7831fdc10c0cc6a0eb1c9921e280f4bc8e506db1a355cd9f6f64d0d96980d186ac42ea55b62517a6',1,1,'MyApp','[]',0,'2020-05-01 10:07:23','2020-05-01 10:07:23','2021-05-01 10:07:23'),
('cbd7bbf5762a6a03b512a47b8da13f55086519e39953901a714b50d6bb64dde7daa344408f1fc899',3,1,'MyApp','[]',0,'2020-05-01 10:37:33','2020-05-01 10:37:33','2021-05-01 10:37:33'),
('d99fbaf1b89bee1124b1527a078a6591ef1b937bbd8e2a9e5df80c7d74a6d23eadffc72f0ffac486',3,1,'MyApp','[]',0,'2020-05-01 10:46:34','2020-05-01 10:46:34','2021-05-01 10:46:34'),
('00e6856d60c2ac48eb314ca09f833644df3a4d2749b65ba28134f966731ac67c9218e0f495c7303f',2,1,'MyApp','[]',0,'2020-05-01 10:54:44','2020-05-01 10:54:44','2021-05-01 10:54:44');

/*Table structure for table `oauth_auth_codes` */

DROP TABLE IF EXISTS `oauth_auth_codes`;

CREATE TABLE `oauth_auth_codes` (
  `id` varchar(100) COLLATE utf8mb4_unicode_ci NOT NULL,
  `user_id` bigint(20) unsigned NOT NULL,
  `client_id` bigint(20) unsigned NOT NULL,
  `scopes` text COLLATE utf8mb4_unicode_ci,
  `revoked` tinyint(1) NOT NULL,
  `expires_at` datetime DEFAULT NULL,
  PRIMARY KEY (`id`),
  KEY `oauth_auth_codes_user_id_index` (`user_id`)
) ENGINE=MyISAM DEFAULT CHARSET=utf8mb4 COLLATE=utf8mb4_unicode_ci;

/*Data for the table `oauth_auth_codes` */

/*Table structure for table `oauth_clients` */

DROP TABLE IF EXISTS `oauth_clients`;

CREATE TABLE `oauth_clients` (
  `id` bigint(20) unsigned NOT NULL AUTO_INCREMENT,
  `user_id` bigint(20) unsigned DEFAULT NULL,
  `name` varchar(191) COLLATE utf8mb4_unicode_ci NOT NULL,
  `secret` varchar(100) COLLATE utf8mb4_unicode_ci DEFAULT NULL,
  `redirect` text COLLATE utf8mb4_unicode_ci NOT NULL,
  `personal_access_client` tinyint(1) NOT NULL,
  `password_client` tinyint(1) NOT NULL,
  `revoked` tinyint(1) NOT NULL,
  `created_at` timestamp NULL DEFAULT NULL,
  `updated_at` timestamp NULL DEFAULT NULL,
  PRIMARY KEY (`id`),
  KEY `oauth_clients_user_id_index` (`user_id`)
) ENGINE=MyISAM AUTO_INCREMENT=3 DEFAULT CHARSET=utf8mb4 COLLATE=utf8mb4_unicode_ci;

/*Data for the table `oauth_clients` */

insert  into `oauth_clients`(`id`,`user_id`,`name`,`secret`,`redirect`,`personal_access_client`,`password_client`,`revoked`,`created_at`,`updated_at`) values 
(1,NULL,'Laravel Personal Access Client','kUT8WVApMU7egfiBJcKzO6czyjfHTOApOVc0bVpN','http://localhost',1,0,0,'2020-03-14 07:22:22','2020-03-14 07:22:22'),
(2,NULL,'Laravel Password Grant Client','AS5UaWicwkgFtjYdpQXz6Kh9yluPS0KX0ZedFHRo','http://localhost',0,1,0,'2020-03-14 07:22:24','2020-03-14 07:22:24');

/*Table structure for table `oauth_personal_access_clients` */

DROP TABLE IF EXISTS `oauth_personal_access_clients`;

CREATE TABLE `oauth_personal_access_clients` (
  `id` bigint(20) unsigned NOT NULL AUTO_INCREMENT,
  `client_id` bigint(20) unsigned NOT NULL,
  `created_at` timestamp NULL DEFAULT NULL,
  `updated_at` timestamp NULL DEFAULT NULL,
  PRIMARY KEY (`id`)
) ENGINE=MyISAM AUTO_INCREMENT=2 DEFAULT CHARSET=utf8mb4 COLLATE=utf8mb4_unicode_ci;

/*Data for the table `oauth_personal_access_clients` */

insert  into `oauth_personal_access_clients`(`id`,`client_id`,`created_at`,`updated_at`) values 
(1,1,'2020-03-14 07:22:24','2020-03-14 07:22:24');

/*Table structure for table `oauth_refresh_tokens` */

DROP TABLE IF EXISTS `oauth_refresh_tokens`;

CREATE TABLE `oauth_refresh_tokens` (
  `id` varchar(100) COLLATE utf8mb4_unicode_ci NOT NULL,
  `access_token_id` varchar(100) COLLATE utf8mb4_unicode_ci NOT NULL,
  `revoked` tinyint(1) NOT NULL,
  `expires_at` datetime DEFAULT NULL,
  PRIMARY KEY (`id`)
) ENGINE=MyISAM DEFAULT CHARSET=utf8mb4 COLLATE=utf8mb4_unicode_ci;

/*Data for the table `oauth_refresh_tokens` */

/*Table structure for table `offers` */

DROP TABLE IF EXISTS `offers`;

CREATE TABLE `offers` (
  `id` bigint(20) unsigned NOT NULL AUTO_INCREMENT,
  `offer` varchar(191) COLLATE utf8mb4_unicode_ci DEFAULT NULL COMMENT 'Offer title',
  `photo` varchar(191) COLLATE utf8mb4_unicode_ci DEFAULT NULL COMMENT 'Pic for display',
  `amount` double NOT NULL DEFAULT '0' COMMENT 'Offer cash amount',
  `business` double NOT NULL DEFAULT '0' COMMENT 'Associated business value',
  `start_date` date DEFAULT NULL COMMENT 'Offer start date',
  `end_date` date DEFAULT NULL COMMENT 'Offer end date',
  `created_by` int(11) NOT NULL DEFAULT '0' COMMENT 'who created this offer',
  `updated_by` int(11) NOT NULL DEFAULT '0' COMMENT 'who updated this offer',
  `created_at` timestamp NULL DEFAULT NULL,
  `updated_at` timestamp NULL DEFAULT NULL,
  `deleted_at` timestamp NULL DEFAULT NULL,
  PRIMARY KEY (`id`)
) ENGINE=InnoDB AUTO_INCREMENT=4 DEFAULT CHARSET=utf8mb4 COLLATE=utf8mb4_unicode_ci;

/*Data for the table `offers` */

insert  into `offers`(`id`,`offer`,`photo`,`amount`,`business`,`start_date`,`end_date`,`created_by`,`updated_by`,`created_at`,`updated_at`,`deleted_at`) values 
(1,'Diwali offer','offer_1588312105.png',12000,100000,'2020-05-01','2020-05-29',1,1,'2020-05-01 05:48:25','2020-05-01 05:48:47',NULL),
(2,'Holi offer','offer_1588312735.png',1234.78,1500000,'2020-05-06','2020-06-06',1,1,'2020-05-01 05:49:43','2020-05-01 06:08:46','2020-05-01 06:08:46'),
(3,'Holi offer','offer_1588317369.png',129.9,100000,'2020-04-30','2020-05-30',1,0,'2020-05-01 07:16:09','2020-05-01 07:16:09',NULL);

/*Table structure for table `password_resets` */

DROP TABLE IF EXISTS `password_resets`;

CREATE TABLE `password_resets` (
  `email` varchar(191) COLLATE utf8mb4_unicode_ci NOT NULL,
  `token` varchar(191) COLLATE utf8mb4_unicode_ci NOT NULL,
  `created_at` timestamp NULL DEFAULT NULL,
  KEY `password_resets_email_index` (`email`)
) ENGINE=MyISAM DEFAULT CHARSET=utf8mb4 COLLATE=utf8mb4_unicode_ci;

/*Data for the table `password_resets` */

insert  into `password_resets`(`email`,`token`,`created_at`) values 
('meenakshi.pal@sapple.co.in','$2y$10$.isEO.ym/eHqM3uJR8vz4.y.9HzDSnTt7LUw7FdKXxtb2sU4Zvesq','2020-03-20 11:11:35');

/*Table structure for table `payment_masters` */

DROP TABLE IF EXISTS `payment_masters`;

CREATE TABLE `payment_masters` (
  `id` bigint(20) unsigned NOT NULL AUTO_INCREMENT,
  `amount` decimal(20,2) NOT NULL DEFAULT '0.00',
  `payment_mode` varchar(191) COLLATE utf8mb4_unicode_ci DEFAULT NULL,
  `cheque_number` varchar(191) COLLATE utf8mb4_unicode_ci DEFAULT NULL,
  `cheque_date` date DEFAULT NULL,
  `account_holder_name` varchar(191) COLLATE utf8mb4_unicode_ci DEFAULT NULL,
  `bank_name` varchar(191) COLLATE utf8mb4_unicode_ci DEFAULT NULL,
  `account_number` varchar(191) COLLATE utf8mb4_unicode_ci DEFAULT NULL,
  `ifsc_code` varchar(191) COLLATE utf8mb4_unicode_ci DEFAULT NULL,
  `date_of_payment` date DEFAULT NULL,
  `comment` text COLLATE utf8mb4_unicode_ci,
  `admin_comment` text COLLATE utf8mb4_unicode_ci COMMENT 'If admin approved or reject any payment, he can put the related comment.',
  `photo` text COLLATE utf8mb4_unicode_ci,
  `status` enum('Pending','Approved','Rejected') COLLATE utf8mb4_unicode_ci NOT NULL DEFAULT 'Pending' COMMENT 'Pending: Payment has received by the agent and ready to approve by the admin. Approved: Payment is approved by the admin. Rejected: Payment is rejected by the Admin.',
  `created_for` int(11) NOT NULL DEFAULT '0' COMMENT 'agent id',
  `created_by` int(11) NOT NULL DEFAULT '0',
  `updated_by` int(11) NOT NULL DEFAULT '0',
  `deleted_by` int(11) NOT NULL DEFAULT '0',
  `coupon_type_id` int(11) NOT NULL COMMENT '1 is Consumer Goods Coupon. 2 is Real Estate EMI. 3 is Real Estate Advance',
  `coupon_id` int(11) DEFAULT '0',
  `customer_plot_booking_payment_detail_id` varchar(191) COLLATE utf8mb4_unicode_ci NOT NULL DEFAULT '',
  `customer_plot_booking_paid_list_id` varchar(191) COLLATE utf8mb4_unicode_ci DEFAULT NULL COMMENT 'This column will have the comma separated ids of customer_plot_booking_paid_lists table if agent collect the advance or emi against plot',
  `payment_type` enum('1','2') COLLATE utf8mb4_unicode_ci NOT NULL DEFAULT '1' COMMENT '1 is EMI Collection, 2 is Request for money to wallet',
  `money_request_status` enum('Pending','Approved','Rejected') COLLATE utf8mb4_unicode_ci NOT NULL DEFAULT 'Pending',
  `created_at` timestamp NULL DEFAULT NULL,
  `updated_at` timestamp NULL DEFAULT NULL,
  `deleted_at` timestamp NULL DEFAULT NULL,
  PRIMARY KEY (`id`)
) ENGINE=MyISAM AUTO_INCREMENT=169 DEFAULT CHARSET=utf8mb4 COLLATE=utf8mb4_unicode_ci;

/*Data for the table `payment_masters` */

insert  into `payment_masters`(`id`,`amount`,`payment_mode`,`cheque_number`,`cheque_date`,`account_holder_name`,`bank_name`,`account_number`,`ifsc_code`,`date_of_payment`,`comment`,`admin_comment`,`photo`,`status`,`created_for`,`created_by`,`updated_by`,`deleted_by`,`coupon_type_id`,`coupon_id`,`customer_plot_booking_payment_detail_id`,`customer_plot_booking_paid_list_id`,`payment_type`,`money_request_status`,`created_at`,`updated_at`,`deleted_at`) values 
(1,0.00,'Cash','undefined','2020-03-17','Gautam Gambhir',NULL,'0','0','2020-03-17',NULL,NULL,NULL,'Pending',0,1,0,0,3,0,'1',NULL,'1','Pending','2020-03-17 10:04:06','2020-03-17 10:04:06',NULL),
(2,0.00,'Cheque','9632','2020-03-17','Abhishek Singh','SBI','0','0','2020-03-17',NULL,NULL,NULL,'Pending',0,1,0,0,3,0,'26',NULL,'1','Pending','2020-03-17 10:14:20','2020-03-17 10:14:20',NULL),
(3,0.00,'Online','9999','2020-02-23','Mansij Srivastava','ICICI','0','0','2020-02-23',NULL,'rejected',NULL,'Rejected',2,1,0,0,3,0,'63',NULL,'1','Pending','2020-03-17 10:46:08','2020-03-21 06:28:49',NULL),
(4,0.00,'Online','kjgj',NULL,NULL,'vvj,','0','0','2020-03-17','j,kgkgjkg','rejected','photo_1584447802.jpeg','Rejected',2,2,0,0,2,0,'27,64',NULL,'1','Pending','2020-03-17 12:23:22','2020-03-21 06:28:57',NULL),
(17,158333.33,'Cash','665544',NULL,NULL,'undefined','0','0','2020-03-19','Paid 18 April 2020 EMI','Approved 18 April 2020 EMI','photo_1584591384.jpg','Approved',15,15,0,0,2,0,'125',NULL,'1','Pending','2020-03-19 04:16:24','2020-03-19 04:19:26',NULL),
(16,100000.00,'Cheque','965896','2020-03-19','Shikha','SBI','0','0','2020-03-19',NULL,'Received booking amount is approved','photo_1584590777.jpg','Approved',15,15,0,0,3,0,'124',NULL,'1','Pending','2020-03-19 04:06:17','2020-03-19 04:18:41',NULL),
(15,100000.00,'Cash','13123123123','2020-03-02','uddeshia',NULL,'0','0','2020-03-11',NULL,'Payment rejected','photo_1584534936.png','Rejected',3,3,0,0,3,0,'111',NULL,'1','Pending','2020-03-18 12:35:36','2020-03-19 12:23:20',NULL),
(13,100000.00,'Cheque','31312321','2020-03-03','manoj','ICICI','0','0','2020-03-11',NULL,'Payment approved','photo_1584521484.png','Approved',3,3,0,0,3,0,'85',NULL,'1','Pending','2020-03-18 08:51:24','2020-03-19 12:22:39',NULL),
(14,1200000.00,'Online','3242124122141','2020-03-10','bhawan',NULL,'0','0','2020-03-11',NULL,NULL,'photo_1584531095.html','Pending',4,3,0,0,3,0,'98',NULL,'1','Pending','2020-03-18 11:31:35','2020-03-18 11:31:35',NULL),
(18,158333.33,'Cheque','78654',NULL,NULL,'HDFC','0','0','2020-03-19','Collect second of 18 May 2020 EMI through check','Amount does not match','photo_1584591875.jpg','Rejected',15,15,0,0,2,0,'126',NULL,'1','Pending','2020-03-19 04:24:35','2020-03-19 04:25:59',NULL),
(19,1300000.00,'Cheque','44234234234234',NULL,NULL,'HDFC','0','0','2020-03-19','first emi pay','rejected','photo_1584617723.png','Rejected',3,3,0,0,2,0,'112',NULL,'1','Pending','2020-03-19 11:35:23','2020-03-19 12:24:19',NULL),
(20,1200000.00,'Cash','12312312312',NULL,NULL,'undefined','0','0','2020-03-19','dsdsadasds','accept','photo_1584617961.png','Approved',3,3,0,0,2,0,'113',NULL,'1','Pending','2020-03-19 11:39:21','2020-03-23 07:33:40',NULL),
(21,1250000.00,'Cheque','312312312',NULL,NULL,'ICICI','0','0','2020-03-19','third emi pay','EMI approved','photo_1584618026.png','Approved',3,3,0,0,2,0,'114',NULL,'1','Pending','2020-03-19 11:40:26','2020-03-31 06:43:46',NULL),
(22,1241666.00,'Cash','9846138',NULL,NULL,'undefined','0','0','2020-03-19','Collect 16-July-2020 EMI Payment',NULL,'photo_1584619238.png','Pending',3,3,0,0,2,0,'115',NULL,'1','Pending','2020-03-19 12:00:38','2020-03-19 12:00:38',NULL),
(23,1241666.00,'Cheque','12587',NULL,NULL,'HDFC','0','0','2020-03-19','Rs. 1241666.67 emi collected. Dated 15 August 2020',NULL,'photo_1584620125.png','Pending',3,3,0,0,2,0,'116',NULL,'1','Pending','2020-03-19 12:15:25','2020-03-19 12:15:25',NULL),
(24,100000.00,'Cash','76543',NULL,NULL,'undefined','0','0','2020-03-19','collected','approved','photo_1584621083.png','Pending',3,3,0,0,2,0,'111',NULL,'1','Pending','2020-03-19 12:31:23','2020-03-19 12:32:41',NULL),
(25,100000.00,'Cheque','123456','2020-03-10','sangeeta bisht','icici','0','0','2020-03-12',NULL,'advance payment approved','photo_1584625868.png','Approved',3,3,0,0,3,0,'137',NULL,'1','Pending','2020-03-19 13:51:08','2020-03-31 06:42:04',NULL),
(26,1000000.00,'Cash','cdds','2020-03-10','shruti gupta',NULL,'0','0','2020-03-09',NULL,NULL,NULL,'Pending',13,13,0,0,3,0,'138',NULL,'1','Pending','2020-03-19 14:18:52','2020-03-19 14:18:52',NULL),
(27,10000.00,'Cheque','23456','2020-03-25','Corona','Corona Virus','0','0','2020-03-20','payment request',NULL,NULL,'Pending',2,2,0,0,0,0,'',NULL,'2','Rejected','2020-03-21 06:20:39','2020-03-24 16:21:17',NULL),
(28,10000.00,'Cheque','23456','2020-03-25','Corona','Corona Virus','0','0','2020-03-20','payment request',NULL,NULL,'Pending',2,2,0,0,0,0,'',NULL,'2','Pending','2020-03-21 06:24:19','2020-03-21 12:14:03',NULL),
(29,1200000.00,'Cheque','123456789',NULL,NULL,'ICICI','0','0','2020-03-21','payment request to wallet 1200000',NULL,'photo_1584773915.png','Pending',3,3,0,0,0,0,'',NULL,'1','Pending','2020-03-21 06:58:35','2020-03-21 06:58:35',NULL),
(30,1200000.00,'Cheque','123456789',NULL,NULL,'ICICI','0','0','2020-03-21','payment request to wallet 1200000',NULL,'photo_1584773934.png','Pending',3,3,0,0,0,0,'',NULL,'1','Pending','2020-03-21 06:58:54','2020-03-21 06:58:54',NULL),
(31,1300000.00,'Cheque','424234234',NULL,NULL,'hdfc','0','0','2020-03-21','cheque paymeny request',NULL,'photo_1584774041.png','Pending',3,3,0,0,0,0,'',NULL,'1','Pending','2020-03-21 07:00:41','2020-03-21 07:00:41',NULL),
(32,12000.00,'Cheque','123456789',NULL,NULL,'icici','0','0','2020-03-21','cheq payment',NULL,'photo_1584774491.png','Pending',3,3,0,0,0,0,'',NULL,'2','Pending','2020-03-21 07:08:11','2020-03-21 12:04:59',NULL),
(33,12000.00,'Cheque','123456789',NULL,NULL,'icici','0','0','2020-03-21','cheq payment',NULL,'photo_1584774580.png','Pending',3,3,0,0,0,0,'',NULL,'2','Pending','2020-03-21 07:09:40','2020-03-21 12:05:19',NULL),
(34,13000.00,'Online','123456789',NULL,NULL,'HDFC','0','0','2020-03-21','online transaction for meenakshi',NULL,'photo_1584787535.jpg','Pending',4,3,0,0,0,0,'',NULL,'2','Pending','2020-03-21 10:45:35','2020-03-21 10:52:16',NULL),
(35,1000000.00,'Cheque','2569','2020-03-24','Yogesh Gehlot','IDFC','0','0','2020-03-22',NULL,'yyy','photo_1584854776.jpg','Approved',2,2,0,0,3,0,'151',NULL,'1','Pending','2020-03-22 05:26:16','2020-03-23 07:22:23',NULL),
(36,100000.00,'Cash','45767865','2020-03-23','Srikant',NULL,'0','0','2020-03-27',NULL,'ttt',NULL,'Approved',2,2,0,0,3,0,'164',NULL,'1','Pending','2020-03-23 07:00:39','2020-03-23 07:21:17',NULL),
(37,50000.00,'Cash','2222',NULL,NULL,'undefined','0','0','2020-03-23','emi collected','emi approved','photo_1584947102.jpg','Approved',2,2,0,0,2,0,'152,153',NULL,'1','Pending','2020-03-23 07:05:02','2020-03-23 07:18:01',NULL),
(38,10000.00,'Cash','412312312','1970-01-01','anita waldia','undefined','0','0','1970-01-01',NULL,NULL,'photo_1584958007.png','Pending',3,3,0,0,3,0,'165',NULL,'1','Pending','2020-03-23 10:06:47','2020-03-23 10:06:47',NULL),
(39,10000.00,'Cash','412312312','1970-01-01','anita waldia','undefined','0','0','1970-01-01',NULL,NULL,'photo_1584958132.png','Pending',3,3,0,0,3,0,'166',NULL,'1','Pending','2020-03-23 10:08:52','2020-03-23 10:08:52',NULL),
(40,10000.00,'Cash','112','1970-01-01','anita','undefined','0','0','1970-01-01',NULL,NULL,'photo_1584958383.png','Pending',3,3,0,0,3,0,'167',NULL,'1','Pending','2020-03-23 10:13:03','2020-03-23 10:13:03',NULL),
(41,10000.00,'Online','3182398123','2020-03-23','anita','undefined','0','0','2020-03-23',NULL,NULL,'photo_1584958781.png','Pending',3,3,0,0,3,0,'168',NULL,'1','Pending','2020-03-23 10:19:41','2020-03-23 10:19:41',NULL),
(42,10000.00,'Cash','3123123','1970-01-01','anita waldia','undefined','0','0','1970-01-01',NULL,NULL,'photo_1584959713.png','Pending',3,3,0,0,3,0,'169',NULL,'1','Pending','2020-03-23 10:35:13','2020-03-23 10:35:13',NULL),
(43,1000.00,'Cash','232323','1970-01-01','Vishal','undefined','0','0','1970-01-01',NULL,NULL,'photo_1584963589.png','Pending',3,3,0,0,3,0,'170',NULL,'1','Pending','2020-03-23 11:39:49','2020-03-23 11:39:49',NULL),
(44,5000.00,'Cash','996699666','2020-03-24','ankit waldia','undefined','0','0','2020-03-24',NULL,NULL,NULL,'Pending',3,3,0,0,3,0,'',NULL,'1','Pending','2020-03-23 14:31:20','2020-03-23 14:31:20',NULL),
(45,2000.00,'Cash','22335544','1970-01-01','manoj','undefined','0','0','1970-01-01',NULL,NULL,NULL,'Pending',3,3,0,0,3,0,'183',NULL,'1','Pending','2020-03-23 14:38:12','2020-03-23 14:38:12',NULL),
(46,1000.00,'Cheque','1457896','2020-03-24','Ravinder Pal','HDFC','0','0','2020-03-24',NULL,NULL,NULL,'Pending',3,3,0,0,3,0,'184',NULL,'1','Pending','2020-03-23 14:47:13','2020-03-23 14:47:13',NULL),
(47,10000.00,'Cash','147258','2020-03-25','bhuwan singh','undefined','0','0','2020-03-25',NULL,NULL,NULL,'Pending',3,3,0,0,3,0,'185',NULL,'1','Pending','2020-03-24 05:33:13','2020-03-24 05:33:13',NULL),
(48,10000.00,'Online','147258','2020-03-26','Raju Srivashav','undefined','0','0','2020-03-26',NULL,NULL,NULL,'Pending',3,3,0,0,3,0,'186',NULL,'1','Pending','2020-03-24 05:39:40','2020-03-24 05:39:40',NULL),
(49,100000.00,'Online','551122',NULL,NULL,'Yes Bank','0','0','2020-03-24','Test',NULL,'photo_1585029168.png','Pending',2,2,0,0,0,0,'',NULL,'2','Approved','2020-03-24 05:52:48','2020-03-24 05:54:38',NULL),
(50,20000.00,'Cash','122','2020-03-24','hgjhgj','undefined','0','0','2020-03-24',NULL,'Rs. 20,000 cash emi is approved',NULL,'Approved',2,1,0,0,3,0,'187',NULL,'1','Pending','2020-03-24 11:59:43','2020-03-31 06:00:58',NULL),
(51,50000.00,'Cheque','551122',NULL,NULL,'Yes Bank','0','0','2020-03-24','test',NULL,'photo_1585066354.png','Pending',2,2,0,0,0,0,'',NULL,'2','Rejected','2020-03-24 16:12:34','2020-03-24 16:14:20',NULL),
(52,1000.00,'Cash','11223344','2020-03-27','ritu pal','undefined','0','0','2020-03-27',NULL,NULL,'photo_1585221510.png','Pending',3,1,0,0,3,0,'200',NULL,'1','Pending','2020-03-26 11:18:30','2020-03-26 11:18:30',NULL),
(53,5000.00,'Cheque','8877','2020-03-27','ritu sharma','ICICI','0','0','2020-03-27',NULL,NULL,NULL,'Pending',3,1,0,0,3,0,'201',NULL,'1','Pending','2020-03-26 11:24:06','2020-03-26 11:24:06',NULL),
(54,1250.00,'Cash','cdds','2020-03-16','57421452154','undefined','0','0','2020-03-16',NULL,NULL,'photo_1585305896.jpg','Pending',4,1,0,0,3,0,'202',NULL,'1','Pending','2020-03-27 10:44:56','2020-03-27 10:44:56',NULL),
(55,112500000.00,'Cash','cddsff','2020-03-24','5852841252525','undefined','0','0','2020-03-24',NULL,NULL,NULL,'Pending',4,1,0,0,3,0,'',NULL,'1','Pending','2020-03-27 10:52:25','2020-03-27 10:52:25',NULL),
(56,1000.00,'Cash','3454',NULL,NULL,'undefined','0','0','2020-03-30','hgjhgj',NULL,'photo_1585545158.png','Pending',2,2,0,0,0,0,'',NULL,'2','Approved','2020-03-30 05:12:38','2020-03-31 05:39:50',NULL),
(57,15000.00,'Cheque','188188',NULL,NULL,'SBI','0','0','2020-03-30','Sonam, Collected EMI of Rs. 15000','15000 emi approved','photo_1585548357.jpg','Approved',2,2,0,0,2,0,'188',NULL,'1','Pending','2020-03-30 06:05:57','2020-03-31 06:04:10',NULL),
(58,15000.00,'Cheque','188188',NULL,NULL,'SBI','0','0','2020-03-30','Sonam, Collected EMI of Rs. 15000','emi approved','photo_1585548357.jpg','Approved',2,2,0,0,2,0,'188',NULL,'1','Pending','2020-03-30 06:05:57','2020-03-30 06:12:51',NULL),
(59,0.00,'Cash','1111111111',NULL,NULL,'undefined','0','0','2020-03-30','no emi','emi rejected','photo_1585549294.jpg','Rejected',2,2,0,0,2,0,'63,27,64',NULL,'1','Pending','2020-03-30 06:21:34','2020-03-30 06:24:21',NULL),
(60,0.00,'Cash','4444',NULL,NULL,'undefined','0','0','2020-03-30','000000000000',NULL,'photo_1585550564.jpg','Pending',2,2,0,0,2,0,'63,27,64',NULL,'1','Pending','2020-03-30 06:42:44','2020-03-30 06:42:44',NULL),
(61,666666.00,'Cash','6666',NULL,NULL,NULL,'0','0','2020-03-30','66666666666666666666666666666',NULL,NULL,'Pending',0,2,0,0,0,0,'',NULL,'2','Pending','2020-03-30 07:40:02','2020-03-30 07:40:02',NULL),
(62,222222.00,'Cash','121212',NULL,NULL,'undefined','0','0','2020-03-30','asdkfnajvhqljtnsudf9uyfsut\';pdspdiofyzfoilnyflkjboufxdglkdtdbvhjzxtf87',NULL,'photo_1585554243.jpg','Pending',2,2,0,0,0,0,'',NULL,'2','Approved','2020-03-30 07:44:03','2020-03-31 06:44:16',NULL),
(63,10.00,'Cash','9876543',NULL,NULL,'undefined','0','0','2020-04-04','Rs. 10',NULL,'photo_1585999817.jpg','Pending',2,2,0,0,0,0,'',NULL,'2','Approved','2020-04-04 11:30:17','2020-04-04 12:19:15',NULL),
(64,20.00,'Cheque','8716',NULL,NULL,'ICICI','0','0','2020-04-04','Rs. 20',NULL,'photo_1585999846.jpg','Pending',2,2,0,0,0,0,'',NULL,'2','Approved','2020-04-04 11:30:46','2020-04-04 12:25:24',NULL),
(65,30.00,'Online','345tgb',NULL,NULL,'SBI','0','0','2020-04-04','Rs. 30',NULL,'photo_1585999876.jpg','Pending',2,2,0,0,0,0,'',NULL,'2','Rejected','2020-04-04 11:31:16','2020-04-04 12:19:41',NULL),
(66,1000.00,'Cash','9999',NULL,NULL,'undefined','0','0','2020-04-05','gient Rs. 1000 fine','payment is rejected as mismatch','photo_1586076034.jpg','Rejected',2,2,0,0,2,0,'57,58,59,60,61,62',NULL,'1','Pending','2020-04-05 08:40:34','2020-04-05 08:46:06',NULL),
(67,999.00,'Cash','1111',NULL,NULL,'undefined','0','0','2020-04-05','fine rs.  999','rejected payment of rs. 999','photo_1586079241.jpg','Rejected',2,2,0,0,2,0,'47,48,49,50,51,52,53,54,55,56',NULL,'1','Pending','2020-04-05 09:34:01','2020-04-05 09:36:31',NULL),
(68,2000.00,'Cash','0001','2020-04-06','Customer1 of Abhishek','undefined','0','0','2020-04-06',NULL,'Admin comment 1',NULL,'Approved',24,22,0,0,3,0,'227',NULL,'1','Pending','2020-04-06 05:43:11','2020-04-06 06:09:46',NULL),
(69,1696.67,'Cheque','c001',NULL,NULL,'PNB','0','0','2020-04-06','Test comment1',NULL,'photo_1586152913.jpg','Pending',24,22,0,0,2,0,'228',NULL,'1','Pending','2020-04-06 06:01:53','2020-04-06 06:01:53',NULL),
(70,1000.00,'Online','txnonline0001',NULL,NULL,'paytm','0','0','2020-04-06','1000 by paytm',NULL,NULL,'Pending',22,22,0,0,0,0,'',NULL,'2','Approved','2020-04-06 06:23:52','2020-04-06 06:24:51',NULL),
(71,5000.00,'Cheque','8855',NULL,NULL,'Axis','0','0','2020-04-06','demo',NULL,'photo_1586162549.png','Pending',2,2,0,0,0,0,'',NULL,'2','Approved','2020-04-06 08:42:29','2020-04-06 08:46:38',NULL),
(72,5000000.00,'Online','876876876',NULL,NULL,'icici','0','0','2020-04-06','please approve',NULL,'photo_1586178845.png','Pending',2,2,0,0,2,0,'29,190,191',NULL,'1','Pending','2020-04-06 13:14:05','2020-04-06 13:14:05',NULL),
(73,1112.00,'Cash','663355','2020-04-07','bhupender pal','undefined','0','0','2020-04-07',NULL,NULL,'photo_1586263000.png','Pending',3,1,0,0,3,0,'240',NULL,'1','Pending','2020-04-07 12:36:40','2020-04-07 12:36:40',NULL),
(74,75000.00,'Cheque','96358',NULL,NULL,'OBC','0','0','2020-04-07','request cheque payment of 75000rs',NULL,'photo_1586265211.png','Pending',3,3,0,0,2,0,'86',NULL,'1','Pending','2020-04-07 13:13:31','2020-04-07 13:13:31',NULL),
(75,1668.00,'Cash','5248',NULL,NULL,'undefined','0','0','2020-04-07','cash payment 1668 rs',NULL,'photo_1586265394.png','Pending',3,3,0,0,2,0,'241,242',NULL,'1','Pending','2020-04-07 13:16:34','2020-04-07 13:16:34',NULL),
(76,1.00,'Cash','999999',NULL,NULL,'undefined','0','0','2020-04-08','test emi collected test test test test test test test','invalid payment request .......rejected','photo_1586337340.jpg','Rejected',2,2,0,0,2,0,'28',NULL,'1','Pending','2020-04-08 09:15:40','2020-04-08 09:18:49',NULL),
(77,13999.50,'Cash','2121222','2020-04-09','Cus','undefined','0','0','2020-04-09',NULL,'approved','photo_1586430500.jpg','Approved',37,37,0,0,3,0,'253',NULL,'1','Pending','2020-04-09 11:08:20','2020-04-09 11:10:47',NULL),
(78,400000.00,'Cheque','0001','2020-04-09','Neha Raturi','HDFC BANK LTD','0','0','2020-04-09',NULL,'Booking payment received TT','photo_1586435065.jpg','Approved',22,1,0,0,3,0,'266',NULL,'1','Pending','2020-04-09 12:24:25','2020-04-09 12:30:25',NULL),
(168,500.00,'Cash','5678FGHJ5678',NULL,NULL,'undefined',NULL,NULL,'2020-04-29','Colect EMI of Rs. 500 from the customer Mahesh',NULL,'photo_1588154761.jpg','Pending',4,4,0,0,2,0,'','19','1','Pending','2020-04-29 10:06:01','2020-04-29 10:06:02',NULL),
(167,2000.00,'Cash','525235',NULL,NULL,'undefined',NULL,NULL,'2020-04-29','Collect EMI of rs. 2000 from the customer Mahesh.',NULL,'photo_1588154520.jpg','Pending',4,4,0,0,2,0,'','18','1','Pending','2020-04-29 10:02:00','2020-04-29 10:02:00',NULL),
(165,2222.00,'Cheque','34567','2020-01-20','Suresh','ICICI','32589674125','ICICI0004567','2020-01-20',NULL,NULL,'photo_1588152213.jpg','Pending',4,4,0,0,3,0,'','16','1','Pending','2020-04-29 09:23:33','2020-04-29 09:23:33',NULL),
(166,100000.00,'Cash','34567DFGHJ5678','2020-01-20','Mahesh','undefined','undefined','undefined','2020-01-20',NULL,NULL,'photo_1588153507.jpg','Pending',4,4,0,0,3,0,'','17','1','Pending','2020-04-29 09:45:07','2020-04-29 09:45:07',NULL),
(164,70.27,'Cash','52845548',NULL,NULL,'undefined',NULL,NULL,'2020-04-29','done',NULL,'photo_1588151339.jpg','Pending',4,4,0,0,2,0,'','15','1','Pending','2020-04-29 09:08:59','2020-04-29 09:08:59',NULL),
(162,70.97,'Cash','41414',NULL,NULL,'undefined',NULL,NULL,'2020-04-29','done.',NULL,'photo_1588150928.jpg','Pending',4,4,0,0,2,0,'','13','1','Pending','2020-04-29 09:02:08','2020-04-29 09:02:08',NULL),
(163,70.52,'Cash','525235',NULL,NULL,'undefined',NULL,NULL,'2020-04-29','done',NULL,'photo_1588151205.jpg','Pending',4,4,0,0,2,0,'','14','1','Pending','2020-04-29 09:06:45','2020-04-29 09:06:45',NULL),
(160,90.00,'Cash','dscfse',NULL,NULL,'undefined',NULL,NULL,'2020-04-29','done.',NULL,'photo_1588149905.jpg','Pending',4,4,0,0,2,0,'','11','1','Pending','2020-04-29 08:45:05','2020-04-29 08:45:05',NULL),
(161,750.00,'Cash','55559999',NULL,NULL,'undefined',NULL,NULL,'2020-04-29','done',NULL,'photo_1588149989.jpg','Pending',4,4,0,0,2,0,'','12','1','Pending','2020-04-29 08:46:29','2020-04-29 08:46:29',NULL),
(159,80.17,'Cash','5465656',NULL,NULL,'undefined',NULL,NULL,'2020-04-29','done.',NULL,'photo_1588149754.jpg','Pending',4,4,0,0,2,0,'','10','1','Pending','2020-04-29 08:42:34','2020-04-29 08:42:34',NULL),
(158,80.17,'Cash','5465656',NULL,NULL,'undefined',NULL,NULL,'2020-04-29','done.',NULL,'photo_1588149752.jpg','Pending',4,4,0,0,2,0,'','9','1','Pending','2020-04-29 08:42:32','2020-04-29 08:42:32',NULL),
(157,5000.00,'Cash','5215656','2020-10-15','saumya','undefined','undefined','undefined','2020-10-15',NULL,NULL,'photo_1588149518.jpg','Pending',4,4,0,0,3,0,'','8','1','Pending','2020-04-29 08:38:38','2020-04-29 08:38:38',NULL),
(156,100.00,'Cash','525235','2020-01-08','raju','undefined','undefined','undefined','2020-01-08',NULL,NULL,'photo_1588149054.png','Pending',4,4,0,0,3,0,'','7','1','Pending','2020-04-29 08:30:54','2020-04-29 08:30:54',NULL),
(155,565.00,'Cash','9999','2020-02-11','umang agarwal','undefined','undefined','undefined','2020-02-11',NULL,NULL,'photo_1588083859.jpg','Pending',4,4,0,0,3,0,'','6','1','Pending','2020-04-28 14:24:19','2020-04-28 14:24:19',NULL),
(153,111.00,'Cash','748596142536','2020-03-10','umang agarwal','undefined','undefined','undefined','2020-03-10',NULL,NULL,'photo_1588082592.jpeg','Pending',4,4,0,0,3,0,'','4','1','Pending','2020-04-28 14:03:12','2020-04-28 14:03:12',NULL),
(154,111.00,'Cash','8787','2020-03-18','umang agarwal','undefined','undefined','undefined','2020-03-18',NULL,NULL,'photo_1588082752.jpg','Pending',4,4,0,0,3,0,'','5','1','Pending','2020-04-28 14:05:52','2020-04-28 14:05:52',NULL),
(152,125.00,'Cash','5555',NULL,NULL,'undefined',NULL,NULL,'2020-04-28','done.',NULL,'photo_1588081034.jpg','Pending',4,4,0,0,2,0,'','3','1','Pending','2020-04-28 13:37:14','2020-04-28 13:37:14',NULL),
(151,555.50,'Cash','744555555','2020-04-28','devendra kumar gupta','undefined','undefined','undefined','2020-04-28',NULL,NULL,'photo_1588078052.jpg','Pending',4,4,0,0,3,0,'','2','1','Pending','2020-04-28 12:47:32','2020-04-28 12:47:32',NULL),
(150,30000.00,'Cheque','96874','2020-04-28','Mahesh Babu','SBI','32145698701','SBI0035636','2020-04-28',NULL,NULL,'photo_1588073220.jpg','Pending',2,2,0,0,3,0,'','1','1','Pending','2020-04-28 11:27:00','2020-04-28 11:27:00',NULL);

/*Table structure for table `plot_masters` */

DROP TABLE IF EXISTS `plot_masters`;

CREATE TABLE `plot_masters` (
  `id` bigint(20) unsigned NOT NULL AUTO_INCREMENT,
  `project_master_id` int(11) NOT NULL DEFAULT '0',
  `sub_project_id` int(11) NOT NULL DEFAULT '0',
  `name` text COLLATE utf8mb4_unicode_ci,
  `area` varchar(191) COLLATE utf8mb4_unicode_ci DEFAULT NULL,
  `unit` varchar(191) COLLATE utf8mb4_unicode_ci DEFAULT NULL,
  `description` text COLLATE utf8mb4_unicode_ci,
  `photo` text COLLATE utf8mb4_unicode_ci,
  `map` text COLLATE utf8mb4_unicode_ci,
  `availability` enum('Free','Booked','Alloted','Registry','Hold') COLLATE utf8mb4_unicode_ci NOT NULL DEFAULT 'Free',
  `created_at` timestamp NULL DEFAULT NULL,
  `updated_at` timestamp NULL DEFAULT NULL,
  `deleted_at` timestamp NULL DEFAULT NULL,
  PRIMARY KEY (`id`)
) ENGINE=MyISAM AUTO_INCREMENT=37 DEFAULT CHARSET=utf8mb4 COLLATE=utf8mb4_unicode_ci;

/*Data for the table `plot_masters` */

insert  into `plot_masters`(`id`,`project_master_id`,`sub_project_id`,`name`,`area`,`unit`,`description`,`photo`,`map`,`availability`,`created_at`,`updated_at`,`deleted_at`) values 
(1,1,0,'A-001','1111','Square Meter',NULL,NULL,NULL,'Free','2020-04-03 08:32:57','2020-04-03 08:42:27',NULL),
(2,1,0,'A-002','1112','Square Feet',NULL,NULL,NULL,'Free','2020-04-03 08:43:25','2020-04-03 08:43:25',NULL),
(3,1,0,'A-003','1113','Square Meter',NULL,NULL,NULL,'Free','2020-04-03 09:54:00','2020-04-03 09:54:00',NULL),
(4,1,0,'A-004','1114','Square Meter',NULL,NULL,NULL,'Free','2020-04-03 09:54:33','2020-04-03 09:54:33',NULL),
(5,1,0,'A-005','1115','Square Meter',NULL,NULL,NULL,'Free','2020-04-03 09:54:53','2020-04-03 09:54:53',NULL),
(6,1,0,'A-006','1116','Square Meter',NULL,NULL,NULL,'Free','2020-04-03 09:55:33','2020-04-03 09:55:33',NULL),
(7,1,0,'A-007','1117','Square Meter',NULL,NULL,NULL,'Free','2020-04-03 09:56:15','2020-04-03 09:56:15',NULL),
(8,1,0,'A-008','1118','Square Meter',NULL,NULL,NULL,'Free','2020-04-03 09:56:57','2020-04-03 09:56:57',NULL),
(9,1,0,'A-009','1119','Square Meter',NULL,NULL,NULL,'Free','2020-04-03 09:57:37','2020-04-03 09:57:37',NULL),
(10,1,0,'A-010','1110','Square Meter',NULL,NULL,NULL,'Free','2020-04-03 09:58:27','2020-04-03 09:58:27',NULL),
(11,2,0,'B-001','2111','Square Feet',NULL,NULL,NULL,'Free','2020-04-03 09:59:08','2020-04-03 10:58:08',NULL),
(12,2,0,'B-002','2112','Square Feet',NULL,NULL,NULL,'Free','2020-04-03 09:59:57','2020-04-03 10:58:24',NULL),
(13,2,0,'B-003','2113','Square Feet',NULL,NULL,NULL,'Free','2020-04-03 10:00:40','2020-04-03 10:58:40',NULL),
(14,2,0,'B-004','2114','Square Meter',NULL,NULL,NULL,'Free','2020-04-03 10:01:13','2020-04-03 10:59:04',NULL),
(15,2,0,'B-005','2115','Square Feet',NULL,NULL,NULL,'Free','2020-04-03 10:01:53','2020-04-03 10:59:21',NULL),
(16,2,0,'B-006','2116','Square Feet',NULL,NULL,NULL,'Free','2020-04-03 10:02:21','2020-04-03 10:59:54',NULL),
(17,2,0,'B-007','2117','Square Feet',NULL,NULL,NULL,'Free','2020-04-03 10:03:07','2020-04-03 11:01:02',NULL),
(18,1,0,'B-007','2117','Square Feet',NULL,NULL,NULL,'Free','2020-04-03 10:03:51','2020-04-03 10:06:19','2020-04-03 10:06:19'),
(19,2,0,'B-008','2118','Square Feet',NULL,NULL,NULL,'Free','2020-04-03 10:04:35','2020-04-03 11:00:48',NULL),
(20,2,0,'B-009','2119','Square Feet',NULL,NULL,NULL,'Free','2020-04-03 10:05:10','2020-04-03 11:00:32',NULL),
(21,1,0,'B-010','2110','Square Feet',NULL,NULL,NULL,'Free','2020-04-03 10:05:49','2020-04-03 10:07:20','2020-04-03 10:07:20'),
(22,2,0,'B-010','2110','Square Feet',NULL,NULL,NULL,'Free','2020-04-03 10:08:08','2020-04-03 11:00:14',NULL),
(23,3,0,'C-001','3111','Square Yard',NULL,NULL,NULL,'Free','2020-04-03 11:02:07','2020-04-03 11:02:07',NULL),
(24,3,0,'C-002','3112','Square Yard',NULL,NULL,NULL,'Free','2020-04-03 11:02:35','2020-04-03 11:02:35',NULL),
(25,3,0,'C-003','3113','Square Yard',NULL,NULL,NULL,'Free','2020-04-03 11:03:03','2020-04-03 11:03:03',NULL),
(26,3,0,'C-004','3114','Square Yard',NULL,NULL,NULL,'Free','2020-04-03 11:03:38','2020-04-03 11:03:38',NULL),
(27,3,0,'C-005','3115','Square Yard',NULL,NULL,NULL,'Free','2020-04-03 11:04:09','2020-04-03 11:04:09',NULL),
(28,4,5,'101','2000','Square Feet',NULL,NULL,NULL,'Free','2020-04-09 05:52:36','2020-04-09 06:03:50','2020-04-09 06:03:50'),
(29,4,5,'102','2000','Square Feet',NULL,NULL,NULL,'Free','2020-04-09 05:53:57','2020-04-09 06:04:02','2020-04-09 06:04:02'),
(30,4,5,'103','2000','Square Feet',NULL,NULL,NULL,'Free','2020-04-09 05:54:20','2020-04-09 06:04:12','2020-04-09 06:04:12'),
(31,4,5,'104','2000','Square Feet',NULL,NULL,NULL,'Free','2020-04-09 05:54:34','2020-04-09 06:04:15','2020-04-09 06:04:15'),
(32,4,0,'101','1000','Square Feet',NULL,NULL,NULL,'Free','2020-04-09 06:03:02','2020-04-09 06:03:02',NULL),
(33,4,0,'102','1000','Square Feet',NULL,NULL,NULL,'Free','2020-04-09 06:03:14','2020-04-09 06:03:14',NULL),
(34,4,6,'1001','2000','Square Feet',NULL,NULL,NULL,'Free','2020-04-09 12:00:53','2020-04-09 12:00:53',NULL),
(35,4,6,'1002','2000','Square Feet',NULL,NULL,NULL,'Free','2020-04-09 12:01:11','2020-04-09 12:01:11',NULL),
(36,7,0,'A-1071','100','Square Feet',NULL,NULL,NULL,'Free','2020-04-23 10:47:04','2020-04-23 10:47:04',NULL);

/*Table structure for table `product_files` */

DROP TABLE IF EXISTS `product_files`;

CREATE TABLE `product_files` (
  `id` bigint(20) unsigned NOT NULL AUTO_INCREMENT,
  `product_id` int(11) NOT NULL,
  `file_name` varchar(191) COLLATE utf8mb4_unicode_ci DEFAULT NULL,
  `file_type` enum('image','file') COLLATE utf8mb4_unicode_ci NOT NULL DEFAULT 'image',
  `created_by` int(11) NOT NULL DEFAULT '0',
  `updated_by` int(11) NOT NULL DEFAULT '0',
  `created_at` timestamp NULL DEFAULT NULL,
  `updated_at` timestamp NULL DEFAULT NULL,
  `deleted_at` timestamp NULL DEFAULT NULL,
  PRIMARY KEY (`id`)
) ENGINE=MyISAM AUTO_INCREMENT=42 DEFAULT CHARSET=utf8mb4 COLLATE=utf8mb4_unicode_ci;

/*Data for the table `product_files` */

insert  into `product_files`(`id`,`product_id`,`file_name`,`file_type`,`created_by`,`updated_by`,`created_at`,`updated_at`,`deleted_at`) values 
(1,1,'prod_01585916186.jpg','image',1,0,'2020-04-03 12:16:26','2020-04-03 12:16:26',NULL),
(2,1,'prod_11585916186.jpg','image',1,0,'2020-04-03 12:16:26','2020-04-03 12:16:26',NULL),
(3,1,'prod_21585916186.jpg','image',1,0,'2020-04-03 12:16:26','2020-04-03 12:16:26',NULL),
(4,2,'prod_01585916406.jpg','image',1,0,'2020-04-03 12:20:06','2020-04-03 12:20:06',NULL),
(5,2,'prod_11585916406.jpg','image',1,0,'2020-04-03 12:20:06','2020-04-03 12:20:06',NULL),
(6,2,'prod_21585916406.png','image',1,0,'2020-04-03 12:20:06','2020-04-03 12:20:06',NULL),
(7,3,'prod_01585916811.png','image',1,0,'2020-04-03 12:26:51','2020-04-03 12:26:51',NULL),
(8,3,'prod_11585916811.jpg','image',1,0,'2020-04-03 12:26:51','2020-04-03 12:26:51',NULL),
(9,4,'prod_01585917375.jpg','image',1,0,'2020-04-03 12:36:15','2020-04-03 12:36:15',NULL),
(10,4,'prod_11585917375.jpg','image',1,0,'2020-04-03 12:36:15','2020-04-03 12:36:15',NULL),
(11,5,'prod_01585919875.jpg','image',1,0,'2020-04-03 13:17:55','2020-04-03 13:17:55',NULL),
(12,5,'prod_11585919875.jpg','image',1,0,'2020-04-03 13:17:55','2020-04-03 13:17:55',NULL),
(13,6,'prod_01585920327.jpg','image',1,0,'2020-04-03 13:25:27','2020-04-03 13:25:27',NULL),
(14,6,'prod_11585920327.jpg','image',1,0,'2020-04-03 13:25:27','2020-04-03 13:25:27',NULL),
(15,6,'prod_21585920327.jpg','image',1,0,'2020-04-03 13:25:27','2020-04-03 13:25:27',NULL),
(16,6,'prod_31585920327.jpg','image',1,0,'2020-04-03 13:25:27','2020-04-03 13:25:27',NULL),
(17,7,'prod_01585920879.jpg','image',1,0,'2020-04-03 13:34:39','2020-04-03 13:34:39',NULL),
(18,7,'prod_11585920879.jpg','image',1,0,'2020-04-03 13:34:39','2020-04-03 13:34:39',NULL),
(19,7,'prod_21585920879.png','image',1,0,'2020-04-03 13:34:39','2020-04-03 13:34:39',NULL),
(20,8,'prod_01585921112.jpg','image',1,0,'2020-04-03 13:38:32','2020-04-03 13:38:32',NULL),
(21,8,'prod_11585921112.jpg','image',1,0,'2020-04-03 13:38:32','2020-04-03 13:38:32',NULL),
(22,9,'prod_01585921282.jpg','image',1,0,'2020-04-03 13:41:22','2020-04-03 13:41:22',NULL),
(23,9,'prod_11585921282.png','image',1,0,'2020-04-03 13:41:22','2020-04-03 13:41:22',NULL),
(24,9,'prod_21585921282.jpg','image',1,0,'2020-04-03 13:41:22','2020-04-03 13:41:22',NULL),
(25,10,'prod_01585922017.png','image',1,0,'2020-04-03 13:53:37','2020-04-03 13:53:37',NULL),
(26,10,'prod_11585922017.jpg','image',1,0,'2020-04-03 13:53:37','2020-04-03 13:53:37',NULL),
(27,10,'prod_21585922017.jpeg','image',1,0,'2020-04-03 13:53:37','2020-04-03 13:53:37',NULL),
(28,11,'prod_01585922221.jpg','image',1,0,'2020-04-03 13:57:01','2020-04-03 13:57:01',NULL),
(29,11,'prod_11585922221.jpg','image',1,0,'2020-04-03 13:57:01','2020-04-03 13:57:01',NULL),
(30,12,'prod_01585922439.jpg','image',1,0,'2020-04-03 14:00:39','2020-04-03 14:00:39',NULL),
(31,12,'prod_11585922439.jpg','image',1,0,'2020-04-03 14:00:39','2020-04-03 14:00:39',NULL),
(32,12,'prod_21585922439.jpg','image',1,0,'2020-04-03 14:00:39','2020-04-03 14:00:39',NULL),
(33,12,'prod_31585922439.jpg','image',1,0,'2020-04-03 14:00:39','2020-04-03 14:00:39',NULL),
(34,13,'prod_01585922680.jpg','image',1,0,'2020-04-03 14:04:40','2020-04-03 14:04:40',NULL),
(35,13,'prod_11585922680.jpg','image',1,0,'2020-04-03 14:04:40','2020-04-03 14:04:40',NULL),
(36,13,'prod_21585922680.jpg','image',1,0,'2020-04-03 14:04:40','2020-04-03 14:04:40',NULL),
(37,14,'prod_01585922835.jpg','image',1,0,'2020-04-03 14:07:15','2020-04-03 14:23:27','2020-04-03 14:23:27'),
(38,14,'prod_11585922835.jpg','image',1,0,'2020-04-03 14:07:15','2020-04-03 14:07:15',NULL),
(39,14,'prod_21585922835.jpg','image',1,0,'2020-04-03 14:07:15','2020-04-03 14:07:15',NULL),
(40,15,'prod_01585923062.png','image',1,0,'2020-04-03 14:11:02','2020-04-03 14:11:02',NULL),
(41,15,'prod_11585923062.jpg','image',1,0,'2020-04-03 14:11:02','2020-04-03 14:11:02',NULL);

/*Table structure for table `products` */

DROP TABLE IF EXISTS `products`;

CREATE TABLE `products` (
  `id` bigint(20) unsigned NOT NULL AUTO_INCREMENT,
  `category_id` int(11) NOT NULL,
  `sub_category_id` int(11) NOT NULL DEFAULT '0',
  `name` varchar(191) COLLATE utf8mb4_unicode_ci NOT NULL,
  `dealer_price` decimal(10,2) NOT NULL DEFAULT '0.00',
  `market_price` decimal(10,2) NOT NULL DEFAULT '0.00',
  `bar_code` varchar(191) COLLATE utf8mb4_unicode_ci DEFAULT NULL,
  `sku` varchar(191) COLLATE utf8mb4_unicode_ci DEFAULT NULL,
  `created_date` date DEFAULT NULL,
  `expiry_date` date DEFAULT NULL,
  `quantity` int(11) NOT NULL DEFAULT '0',
  `short_description` text COLLATE utf8mb4_unicode_ci,
  `description` text COLLATE utf8mb4_unicode_ci,
  `created_by` int(11) NOT NULL DEFAULT '0',
  `updated_by` int(11) NOT NULL DEFAULT '0',
  `created_at` timestamp NULL DEFAULT NULL,
  `updated_at` timestamp NULL DEFAULT NULL,
  `deleted_at` timestamp NULL DEFAULT NULL,
  PRIMARY KEY (`id`)
) ENGINE=MyISAM AUTO_INCREMENT=16 DEFAULT CHARSET=utf8mb4 COLLATE=utf8mb4_unicode_ci;

/*Data for the table `products` */

insert  into `products`(`id`,`category_id`,`sub_category_id`,`name`,`dealer_price`,`market_price`,`bar_code`,`sku`,`created_date`,`expiry_date`,`quantity`,`short_description`,`description`,`created_by`,`updated_by`,`created_at`,`updated_at`,`deleted_at`) values 
(1,1,3,'AXE',199.00,220.00,'UPC 079400197450','AXE123','2020-04-03','2020-05-14',0,NULL,'Axe embraces the differences in every person. With a full line of male grooming products including body sprays, deodorants, body washes, shampoos and styling products, Axe empowers men to express what makes them authentic and ultimately attractive to the world around them.',1,0,'2020-04-03 12:16:26','2020-04-03 12:16:26',NULL),
(2,1,3,'Boost',56.00,179.00,'UPC 079400197452','BS123','2020-04-03','2020-04-13',0,NULL,'BOOST Original Nutritional Drink is designed to provide Nutritional Energy with 240 nutrient-rich calories and 8 B-vitamins to help convert food into energy. Plus, it contains 10g high-quality protein, 3 g prebiotics and 27 vitamins and minerals to help you be your best.',1,0,'2020-04-03 12:20:06','2020-04-03 12:20:06',NULL),
(3,1,3,'Dove',34.00,50.00,'UPC 079400197455','DV123','2020-04-03','2020-04-08',0,NULL,'Products include: antiperspirants/deodorants, body washes, beauty bars, lotions/moisturizers, hair care, or facial care products. Dove is primarily made from synthetic surfactants, vegetable oils (such as palm kernel) and salts of animal fats (tallow).',1,0,'2020-04-03 12:26:51','2020-04-03 12:26:51',NULL),
(4,1,4,'Dabur Gulabari Rose Water',75.00,100.00,'UPC 079400197456','DGRW123','2020-04-03','2020-04-15',0,NULL,'Dabur Gulabari Rose Water is a natural toner that cleanses your skin from deep within ridding it of any dirt, grime or foreign bodies that can damage your skin. Apply it directly on the skin or mix it with a face pack to get a glowing & radiant rose like skin.',1,0,'2020-04-03 12:36:15','2020-04-03 12:36:15',NULL),
(5,1,4,'Dabur  Almond Hair Oil',199.00,230.00,'UPC 079400197457','DAHO123','2020-04-03','2020-04-24',0,NULL,'Enriched with the goodness of Almond protein and Vitamin E, regular use of Dabur Almond Hair Oil is essential for healthy, strong and damage free hair. It has twice the amount of Vitamin E compared to other leading almond hair oil brands.',1,0,'2020-04-03 13:17:55','2020-04-03 13:17:55',NULL),
(6,1,4,'Dabur Honey',199.00,220.00,'UPC 079400197457','DH123','2020-04-03','2020-04-30',0,NULL,'Dabur honey is a rich souce of nutrition for you and your family. Dabur honey when mixed with ginger and other household ingredients is a great remedy for cough & cold. Daily intake of Dabur Honey will help boost your energy and keep you active.',1,0,'2020-04-03 13:25:27','2020-04-03 13:25:27',NULL),
(7,1,5,'Aashirvaad Atta',206.00,309.00,'UPC 079400197458','AA123','2020-04-03','2020-05-04',0,NULL,'Aashirvaad Atta is processed using topmost quality of wheat and advanced manufacture technology. Our product increases the flavor of the food. It helps in making soft, fluffy, yummy fulkaas and rotis/chapatis.',1,0,'2020-04-03 13:34:39','2020-04-03 13:34:39',NULL),
(8,1,5,'Cigarette',360.00,420.00,'UPC 079400197459','CI123','2020-04-03','2020-05-09',0,NULL,'A cigarette is a cylindrical roll of shredded or ground tobacco that is wrapped in paper or another substance that does not contain tobacco. Many manufactured cigarettes also have filters on one end that are intended to trap some of the toxic chemicals contained in cigarette smoke.',1,0,'2020-04-03 13:38:32','2020-04-03 13:38:32',NULL),
(9,1,5,'Sunfeast',20.00,25.00,'UPC 0794001974599','SF123','2020-04-03','2020-04-21',0,NULL,'Sunfeast connotes happiness, contentment, satisfaction and pleasure.',1,0,'2020-04-03 13:41:22','2020-04-03 13:41:22',NULL),
(10,1,7,'Cinthol soap',20.00,25.00,'UPC 0794001974566','CT123','2020-04-03','2020-04-28',0,NULL,'Doctors often recommend Cinthol Original Bath Soap for skin protection. This soap for body odour keeps you and your family protected from all the skin problems as it reduces the risk by up to 95%. Its high TFM keeps your skin healthy and glowing as it leaves the skin soft, supple and acne-free.',1,0,'2020-04-03 13:53:37','2020-04-03 13:53:37',NULL),
(11,1,7,'ColourSoft',34.00,50.00,'UPC 0794001974567','CS123','2020-04-03','2020-05-01',0,NULL,'Derwent Coloursoft is our softest pencil ever and for this range we created 72 vibrant colours. As their name implies they have a really soft texture which brings out the richness of the colour that, together with their nice wide colour strip, allows you to build up colour really quickly.',1,0,'2020-04-03 13:57:01','2020-04-03 13:57:01',NULL),
(12,1,7,'Ezee Liquid Detergent',199.00,220.00,'UPC 079400197453','ELD123','2020-04-03','2020-04-17',0,NULL,'Ezee liquid detergent is specially made for winter wear. It is a detergent cum conditioner which cleans clothes and make them soft and shiny.',1,0,'2020-04-03 14:00:39','2020-04-03 14:00:39',NULL),
(13,1,8,'Boro Plus',23.00,25.00,'UPC 079400197454','BP123','2020-04-03','2020-05-07',0,NULL,'Boro Plus Antiseptic Cream: Contains extracts of Aloe Vera, Neem, Basil, Turmeric, Sandalwood, and other precious blend of herbs, to pamper your skin. Is an ayurvedic ointment that treats cuts, scratches, minor wounds, burns, and dry skin.',1,0,'2020-04-03 14:04:40','2020-04-03 14:04:40',NULL),
(14,1,8,'Navratna',34.00,50.00,'UPC 07940019745644','NR123','2020-04-03','2020-05-28',0,NULL,'Easily absorbed by massaging the scalp, Navratna Plus helps in improving blood circulation. PRODUCT SPECIFICATIONS Net Wt. 200mL (7oz) Product of India Packaging: Box Product Type: Body Oil Ingredients: Sesame oil, Menthol, Amla, Camphor, Thyme and Rosemary Oil.',1,1,'2020-04-03 14:07:15','2020-04-03 14:23:33',NULL),
(15,1,8,'Fair and Handsome Fairness Cream For Men',45.00,49.00,'UPC 079400197456333','FH123','2020-04-03','2020-04-21',0,NULL,'Emami Fair & Handsome has been specially designed for men by skin care experts using scientifically tested and clinically proven combinations of Natural Vitamins, Anti-Irritants, Sunscreen filters that protect the skin from harmful UVA and UVB rays of the sun.',1,0,'2020-04-03 14:11:01','2020-04-03 14:11:01',NULL);

/*Table structure for table `project_masters` */

DROP TABLE IF EXISTS `project_masters`;

CREATE TABLE `project_masters` (
  `id` bigint(20) unsigned NOT NULL AUTO_INCREMENT,
  `name` text COLLATE utf8mb4_unicode_ci,
  `parent_id` int(11) NOT NULL DEFAULT '0',
  `area` varchar(191) COLLATE utf8mb4_unicode_ci DEFAULT NULL,
  `unit_price` decimal(10,2) DEFAULT '0.00',
  `description` text COLLATE utf8mb4_unicode_ci,
  `photo` text COLLATE utf8mb4_unicode_ci,
  `map` text COLLATE utf8mb4_unicode_ci,
  `created_at` timestamp NULL DEFAULT NULL,
  `updated_at` timestamp NULL DEFAULT NULL,
  `deleted_at` timestamp NULL DEFAULT NULL,
  PRIMARY KEY (`id`)
) ENGINE=MyISAM AUTO_INCREMENT=8 DEFAULT CHARSET=utf8mb4 COLLATE=utf8mb4_unicode_ci;

/*Data for the table `project_masters` */

insert  into `project_masters`(`id`,`name`,`parent_id`,`area`,`unit_price`,`description`,`photo`,`map`,`created_at`,`updated_at`,`deleted_at`) values 
(1,'SuperTech',0,NULL,21.00,'A property description is the written portion of a real estate listing that describes the details of a home for sale or lease. ... The goal of property description is to attract home buyers.','project_1585899368.png','map_1585899368.png','2020-04-03 07:36:08','2020-04-03 10:33:10',NULL),
(2,'Hira Nandani',0,NULL,11.00,'Hiranandani Gardens is an upmarket township consisting of condominiums, penthouses, bungalows and commercial complexes in Powai in the city of Mumbai. Hiranandani was constructed by the Hiranandani Group and can be accessed by JVLR from the North and LBS Marg from the South.','project_1585911285.png','map_1585911285.png','2020-04-03 10:54:45','2020-04-03 10:54:45',NULL),
(3,'SKYI',0,NULL,45.00,'This also has caught eyes of Realtors, trying to develop the area into an out-state nature living spot. The biggest development here is Skyi Star Town, a complete satellite township being developed in the area.','project_1585911443.png','map_1585911443.png','2020-04-03 10:57:23','2020-04-03 10:57:23',NULL),
(4,'Lotus 100',0,NULL,5000.00,'This is an highly sophisticated project by the 3C group. Invest here for a peace of mind living.','project_1586406377.png',NULL,'2020-04-09 04:26:17','2020-04-09 04:26:17',NULL),
(5,'Lotus Panache',4,NULL,10000.00,'Lavish penthouses with a golf course view.','project_1586406981.png','map_1586406981.png','2020-04-09 04:36:21','2020-04-09 06:02:38','2020-04-09 06:02:38'),
(6,'Lotus Panache',4,NULL,2000.00,'Penthouses inside Lotus 100','project_1586412329.png','map_1586412329.png','2020-04-09 06:05:29','2020-04-09 06:05:29',NULL),
(7,'Gaur Grandeur',0,NULL,1500.00,'Gaur Grandeur','project_1588256703.png','map_1588256703.png','2020-04-23 10:45:38','2020-04-30 14:25:03',NULL);

/*Table structure for table `relationships` */

DROP TABLE IF EXISTS `relationships`;

CREATE TABLE `relationships` (
  `id` bigint(20) unsigned NOT NULL AUTO_INCREMENT,
  `name` varchar(191) COLLATE utf8mb4_unicode_ci NOT NULL,
  `created_at` timestamp NULL DEFAULT NULL,
  `updated_at` timestamp NULL DEFAULT NULL,
  `deleted_at` timestamp NULL DEFAULT NULL,
  PRIMARY KEY (`id`)
) ENGINE=MyISAM AUTO_INCREMENT=11 DEFAULT CHARSET=utf8mb4 COLLATE=utf8mb4_unicode_ci;

/*Data for the table `relationships` */

insert  into `relationships`(`id`,`name`,`created_at`,`updated_at`,`deleted_at`) values 
(1,'Mother',NULL,NULL,NULL),
(2,'Father',NULL,NULL,NULL),
(3,'Daughter',NULL,NULL,NULL),
(4,'Son',NULL,NULL,NULL),
(5,'Sister',NULL,NULL,NULL),
(6,'Brother',NULL,NULL,NULL),
(7,'Aunt',NULL,NULL,NULL),
(8,'Uncle',NULL,NULL,NULL),
(9,'Niece',NULL,NULL,NULL),
(10,'Nephew',NULL,NULL,NULL);

/*Table structure for table `rewards` */

DROP TABLE IF EXISTS `rewards`;

CREATE TABLE `rewards` (
  `id` bigint(20) unsigned NOT NULL AUTO_INCREMENT,
  `photo` varchar(191) COLLATE utf8mb4_unicode_ci DEFAULT NULL COMMENT 'Pic for display',
  `amount` double NOT NULL DEFAULT '0' COMMENT 'Reward cash amount',
  `business` double NOT NULL DEFAULT '0' COMMENT 'Associated business value',
  `duration` int(11) NOT NULL DEFAULT '0' COMMENT 'Eligibility duration in months',
  `created_at` timestamp NULL DEFAULT NULL,
  `updated_at` timestamp NULL DEFAULT NULL,
  `deleted_at` timestamp NULL DEFAULT NULL,
  PRIMARY KEY (`id`)
) ENGINE=InnoDB AUTO_INCREMENT=16 DEFAULT CHARSET=utf8mb4 COLLATE=utf8mb4_unicode_ci;

/*Data for the table `rewards` */

insert  into `rewards`(`id`,`photo`,`amount`,`business`,`duration`,`created_at`,`updated_at`,`deleted_at`) values 
(1,NULL,25000,385000,3,NULL,NULL,NULL),
(2,NULL,70000,924000,6,NULL,NULL,NULL),
(3,NULL,220000,2850000,12,NULL,NULL,NULL),
(4,NULL,300000,7700000,0,NULL,NULL,NULL),
(5,NULL,600000,15400000,0,NULL,NULL,NULL),
(6,NULL,1000000,27000000,0,NULL,NULL,NULL),
(7,NULL,1500000,38500000,0,NULL,NULL,NULL),
(8,NULL,2400000,61600000,0,NULL,NULL,NULL),
(9,NULL,3200000,81900000,0,NULL,NULL,NULL),
(10,NULL,6000000,154000000,0,NULL,NULL,NULL),
(11,NULL,10000000,254100000,0,NULL,NULL,NULL),
(12,NULL,15000000,385000000,0,NULL,NULL,NULL),
(13,NULL,22500000,616000000,0,NULL,NULL,NULL),
(14,NULL,32500000,924000000,0,NULL,NULL,NULL),
(15,NULL,45000000,1155000000,0,NULL,NULL,NULL);

/*Table structure for table `states` */

DROP TABLE IF EXISTS `states`;

CREATE TABLE `states` (
  `id` bigint(20) unsigned NOT NULL AUTO_INCREMENT,
  `state` varchar(191) COLLATE utf8mb4_unicode_ci NOT NULL,
  `created_at` timestamp NULL DEFAULT NULL,
  `updated_at` timestamp NULL DEFAULT NULL,
  PRIMARY KEY (`id`)
) ENGINE=MyISAM AUTO_INCREMENT=36 DEFAULT CHARSET=utf8mb4 COLLATE=utf8mb4_unicode_ci;

/*Data for the table `states` */

insert  into `states`(`id`,`state`,`created_at`,`updated_at`) values 
(1,'ANDHRA PRADESH',NULL,NULL),
(2,'ASSAM',NULL,NULL),
(3,'ARUNACHAL PRADESH',NULL,NULL),
(4,'BIHAR',NULL,NULL),
(5,'GUJRAT',NULL,NULL),
(6,'HARYANA',NULL,NULL),
(7,'HIMACHAL PRADESH',NULL,NULL),
(8,'JAMMU & KASHMIR',NULL,NULL),
(9,'KARNATAKA',NULL,NULL),
(10,'KERALA',NULL,NULL),
(11,'MADHYA PRADESH',NULL,NULL),
(12,'MAHARASHTRA',NULL,NULL),
(13,'MANIPUR',NULL,NULL),
(14,'MEGHALAYA',NULL,NULL),
(15,'MIZORAM',NULL,NULL),
(16,'NAGALAND',NULL,NULL),
(17,'ORISSA',NULL,NULL),
(18,'PUNJAB',NULL,NULL),
(19,'RAJASTHAN',NULL,NULL),
(20,'SIKKIM',NULL,NULL),
(21,'TAMIL NADU',NULL,NULL),
(22,'TRIPURA',NULL,NULL),
(23,'UTTAR PRADESH',NULL,NULL),
(24,'WEST BENGAL',NULL,NULL),
(25,'DELHI',NULL,NULL),
(26,'GOA',NULL,NULL),
(27,'PONDICHERY',NULL,NULL),
(28,'LAKSHDWEEP',NULL,NULL),
(29,'DAMAN & DIU',NULL,NULL),
(30,'DADRA & NAGAR',NULL,NULL),
(31,'CHANDIGARH',NULL,NULL),
(32,'ANDAMAN & NICOBAR',NULL,NULL),
(33,'UTTARANCHAL',NULL,NULL),
(34,'JHARKHAND',NULL,NULL),
(35,'CHATTISGARH',NULL,NULL);

/*Table structure for table `term_conditions` */

DROP TABLE IF EXISTS `term_conditions`;

CREATE TABLE `term_conditions` (
  `id` bigint(20) unsigned NOT NULL AUTO_INCREMENT,
  `term_condition` varchar(191) COLLATE utf8mb4_unicode_ci NOT NULL,
  `created_at` timestamp NULL DEFAULT NULL,
  `updated_at` timestamp NULL DEFAULT NULL,
  `deleted_at` timestamp NULL DEFAULT NULL,
  PRIMARY KEY (`id`)
) ENGINE=MyISAM DEFAULT CHARSET=utf8mb4 COLLATE=utf8mb4_unicode_ci;

/*Data for the table `term_conditions` */

/*Table structure for table `user_bank_details` */

DROP TABLE IF EXISTS `user_bank_details`;

CREATE TABLE `user_bank_details` (
  `id` bigint(20) unsigned NOT NULL AUTO_INCREMENT,
  `user_id` int(11) NOT NULL,
  `payee_name` varchar(191) COLLATE utf8mb4_unicode_ci DEFAULT NULL,
  `bank_name` varchar(191) COLLATE utf8mb4_unicode_ci DEFAULT NULL,
  `account_number` varchar(191) COLLATE utf8mb4_unicode_ci DEFAULT NULL,
  `branch` varchar(191) COLLATE utf8mb4_unicode_ci DEFAULT NULL,
  `ifsc_code` varchar(191) COLLATE utf8mb4_unicode_ci DEFAULT NULL,
  `cancel_cheque` varchar(191) COLLATE utf8mb4_unicode_ci DEFAULT NULL,
  `created_at` timestamp NULL DEFAULT NULL,
  `updated_at` timestamp NULL DEFAULT NULL,
  `deleted_at` timestamp NULL DEFAULT NULL,
  PRIMARY KEY (`id`)
) ENGINE=MyISAM AUTO_INCREMENT=59 DEFAULT CHARSET=utf8mb4 COLLATE=utf8mb4_unicode_ci;

/*Data for the table `user_bank_details` */

insert  into `user_bank_details`(`id`,`user_id`,`payee_name`,`bank_name`,`account_number`,`branch`,`ifsc_code`,`cancel_cheque`,`created_at`,`updated_at`,`deleted_at`) values 
(1,1,NULL,NULL,NULL,NULL,NULL,NULL,NULL,'2020-04-08 09:31:20','2020-04-08 09:31:20'),
(2,2,'Mansij Srivastava','ICICI','9632587410258963','Sector 63','ICICI0004352',NULL,'2020-03-14 09:38:45','2020-03-17 05:32:14','2020-03-17 05:32:14'),
(3,3,'Meenakshi pal','icici','12304567890','noida','18321893',NULL,'2020-03-14 10:38:30','2020-03-24 07:35:07','2020-03-24 07:35:07'),
(4,4,'sakshi gupta','icici','654556565454','sectir 63','ede009',NULL,'2020-03-14 10:53:07','2020-03-14 10:53:07',NULL),
(5,5,'Shalu','icici','653636','Sector 63','ICICI0003333',NULL,'2020-03-15 08:21:07','2020-03-15 08:21:07',NULL),
(6,6,'Salony datt','sbi','741852963741','patna','sbi9898',NULL,'2020-03-15 08:32:58','2020-03-15 08:32:58',NULL),
(7,7,'pallavi tripathi','icici','741852963741','63','icici657',NULL,'2020-03-15 08:38:30','2020-03-15 08:38:30',NULL),
(8,8,'Ramesh','ICICI','58423548654','Sector 63','ICICI0004645',NULL,'2020-03-15 08:50:02','2020-03-15 08:50:02',NULL),
(9,9,'Rachit bhardwaj','icici','744111458555555','s','njjjjj4555',NULL,'2020-03-15 10:04:30','2020-03-15 10:04:30',NULL),
(10,10,'prashant','icici','5556552285222','th','thtfh2525',NULL,'2020-03-15 10:09:03','2020-03-15 10:09:03',NULL),
(11,2,'Mansij Srivastava','ICICI','9632587410258963','Sector 63','ICICI0004352',NULL,'2020-03-17 05:32:14','2020-03-17 05:34:46','2020-03-17 05:34:46'),
(12,2,'Mansij Srivastava','ICICI','9632587410258963','Sector 63','ICICI0004352',NULL,'2020-03-17 05:34:46','2020-03-24 04:46:16','2020-03-24 04:46:16'),
(13,11,'pranjal shukla','iciic','74414141585555','452','efdfc7888',NULL,'2020-03-17 06:03:59','2020-03-17 06:03:59',NULL),
(14,12,'srejan sharma','cdscf','5465453332','icici sector 63','dscf',NULL,'2020-03-17 07:04:32','2020-03-17 07:04:32',NULL),
(15,13,'shraddha tiwari','dscfds','54858856886','dcsacds','dcscd52',NULL,'2020-03-17 07:34:38','2020-03-17 07:34:38',NULL),
(16,14,'kundan ratnani','icici','9563685486','vdx','dasd4524',NULL,'2020-03-18 07:24:39','2020-03-18 07:24:39',NULL),
(17,15,'Shikha','ICICI','2345678765432','Sector 101','ICICI0009876',NULL,'2020-03-19 03:36:31','2020-03-19 03:36:31',NULL),
(18,16,'Richa','HDFC','8765432345678','Branch 66','HDFC009988',NULL,'2020-03-19 03:42:23','2020-03-19 03:42:23',NULL),
(19,17,'corona','iciic','54458748555555','fhdgrht','swad15454',NULL,'2020-03-20 06:49:11','2020-03-20 06:49:11',NULL),
(20,2,'Mansij Srivastava','SBI','32165895745','Allahabad','SBI0005828',NULL,'2020-03-24 04:46:16','2020-03-24 05:11:33','2020-03-24 05:11:33'),
(21,2,'Mansij Srivastava','SBI','32165895746','Allahabad','SBI0005828',NULL,'2020-03-24 05:11:33','2020-03-24 05:11:41','2020-03-24 05:11:41'),
(22,2,'Mansij Srivastava','SBI','32165895746','Allahabad','SBI0005829',NULL,'2020-03-24 05:11:41','2020-03-24 05:11:57','2020-03-24 05:11:57'),
(23,2,'Mansij Srivastava','SB','32165895746','Allahabad','SBI0005829',NULL,'2020-03-24 05:11:57','2020-03-24 05:12:01','2020-03-24 05:12:01'),
(24,2,'Mansij Srivastava','SBI','32165895746','Allahabad','SBI0005829',NULL,'2020-03-24 05:12:01','2020-03-24 05:12:05','2020-03-24 05:12:05'),
(25,2,'Mansij Srivastava','SBI','32165895746','Allahabad','SBI0005829',NULL,'2020-03-24 05:12:05','2020-03-24 16:46:07','2020-03-24 16:46:07'),
(26,3,'Meenakshi pal','icici','12304567890','noida','18321893','3_cancel_cheque1585035307.png','2020-03-24 07:35:07','2020-03-24 07:35:07',NULL),
(27,18,'Anjali Walia','Bank Of Baroda','123456','Delhi','kjjk55',NULL,'2020-03-24 13:53:18','2020-03-24 13:53:18',NULL),
(28,19,'AAA','BOB','5555','delhi','5555',NULL,'2020-03-24 14:01:30','2020-03-24 14:01:30',NULL),
(29,20,'AAA','BOB','5555','delhi','5555',NULL,'2020-03-24 14:03:32','2020-03-24 14:03:32',NULL),
(30,21,'Anjali Waldia','Bank Of Baroda','123456789','Delhi','hj44',NULL,'2020-03-24 14:11:29','2020-03-24 14:17:23','2020-03-24 14:17:23'),
(31,21,'Anjali Waldia','Bank Of Baroda','123456789','Delhi','hj44','21_cancel_cheque1585059443.png','2020-03-24 14:17:23','2020-03-24 14:17:23',NULL),
(32,2,'Mansij Srivastava','SBI','32165895746','Allahabad','SBI0005829','2_cancel_cheque1585068367.png','2020-03-24 16:46:07','2020-03-24 16:46:07',NULL),
(33,22,'Puneet Nawani','SB','32165895746','Allahabad','SBI0005829',NULL,'2020-04-03 12:39:14','2020-04-06 04:52:28','2020-04-06 04:52:28'),
(34,23,'Abhishek','SB','32165895746','Allahabad','SBI0005829',NULL,'2020-04-03 14:10:03','2020-04-03 14:10:03',NULL),
(35,24,'Abhishek','SB','32165895746','Allahabad','SBI0005829',NULL,'2020-04-03 14:14:30','2020-04-03 14:14:30',NULL),
(36,25,'Sachin','SB','32165895746','Allahabad','SBI0005829',NULL,'2020-04-03 14:19:29','2020-04-03 14:19:29',NULL),
(37,26,'Atul','SB','32165895746','Allahabad','SBI0005829',NULL,'2020-04-03 14:24:12','2020-04-03 14:24:12',NULL),
(38,27,'Anirudh','SB','32165895746','Allahabad','SBI0005829',NULL,'2020-04-03 14:28:35','2020-04-03 14:28:35',NULL),
(39,28,'Tiger','SB','32165895746','Allahabad','SBI0005829',NULL,'2020-04-03 14:33:29','2020-04-03 14:33:29',NULL),
(40,29,'Sarthak','SB','32165895746','Allahabad','SBI0005829',NULL,'2020-04-03 14:37:39','2020-04-03 14:37:39',NULL),
(41,30,'Priya','SB','32165895746','Allahabad','SBI0005829',NULL,'2020-04-03 14:42:31','2020-04-03 14:42:31',NULL),
(42,31,'Asha','SB','32165895746','Allahabad','SBI0005829',NULL,'2020-04-03 14:48:18','2020-04-03 14:48:18',NULL),
(43,32,'Priyanka','SB','32165895746','Allahabad','SBI0005829',NULL,'2020-04-03 14:51:56','2020-04-03 14:51:56',NULL),
(44,33,'Nidhi','SB','32165895746','Allahabad','SBI0005829',NULL,'2020-04-03 14:56:54','2020-04-03 14:56:54',NULL),
(45,34,'Riya','SB','32165895746','Allahabad','SBI0005829',NULL,'2020-04-03 15:02:09','2020-04-03 15:02:09',NULL),
(46,22,'Puneet Nawani','SB','32165895746','Allahabad','SBI0005829','22_cancel_cheque1586148748.jpg','2020-04-06 04:52:28','2020-04-06 04:52:28',NULL),
(47,35,'Sunaina','iciic','23567890978654','sikkim','swad15454',NULL,'2020-04-08 09:13:06','2020-04-08 09:13:06',NULL),
(48,1,NULL,NULL,NULL,NULL,NULL,NULL,'2020-04-08 09:31:20','2020-04-08 09:55:55','2020-04-08 09:55:55'),
(49,1,'Super Admin','HDFC','34324234','noida','dsd2323','1_cancel_cheque1586339755.png','2020-04-08 09:55:55','2020-04-08 09:55:55',NULL),
(50,36,'KT','ICICI','7411147741','Sector 63','ICICI0002222',NULL,'2020-04-09 09:33:16','2020-04-09 09:33:16',NULL),
(51,37,'BT','ICICI','475624957629269','Sector 7','ICICI999',NULL,'2020-04-09 09:56:40','2020-04-09 09:56:40',NULL),
(52,38,'CT','ICICI','3333333333','Sector 9','ICICI999',NULL,'2020-04-09 10:01:14','2020-04-09 10:01:14',NULL),
(53,39,'Manik Pal','ICICI','12345678','Indrapuram','eqwq',NULL,'2020-04-13 06:48:24','2020-04-13 06:48:24',NULL),
(54,40,'Manik Pal','ICICI','12345678','Indrapuram','eqwq',NULL,'2020-04-13 07:13:54','2020-04-13 07:13:54',NULL),
(55,41,'Rashi Gupta','icici','6867653548665','sector 63','ICICI0003',NULL,'2020-04-13 07:27:07','2020-04-13 07:27:07',NULL),
(56,42,'Manik Pal','ICICI','333','Indrapuram','wewe',NULL,'2020-04-13 07:54:43','2020-04-13 07:54:43',NULL),
(57,43,'Shourya Pal','HDFC','12121','Delhi','asa23',NULL,'2020-04-13 08:15:25','2020-04-13 08:15:25',NULL),
(58,44,'Rheaa','swad','54721556566565','sector 90','swad15454',NULL,'2020-04-13 09:53:28','2020-04-13 09:53:28',NULL);

/*Table structure for table `user_business_executions` */

DROP TABLE IF EXISTS `user_business_executions`;

CREATE TABLE `user_business_executions` (
  `id` bigint(20) unsigned NOT NULL AUTO_INCREMENT,
  `coupon_id` int(11) NOT NULL DEFAULT '0',
  `user_id` int(11) NOT NULL,
  `business` decimal(10,2) NOT NULL DEFAULT '0.00',
  `is_executed` enum('0','1','2') COLLATE utf8mb4_unicode_ci NOT NULL DEFAULT '0' COMMENT '0 is not executed, 1 is picked for execution, 2 is executed successfully.',
  `created_at` timestamp NULL DEFAULT NULL,
  `updated_at` timestamp NULL DEFAULT NULL,
  `deleted_at` timestamp NULL DEFAULT NULL,
  PRIMARY KEY (`id`)
) ENGINE=MyISAM AUTO_INCREMENT=85 DEFAULT CHARSET=utf8mb4 COLLATE=utf8mb4_unicode_ci;

/*Data for the table `user_business_executions` */

insert  into `user_business_executions`(`id`,`coupon_id`,`user_id`,`business`,`is_executed`,`created_at`,`updated_at`,`deleted_at`) values 
(1,6,3,500.00,'2','2020-03-16 09:12:44','2020-03-16 09:12:44',NULL),
(2,7,3,1000.00,'2','2020-03-16 09:12:44','2020-03-16 09:12:44',NULL),
(3,8,3,1000.00,'2','2020-03-16 09:12:44','2020-03-16 09:12:44',NULL),
(4,9,5,500.00,'2','2020-03-17 12:17:02','2020-03-17 12:17:02',NULL),
(5,10,15,100000.00,'2','2020-03-19 04:18:41','2020-03-19 04:18:41',NULL),
(6,11,15,158333.33,'2','2020-03-19 04:19:26','2020-03-19 04:19:26',NULL),
(7,12,15,500.00,'2','2020-03-19 04:42:47','2020-03-19 04:42:47',NULL),
(8,13,15,1000.00,'2','2020-03-19 04:42:47','2020-03-19 04:42:47',NULL),
(9,14,2,500.00,'2','2020-03-19 10:09:56','2020-03-19 10:09:56',NULL),
(10,15,2,1000.00,'2','2020-03-19 10:09:56','2020-03-19 10:09:56',NULL),
(11,16,2,2000.00,'2','2020-03-19 10:09:56','2020-03-19 10:09:56',NULL),
(12,17,2,2000.00,'2','2020-03-19 10:09:56','2020-03-19 10:09:56',NULL),
(13,18,2,2000.00,'2','2020-03-19 10:09:56','2020-03-19 10:09:56',NULL),
(14,19,2,2000.00,'2','2020-03-19 10:09:56','2020-03-19 10:09:56',NULL),
(15,20,2,2000.00,'2','2020-03-19 10:09:56','2020-03-19 10:09:56',NULL),
(16,21,3,100000.00,'2','2020-03-19 12:22:38','2020-03-19 12:22:38',NULL),
(17,22,3,1241666.67,'2','2020-03-19 12:24:34','2020-03-19 12:24:34',NULL),
(18,23,3,100000.00,'2','2020-03-19 12:32:41','2020-03-19 12:32:41',NULL),
(19,24,2,1000000.00,'2','2020-03-23 06:13:03','2020-03-23 06:13:03',NULL),
(20,25,2,333333.33,'2','2020-03-23 07:18:01','2020-03-23 07:18:01',NULL),
(21,26,2,333333.33,'2','2020-03-23 07:18:01','2020-03-23 07:18:01',NULL),
(22,27,2,100000.00,'2','2020-03-23 07:21:17','2020-03-23 07:21:17',NULL),
(23,28,2,1000000.00,'2','2020-03-23 07:22:23','2020-03-23 07:22:23',NULL),
(24,29,3,1241666.67,'2','2020-03-23 07:33:40','2020-03-23 07:33:40',NULL),
(25,30,2,10000.00,'2','2020-03-24 09:00:17','2020-03-24 09:00:17',NULL),
(26,31,2,10000.00,'2','2020-03-24 09:00:17','2020-03-24 09:00:17',NULL),
(27,32,2,10000.00,'2','2020-03-24 09:00:17','2020-03-24 09:00:17',NULL),
(28,33,2,10000.00,'2','2020-03-24 09:00:17','2020-03-24 09:00:17',NULL),
(29,34,2,10000.00,'2','2020-03-24 09:00:17','2020-03-24 09:00:17',NULL),
(30,35,2,500.00,'2','2020-03-24 16:23:09','2020-03-24 16:23:09',NULL),
(31,36,2,500.00,'2','2020-03-24 18:02:05','2020-03-24 18:02:05',NULL),
(32,37,2,5000.00,'2','2020-03-24 18:02:05','2020-03-24 18:02:05',NULL),
(33,38,2,1000.00,'2','2020-03-25 09:05:13','2020-03-25 09:05:13',NULL),
(34,39,2,500.00,'2','2020-03-25 09:07:42','2020-03-25 09:07:42',NULL),
(35,40,2,500.00,'2','2020-03-25 09:10:23','2020-03-25 09:10:23',NULL),
(36,41,2,500.00,'2','2020-03-25 09:10:45','2020-03-25 09:10:45',NULL),
(37,42,2,500.00,'2','2020-03-25 09:10:45','2020-03-25 09:10:45',NULL),
(38,43,2,1000.00,'2','2020-03-25 09:10:45','2020-03-25 09:10:45',NULL),
(39,44,2,500.00,'2','2020-03-25 09:39:23','2020-03-25 09:39:23',NULL),
(40,45,2,500.00,'2','2020-03-30 05:10:02','2020-03-30 05:10:02',NULL),
(41,46,2,15000.00,'2','2020-03-30 06:12:51','2020-03-30 06:12:51',NULL),
(42,47,2,20000.00,'2','2020-03-31 06:00:58','2020-03-31 06:00:58',NULL),
(43,48,2,15000.00,'2','2020-03-31 06:04:10','2020-03-31 06:04:10',NULL),
(44,49,3,100000.00,'2','2020-03-31 06:42:04','2020-03-31 06:42:04',NULL),
(45,50,3,1241666.67,'2','2020-03-31 06:43:46','2020-03-31 06:43:46',NULL),
(46,51,1,500.00,'2','2020-04-03 03:23:26','2020-04-03 03:23:26',NULL),
(47,52,1,500.00,'2','2020-04-03 03:23:26','2020-04-03 03:23:26',NULL),
(48,53,1,2500.00,'2','2020-04-03 03:23:26','2020-04-03 03:23:26',NULL),
(49,54,1,2500.00,'2','2020-04-03 03:23:26','2020-04-03 03:23:26',NULL),
(50,55,1,2500.00,'2','2020-04-03 03:23:26','2020-04-03 03:23:26',NULL),
(51,56,1,10000.00,'2','2020-04-03 03:23:26','2020-04-03 03:23:26',NULL),
(52,57,1,10000.00,'2','2020-04-03 03:23:26','2020-04-03 03:23:26',NULL),
(53,58,1,10000.00,'2','2020-04-03 03:23:26','2020-04-03 03:23:26',NULL),
(54,59,1,25000.00,'2','2020-04-03 03:23:26','2020-04-03 03:23:26',NULL),
(55,60,1,25000.00,'2','2020-04-03 03:23:26','2020-04-03 03:23:26',NULL),
(56,61,24,2000.00,'2','2020-04-06 06:09:46','2020-04-06 06:09:46',NULL),
(57,62,22,500.00,'2','2020-04-06 06:30:52','2020-04-06 06:30:52',NULL),
(58,63,4,500.00,'2','2020-04-06 06:51:21','2020-04-06 06:51:21',NULL),
(59,64,4,500.00,'2','2020-04-06 06:51:21','2020-04-06 06:51:21',NULL),
(60,65,4,500.00,'2','2020-04-06 06:51:21','2020-04-06 06:51:21',NULL),
(61,66,4,500.00,'2','2020-04-06 13:36:24','2020-04-06 13:36:24',NULL),
(62,67,4,500.00,'2','2020-04-06 13:36:24','2020-04-06 13:36:24',NULL),
(63,68,4,500.00,'2','2020-04-06 13:36:24','2020-04-06 13:36:24',NULL),
(64,69,11,2000.00,'2','2020-04-06 14:03:43','2020-04-06 14:03:43',NULL),
(65,70,11,2000.00,'2','2020-04-06 14:03:43','2020-04-06 14:03:43',NULL),
(66,71,11,5000.00,'2','2020-04-06 14:03:43','2020-04-06 14:03:43',NULL),
(67,72,11,5000.00,'2','2020-04-06 14:03:43','2020-04-06 14:03:43',NULL),
(68,1,2,100.00,'1',NULL,NULL,NULL),
(69,10,2,100.00,'2',NULL,NULL,NULL),
(70,73,2,500.00,'2','2020-04-08 21:17:45','2020-04-08 21:17:45',NULL),
(71,74,2,500.00,'2','2020-04-08 21:17:45','2020-04-08 21:17:45',NULL),
(72,75,2,500.00,'2','2020-04-08 21:17:45','2020-04-08 21:17:45',NULL),
(73,76,2,500.00,'2','2020-04-08 21:17:45','2020-04-08 21:17:45',NULL),
(74,77,2,500.00,'2','2020-04-08 21:17:45','2020-04-08 21:17:45',NULL),
(75,78,37,500.00,'2','2020-04-09 10:29:24','2020-04-09 10:29:24',NULL),
(76,79,38,500.00,'2','2020-04-09 10:42:26','2020-04-09 10:42:26',NULL),
(77,80,38,500.00,'2','2020-04-09 10:42:26','2020-04-09 10:42:26',NULL),
(78,81,37,500.00,'2','2020-04-09 10:59:06','2020-04-09 10:59:06',NULL),
(79,82,38,1000.00,'2','2020-04-09 10:59:19','2020-04-09 10:59:19',NULL),
(80,83,37,13999.50,'2','2020-04-09 11:10:47','2020-04-09 11:10:47',NULL),
(81,84,22,400000.00,'2','2020-04-09 12:30:25','2020-04-09 12:30:25',NULL),
(82,85,2,20.00,'2','2020-04-25 14:57:15','2020-04-25 14:57:15',NULL),
(83,86,4,1585.50,'2','2020-04-27 10:41:26','2020-04-27 10:41:26',NULL),
(84,87,4,1629.54,'2','2020-04-27 10:58:54','2020-04-27 10:58:54',NULL);

/*Table structure for table `user_business_transactions` */

DROP TABLE IF EXISTS `user_business_transactions`;

CREATE TABLE `user_business_transactions` (
  `id` bigint(20) unsigned NOT NULL AUTO_INCREMENT,
  `user_id` int(11) NOT NULL,
  `total_left_business` decimal(20,2) NOT NULL DEFAULT '0.00',
  `total_right_business` decimal(20,2) NOT NULL DEFAULT '0.00',
  `total_self_business` decimal(20,2) NOT NULL DEFAULT '0.00',
  `remaining_left_business` decimal(20,2) NOT NULL DEFAULT '0.00',
  `remaining_right_business` decimal(20,2) NOT NULL DEFAULT '0.00',
  `cycle_matching_amount` decimal(20,2) NOT NULL DEFAULT '0.00',
  `created_at` timestamp NULL DEFAULT NULL,
  `updated_at` timestamp NULL DEFAULT NULL,
  `deleted_at` timestamp NULL DEFAULT NULL,
  PRIMARY KEY (`id`)
) ENGINE=MyISAM AUTO_INCREMENT=367 DEFAULT CHARSET=utf8mb4 COLLATE=utf8mb4_unicode_ci;

/*Data for the table `user_business_transactions` */

insert  into `user_business_transactions`(`id`,`user_id`,`total_left_business`,`total_right_business`,`total_self_business`,`remaining_left_business`,`remaining_right_business`,`cycle_matching_amount`,`created_at`,`updated_at`,`deleted_at`) values 
(1,3,0.00,0.00,0.00,0.00,0.00,0.00,'2020-03-14 10:38:29','2020-03-14 10:38:29',NULL),
(2,3,0.00,0.00,500.00,0.00,0.00,0.00,'2020-03-14 10:38:29','2020-03-16 09:12:44',NULL),
(3,3,0.00,0.00,1500.00,0.00,0.00,0.00,'2020-03-14 10:38:29','2020-03-16 09:12:44',NULL),
(4,5,0.00,0.00,0.00,0.00,0.00,0.00,'2020-03-15 08:21:06','2020-03-15 08:21:06',NULL),
(5,2,0.00,0.00,1000.00,0.00,0.00,0.00,'2020-03-14 09:38:45','2020-03-14 09:38:45',NULL),
(6,1,0.00,0.00,0.00,0.00,0.00,0.00,NULL,NULL,NULL),
(7,15,0.00,0.00,0.00,0.00,0.00,0.00,'2020-03-19 03:36:31','2020-03-19 03:36:31',NULL),
(8,15,0.00,0.00,100000.00,0.00,0.00,0.00,'2020-03-19 03:36:31','2020-03-19 04:18:41',NULL),
(9,15,0.00,0.00,258333.33,0.00,0.00,0.00,'2020-03-19 03:36:31','2020-03-19 04:19:26',NULL),
(10,15,0.00,0.00,258833.33,0.00,0.00,0.00,'2020-03-19 03:36:31','2020-03-19 04:42:47',NULL),
(11,2,500.00,0.00,2000.00,500.00,0.00,0.00,'2020-03-14 09:38:45','2020-03-18 09:12:44',NULL),
(12,2,500.00,0.00,500.00,500.00,0.00,0.00,'2020-03-14 09:38:45','2020-03-19 10:09:56',NULL),
(13,2,500.00,0.00,0.00,500.00,0.00,0.00,'2020-03-14 09:38:45','2020-03-19 10:09:56',NULL),
(14,2,500.00,0.00,0.00,500.00,0.00,0.00,'2020-03-14 09:38:45','2020-03-19 10:09:56',NULL),
(15,2,500.00,0.00,0.00,500.00,0.00,0.00,'2020-03-14 09:38:45','2020-03-19 10:09:56',NULL),
(16,2,500.00,0.00,0.00,500.00,0.00,0.00,'2020-03-14 09:38:45','2020-03-19 10:09:56',NULL),
(17,2,500.00,0.00,0.00,500.00,0.00,0.00,'2020-03-14 09:38:45','2020-03-19 10:09:56',NULL),
(18,3,0.00,0.00,0.00,0.00,0.00,0.00,'2020-03-14 10:38:29','2020-03-16 09:12:44',NULL),
(19,3,0.00,0.00,0.00,0.00,0.00,0.00,'2020-03-14 10:38:29','2020-03-19 12:22:38',NULL),
(20,3,0.00,0.00,0.00,0.00,0.00,0.00,'2020-03-14 10:38:29','2020-03-19 12:24:34',NULL),
(21,2,500.00,0.00,0.00,500.00,0.00,0.00,'2020-03-14 09:38:45','2020-03-19 10:09:56',NULL),
(22,2,500.00,0.00,0.00,500.00,0.00,0.00,'2020-03-14 09:38:45','2020-03-23 06:13:03',NULL),
(23,2,500.00,0.00,0.00,500.00,0.00,0.00,'2020-03-14 09:38:45','2020-03-23 07:18:01',NULL),
(24,2,500.00,0.00,0.00,500.00,0.00,0.00,'2020-03-14 09:38:45','2020-03-23 07:18:01',NULL),
(25,2,500.00,0.00,0.00,500.00,0.00,0.00,'2020-03-14 09:38:45','2020-03-23 07:21:17',NULL),
(26,3,0.00,0.00,0.00,0.00,0.00,0.00,'2020-03-14 10:38:29','2020-03-19 12:32:41',NULL),
(27,2,500.00,0.00,0.00,500.00,0.00,0.00,'2020-03-14 09:38:45','2020-03-23 07:22:23',NULL),
(28,2,500.00,0.00,0.00,500.00,0.00,0.00,'2020-03-14 09:38:45','2020-03-24 09:00:17',NULL),
(29,2,500.00,0.00,0.00,500.00,0.00,0.00,'2020-03-14 09:38:45','2020-03-24 09:00:17',NULL),
(30,2,500.00,0.00,0.00,500.00,0.00,0.00,'2020-03-14 09:38:45','2020-03-24 09:00:17',NULL),
(31,2,500.00,0.00,0.00,500.00,0.00,0.00,'2020-03-14 09:38:45','2020-03-24 09:00:17',NULL),
(32,2,500.00,0.00,0.00,500.00,0.00,0.00,'2020-03-14 09:38:45','2020-03-24 09:00:17',NULL),
(33,2,500.00,0.00,0.00,500.00,0.00,0.00,'2020-03-14 09:38:45','2020-03-24 16:23:09',NULL),
(34,2,500.00,0.00,0.00,500.00,0.00,0.00,'2020-03-14 09:38:45','2020-03-24 18:02:05',NULL),
(35,2,500.00,0.00,0.00,500.00,0.00,0.00,'2020-03-14 09:38:45','2020-03-24 18:02:05',NULL),
(36,2,500.00,0.00,0.00,500.00,0.00,0.00,'2020-03-14 09:38:45','2020-03-25 09:05:13',NULL),
(37,2,500.00,0.00,0.00,500.00,0.00,0.00,'2020-03-14 09:38:45','2020-03-25 09:07:42',NULL),
(38,2,500.00,0.00,0.00,500.00,0.00,0.00,'2020-03-14 09:38:45','2020-03-25 09:10:23',NULL),
(39,2,500.00,0.00,0.00,500.00,0.00,0.00,'2020-03-14 09:38:45','2020-03-25 09:10:45',NULL),
(40,2,500.00,0.00,0.00,500.00,0.00,0.00,'2020-03-14 09:38:45','2020-03-25 09:10:45',NULL),
(41,2,500.00,0.00,0.00,500.00,0.00,0.00,'2020-03-14 09:38:45','2020-03-25 09:10:45',NULL),
(42,2,500.00,0.00,2838666.66,500.00,0.00,0.00,'2020-03-14 09:38:45','2020-03-25 09:39:23',NULL),
(43,2,500.00,0.00,2839166.66,500.00,0.00,0.00,'2020-03-14 09:38:45','2020-03-30 05:10:02',NULL),
(44,2,500.00,0.00,2854166.66,500.00,0.00,0.00,'2020-03-14 09:38:45','2020-03-30 06:12:51',NULL),
(45,3,0.00,0.00,2685833.34,0.00,0.00,0.00,'2020-03-14 10:38:29','2020-03-23 07:33:40',NULL),
(46,3,0.00,0.00,2685833.34,0.00,0.00,1000.00,'2020-03-14 10:38:29','2020-03-23 07:33:40',NULL),
(47,2,500.00,0.00,2854166.66,500.00,0.00,500.00,'2020-03-14 09:38:45','2020-03-30 06:12:51',NULL),
(48,2,500.00,0.00,2854166.66,500.00,0.00,0.00,'2020-03-14 09:38:45','2020-03-30 11:54:27',NULL),
(49,3,0.00,0.00,2685833.34,0.00,0.00,0.00,'2020-03-14 10:38:29','2020-03-23 07:33:40',NULL),
(50,2,500.00,0.00,2854166.66,500.00,0.00,1000.00,'2020-03-14 09:38:45','2020-03-30 11:54:27',NULL),
(51,3,0.00,0.00,2685833.34,0.00,0.00,2000.00,'2020-03-14 10:38:29','2020-03-23 07:33:40',NULL),
(52,2,500.00,0.00,2854166.66,500.00,0.00,0.00,'2020-03-14 09:38:45','2020-03-31 02:16:46',NULL),
(53,3,0.00,0.00,2685833.34,0.00,0.00,0.00,'2020-03-14 10:38:29','2020-03-31 02:16:46',NULL),
(54,2,500.00,0.00,2854166.66,500.00,0.00,2000.00,'2020-03-14 09:38:45','2020-03-31 02:16:46',NULL),
(55,3,0.00,0.00,2685833.34,0.00,0.00,2000.00,'2020-03-14 10:38:29','2020-03-31 02:16:46',NULL),
(56,2,500.00,0.00,2854166.66,500.00,0.00,0.00,'2020-03-14 09:38:45','2020-03-31 02:20:34',NULL),
(57,3,0.00,0.00,2685833.34,0.00,0.00,0.00,'2020-03-14 10:38:29','2020-03-31 02:20:34',NULL),
(58,2,500.00,0.00,2854166.66,500.00,0.00,3000.00,'2020-03-14 09:38:45','2020-03-31 02:20:34',NULL),
(59,2,500.00,0.00,2854166.66,500.00,0.00,0.00,'2020-03-14 09:38:45','2020-03-31 02:24:00',NULL),
(60,2,500.00,0.00,2854166.66,500.00,0.00,3000.00,'2020-03-14 09:38:45','2020-03-31 02:24:00',NULL),
(61,3,0.00,0.00,2685833.34,0.00,0.00,3000.00,'2020-03-14 10:38:29','2020-03-31 02:20:34',NULL),
(62,2,500.00,0.00,2854166.66,500.00,0.00,0.00,'2020-03-14 09:38:45','2020-03-31 02:26:01',NULL),
(63,2,500.00,0.00,2874166.66,500.00,0.00,0.00,'2020-03-14 09:38:45','2020-03-31 06:00:58',NULL),
(64,3,0.00,0.00,2685833.34,0.00,0.00,0.00,'2020-03-14 10:38:29','2020-03-31 02:26:01',NULL),
(65,3,0.00,0.00,2785833.34,0.00,0.00,0.00,'2020-03-14 10:38:29','2020-03-31 06:42:04',NULL),
(66,1,500.00,0.00,0.00,500.00,0.00,0.00,NULL,'2020-03-18 09:12:44',NULL),
(67,1,500.00,0.00,500.00,500.00,0.00,0.00,NULL,'2020-04-03 03:23:26',NULL),
(68,1,500.00,0.00,1000.00,500.00,0.00,0.00,NULL,'2020-04-03 03:23:26',NULL),
(69,1,500.00,0.00,3500.00,500.00,0.00,0.00,NULL,'2020-04-03 03:23:26',NULL),
(70,1,500.00,0.00,6000.00,500.00,0.00,0.00,NULL,'2020-04-03 03:23:26',NULL),
(71,1,500.00,0.00,8500.00,500.00,0.00,0.00,NULL,'2020-04-03 03:23:26',NULL),
(72,1,500.00,0.00,18500.00,500.00,0.00,0.00,NULL,'2020-04-03 03:23:26',NULL),
(73,1,500.00,0.00,28500.00,500.00,0.00,0.00,NULL,'2020-04-03 03:23:26',NULL),
(74,1,500.00,0.00,38500.00,500.00,0.00,0.00,NULL,'2020-04-03 03:23:26',NULL),
(75,1,500.00,0.00,63500.00,500.00,0.00,0.00,NULL,'2020-04-03 03:23:26',NULL),
(76,2,500.00,0.00,2889166.66,500.00,0.00,0.00,'2020-03-14 09:38:45','2020-03-31 06:04:10',NULL),
(77,1,500.00,0.00,88500.00,500.00,0.00,0.00,NULL,'2020-04-03 03:23:26',NULL),
(78,2,1500.00,0.00,2889166.66,1500.00,0.00,0.00,'2020-03-14 09:38:45','2020-04-03 08:41:34',NULL),
(79,1,1500.00,0.00,88500.00,1500.00,0.00,0.00,NULL,'2020-04-03 08:41:34',NULL),
(80,2,2500.00,0.00,2889166.66,2500.00,0.00,0.00,'2020-03-14 09:38:45','2020-04-05 13:09:39',NULL),
(81,1,2500.00,0.00,88500.00,2500.00,0.00,0.00,NULL,'2020-04-05 13:09:39',NULL),
(82,24,0.00,0.00,0.00,0.00,0.00,0.00,'2020-04-03 14:14:30','2020-04-03 14:14:30',NULL),
(83,1,3000.00,0.00,88500.00,3000.00,0.00,0.00,NULL,'2020-04-05 14:30:32',NULL),
(84,22,0.00,0.00,0.00,0.00,0.00,0.00,'2020-04-03 12:39:14','2020-04-03 12:39:14',NULL),
(85,1,3000.00,100000.00,88500.00,0.00,97000.00,3000.00,NULL,'2020-04-06 06:11:48',NULL),
(86,1,3000.00,258333.33,88500.00,0.00,255333.33,3000.00,NULL,'2020-04-06 06:37:25',NULL),
(87,1,3000.00,258833.33,88500.00,0.00,255833.33,3000.00,NULL,'2020-04-06 06:37:29',NULL),
(88,1,3000.00,259833.33,88500.00,0.00,256833.33,3000.00,NULL,'2020-04-06 06:37:33',NULL),
(89,1,3500.00,259833.33,88500.00,0.00,256333.33,3500.00,NULL,'2020-04-06 06:37:35',NULL),
(90,1,4500.00,259833.33,88500.00,0.00,255333.33,4500.00,NULL,'2020-04-06 06:37:38',NULL),
(91,1,6500.00,259833.33,88500.00,0.00,253333.33,6500.00,NULL,'2020-04-06 06:37:41',NULL),
(92,1,8500.00,259833.33,88500.00,0.00,251333.33,8500.00,NULL,'2020-04-06 06:37:43',NULL),
(93,1,10500.00,259833.33,88500.00,0.00,249333.33,10500.00,NULL,'2020-04-06 06:37:45',NULL),
(94,1,12500.00,259833.33,88500.00,0.00,247333.33,12500.00,NULL,'2020-04-06 06:37:47',NULL),
(95,2,2500.00,500.00,2889166.66,2000.00,0.00,500.00,'2020-03-14 09:38:45','2020-04-05 14:30:32',NULL),
(96,1,14500.00,259833.33,88500.00,0.00,245333.33,14500.00,NULL,'2020-04-06 06:37:49',NULL),
(97,2,102500.00,500.00,2889166.66,102000.00,0.00,500.00,'2020-03-14 09:38:45','2020-04-06 06:37:52',NULL),
(98,1,114500.00,259833.33,88500.00,0.00,145333.33,114500.00,NULL,'2020-04-06 06:37:52',NULL),
(99,2,1344166.67,500.00,2889166.66,1343666.67,0.00,500.00,'2020-03-14 09:38:45','2020-04-06 06:37:54',NULL),
(100,1,1356166.67,259833.33,88500.00,1096333.34,0.00,259833.33,NULL,'2020-04-06 06:37:54',NULL),
(101,1,1456166.67,259833.33,88500.00,1196333.34,0.00,259833.33,NULL,'2020-04-06 06:37:56',NULL),
(102,1,2456166.67,259833.33,88500.00,2196333.34,0.00,259833.33,NULL,'2020-04-06 06:37:59',NULL),
(103,1,2789500.00,259833.33,88500.00,2529666.67,0.00,259833.33,NULL,'2020-04-06 06:38:09',NULL),
(104,1,3122833.33,259833.33,88500.00,2863000.00,0.00,259833.33,NULL,'2020-04-06 06:38:13',NULL),
(105,1,3222833.33,259833.33,88500.00,2963000.00,0.00,259833.33,NULL,'2020-04-06 06:38:16',NULL),
(106,2,1444166.67,500.00,2889166.66,1443666.67,0.00,500.00,'2020-03-14 09:38:45','2020-04-06 06:37:56',NULL),
(107,1,4222833.33,259833.33,88500.00,3963000.00,0.00,259833.33,NULL,'2020-04-06 06:38:18',NULL),
(108,1,5464500.00,259833.33,88500.00,5204666.67,0.00,259833.33,NULL,'2020-04-06 06:38:22',NULL),
(109,1,5474500.00,259833.33,88500.00,5214666.67,0.00,259833.33,NULL,'2020-04-06 06:38:25',NULL),
(110,1,5484500.00,259833.33,88500.00,5224666.67,0.00,259833.33,NULL,'2020-04-06 06:38:27',NULL),
(111,1,5494500.00,259833.33,88500.00,5234666.67,0.00,259833.33,NULL,'2020-04-06 06:38:29',NULL),
(112,1,5504500.00,259833.33,88500.00,5244666.67,0.00,259833.33,NULL,'2020-04-06 06:38:31',NULL),
(113,1,5514500.00,259833.33,88500.00,5254666.67,0.00,259833.33,NULL,'2020-04-06 06:38:33',NULL),
(114,1,5515000.00,259833.33,88500.00,5255166.67,0.00,259833.33,NULL,'2020-04-06 06:38:35',NULL),
(115,1,5515500.00,259833.33,88500.00,5255666.67,0.00,259833.33,NULL,'2020-04-06 06:38:37',NULL),
(116,1,5520500.00,259833.33,88500.00,5260666.67,0.00,259833.33,NULL,'2020-04-06 06:38:38',NULL),
(117,1,5521500.00,259833.33,88500.00,5261666.67,0.00,259833.33,NULL,'2020-04-06 06:38:40',NULL),
(118,1,5522000.00,259833.33,88500.00,5262166.67,0.00,259833.33,NULL,'2020-04-06 06:38:42',NULL),
(119,1,5522500.00,259833.33,88500.00,5262666.67,0.00,259833.33,NULL,'2020-04-06 06:38:44',NULL),
(120,1,5523000.00,259833.33,88500.00,5263166.67,0.00,259833.33,NULL,'2020-04-06 06:39:03',NULL),
(121,1,5523500.00,259833.33,88500.00,5263666.67,0.00,259833.33,NULL,'2020-04-06 06:39:05',NULL),
(122,1,5524500.00,259833.33,88500.00,5264666.67,0.00,259833.33,NULL,'2020-04-06 06:39:08',NULL),
(123,1,5525000.00,259833.33,88500.00,5265166.67,0.00,259833.33,NULL,'2020-04-06 06:39:10',NULL),
(124,1,5525500.00,259833.33,88500.00,5265666.67,0.00,259833.33,NULL,'2020-04-06 06:39:13',NULL),
(125,1,5540500.00,259833.33,88500.00,5280666.67,0.00,259833.33,NULL,'2020-04-06 06:39:15',NULL),
(126,1,5560500.00,259833.33,88500.00,5300666.67,0.00,259833.33,NULL,'2020-04-06 06:39:16',NULL),
(127,2,2685833.34,500.00,2889166.66,2685333.34,0.00,500.00,'2020-03-14 09:38:45','2020-04-06 06:38:22',NULL),
(128,1,5575500.00,259833.33,88500.00,5315666.67,0.00,259833.33,NULL,'2020-04-06 06:39:19',NULL),
(129,2,2785833.34,500.00,2889166.66,2785333.34,0.00,500.00,'2020-03-14 09:38:45','2020-04-06 06:39:20',NULL),
(130,1,5675500.00,259833.33,88500.00,5415666.67,0.00,259833.33,NULL,'2020-04-06 06:39:20',NULL),
(131,22,0.00,0.00,500.00,0.00,0.00,0.00,'2020-04-03 12:39:14','2020-04-06 06:30:52',NULL),
(132,12,0.00,0.00,0.00,0.00,0.00,0.00,'2020-03-17 07:04:32','2020-03-17 07:04:32',NULL),
(133,11,0.00,0.00,0.00,0.00,0.00,0.00,'2020-03-17 06:03:59','2020-03-17 06:03:59',NULL),
(134,8,0.00,0.00,0.00,0.00,0.00,0.00,'2020-03-15 08:50:01','2020-03-15 08:50:01',NULL),
(135,4,0.00,0.00,0.00,0.00,0.00,0.00,'2020-03-14 10:53:07','2020-03-14 10:53:07',NULL),
(136,3,0.00,0.00,4027500.01,0.00,0.00,0.00,'2020-03-14 10:38:29','2020-03-31 06:43:46',NULL),
(137,2,4027500.01,500.00,2889166.66,4027000.01,0.00,500.00,'2020-03-14 09:38:45','2020-04-06 06:39:22',NULL),
(138,1,6917166.67,259833.33,88500.00,6657333.34,0.00,259833.33,NULL,'2020-04-06 06:39:22',NULL),
(139,12,2000.00,0.00,0.00,2000.00,0.00,0.00,'2020-03-17 07:04:32','2020-04-06 06:41:10',NULL),
(140,11,2000.00,0.00,0.00,2000.00,0.00,0.00,'2020-03-17 06:03:59','2020-04-06 06:41:10',NULL),
(141,8,2000.00,0.00,0.00,2000.00,0.00,0.00,'2020-03-15 08:50:01','2020-04-06 06:41:10',NULL),
(142,4,2000.00,0.00,0.00,2000.00,0.00,0.00,'2020-03-14 10:53:07','2020-04-06 06:41:10',NULL),
(143,3,2000.00,0.00,4027500.01,2000.00,0.00,0.00,'2020-03-14 10:38:29','2020-04-06 06:41:10',NULL),
(144,2,4029500.01,500.00,2889166.66,4029000.01,0.00,500.00,'2020-03-14 09:38:45','2020-04-06 06:41:10',NULL),
(145,1,6919166.67,259833.33,88500.00,6659333.34,0.00,259833.33,NULL,'2020-04-06 06:41:10',NULL),
(146,4,2500.00,0.00,0.00,2500.00,0.00,0.00,'2020-03-14 10:53:07','2020-04-06 06:42:11',NULL),
(147,4,2500.00,0.00,500.00,2500.00,0.00,0.00,'2020-03-14 10:53:07','2020-04-06 06:51:21',NULL),
(148,4,2500.00,0.00,1000.00,2500.00,0.00,0.00,'2020-03-14 10:53:07','2020-04-06 06:51:21',NULL),
(149,4,2500.00,0.00,1500.00,2500.00,0.00,0.00,'2020-03-14 10:53:07','2020-04-06 06:51:21',NULL),
(150,4,2500.00,0.00,2000.00,2500.00,0.00,0.00,'2020-03-14 10:53:07','2020-04-06 13:36:24',NULL),
(151,4,2500.00,0.00,2500.00,2500.00,0.00,0.00,'2020-03-14 10:53:07','2020-04-06 13:36:24',NULL),
(152,11,2500.00,0.00,0.00,2500.00,0.00,0.00,'2020-03-17 06:03:59','2020-04-06 06:42:11',NULL),
(153,11,2500.00,0.00,2000.00,2500.00,0.00,0.00,'2020-03-17 06:03:59','2020-04-06 14:03:43',NULL),
(154,11,2500.00,0.00,4000.00,2500.00,0.00,0.00,'2020-03-17 06:03:59','2020-04-06 14:03:43',NULL),
(155,11,2500.00,0.00,9000.00,2500.00,0.00,0.00,'2020-03-17 06:03:59','2020-04-06 14:03:43',NULL),
(156,3,2500.00,0.00,4027500.01,2500.00,0.00,0.00,'2020-03-14 10:38:29','2020-04-06 06:42:11',NULL),
(157,2,4030000.01,500.00,2889166.66,4029500.01,0.00,500.00,'2020-03-14 09:38:45','2020-04-06 06:42:11',NULL),
(158,1,6919666.67,259833.33,88500.00,6659833.34,0.00,259833.33,NULL,'2020-04-06 06:42:11',NULL),
(159,3,3000.00,0.00,4027500.01,3000.00,0.00,0.00,'2020-03-14 10:38:29','2020-04-06 17:37:48',NULL),
(160,2,4030500.01,500.00,2889166.66,4030000.01,0.00,500.00,'2020-03-14 09:38:45','2020-04-06 17:37:48',NULL),
(161,1,6920166.67,259833.33,88500.00,6660333.34,0.00,259833.33,NULL,'2020-04-06 17:37:48',NULL),
(162,3,3500.00,0.00,4027500.01,3500.00,0.00,0.00,'2020-03-14 10:38:29','2020-04-07 05:52:15',NULL),
(163,2,4031000.01,500.00,2889166.66,4030500.01,0.00,500.00,'2020-03-14 09:38:45','2020-04-07 05:52:15',NULL),
(164,1,6920666.67,259833.33,88500.00,6660833.34,0.00,259833.33,NULL,'2020-04-07 05:52:15',NULL),
(165,3,4000.00,0.00,4027500.01,4000.00,0.00,0.00,'2020-03-14 10:38:29','2020-04-07 05:52:15',NULL),
(166,2,4031500.01,500.00,2889166.66,4031000.01,0.00,500.00,'2020-03-14 09:38:45','2020-04-07 05:52:15',NULL),
(167,1,6921166.67,259833.33,88500.00,6661333.34,0.00,259833.33,NULL,'2020-04-07 05:52:15',NULL),
(168,3,4500.00,0.00,4027500.01,4500.00,0.00,0.00,'2020-03-14 10:38:29','2020-04-07 05:52:15',NULL),
(169,2,4032000.01,500.00,2889166.66,4031500.01,0.00,500.00,'2020-03-14 09:38:45','2020-04-07 05:52:15',NULL),
(170,1,6921666.67,259833.33,88500.00,6661833.34,0.00,259833.33,NULL,'2020-04-07 05:52:15',NULL),
(171,3,5000.00,0.00,4027500.01,5000.00,0.00,0.00,'2020-03-14 10:38:29','2020-04-07 05:52:15',NULL),
(172,2,4032500.01,500.00,2889166.66,4032000.01,0.00,500.00,'2020-03-14 09:38:45','2020-04-07 05:52:15',NULL),
(173,1,6922166.67,259833.33,88500.00,6662333.34,0.00,259833.33,NULL,'2020-04-07 05:52:15',NULL),
(174,8,2500.00,0.00,0.00,2500.00,0.00,0.00,'2020-03-15 08:50:01','2020-04-06 06:42:11',NULL),
(175,4,2500.00,0.00,3000.00,2500.00,0.00,0.00,'2020-03-14 10:53:07','2020-04-06 13:36:24',NULL),
(176,3,5500.00,0.00,4027500.01,5500.00,0.00,0.00,'2020-03-14 10:38:29','2020-04-07 05:52:15',NULL),
(177,2,4033000.01,500.00,2889166.66,4032500.01,0.00,500.00,'2020-03-14 09:38:45','2020-04-07 05:52:15',NULL),
(178,1,6922666.67,259833.33,88500.00,6662833.34,0.00,259833.33,NULL,'2020-04-07 05:52:15',NULL),
(179,8,4500.00,0.00,0.00,4500.00,0.00,0.00,'2020-03-15 08:50:01','2020-04-07 05:52:15',NULL),
(180,4,4500.00,0.00,3000.00,4500.00,0.00,0.00,'2020-03-14 10:53:07','2020-04-07 05:52:15',NULL),
(181,3,7500.00,0.00,4027500.01,7500.00,0.00,0.00,'2020-03-14 10:38:29','2020-04-07 05:52:15',NULL),
(182,2,4035000.01,500.00,2889166.66,4034500.01,0.00,500.00,'2020-03-14 09:38:45','2020-04-07 05:52:15',NULL),
(183,1,6924666.67,259833.33,88500.00,6664833.34,0.00,259833.33,NULL,'2020-04-07 05:52:15',NULL),
(184,8,6500.00,0.00,0.00,6500.00,0.00,0.00,'2020-03-15 08:50:01','2020-04-07 05:52:15',NULL),
(185,4,6500.00,0.00,3000.00,6500.00,0.00,0.00,'2020-03-14 10:53:07','2020-04-07 05:52:15',NULL),
(186,3,9500.00,0.00,4027500.01,9500.00,0.00,0.00,'2020-03-14 10:38:29','2020-04-07 05:52:15',NULL),
(187,2,4037000.01,500.00,2889166.66,4036500.01,0.00,500.00,'2020-03-14 09:38:45','2020-04-07 05:52:15',NULL),
(188,1,6926666.67,259833.33,88500.00,6666833.34,0.00,259833.33,NULL,'2020-04-07 05:52:15',NULL),
(189,8,11500.00,0.00,0.00,11500.00,0.00,0.00,'2020-03-15 08:50:01','2020-04-07 05:52:16',NULL),
(190,4,11500.00,0.00,3000.00,11500.00,0.00,0.00,'2020-03-14 10:53:07','2020-04-07 05:52:16',NULL),
(191,3,14500.00,0.00,4027500.01,14500.00,0.00,0.00,'2020-03-14 10:38:29','2020-04-07 05:52:16',NULL),
(192,2,4042000.01,500.00,2889166.66,4041500.01,0.00,500.00,'2020-03-14 09:38:45','2020-04-07 05:52:16',NULL),
(193,1,6931666.67,259833.33,88500.00,6671833.34,0.00,259833.33,NULL,'2020-04-07 05:52:16',NULL),
(194,3,19500.00,0.00,4027500.01,19500.00,0.00,0.00,'2020-03-14 10:38:29','2020-04-07 05:52:16',NULL),
(195,2,4047000.01,500.00,2889166.66,4046500.01,0.00,500.00,'2020-03-14 09:38:45','2020-04-07 05:52:16',NULL),
(196,1,6936666.67,259833.33,88500.00,6676833.34,0.00,259833.33,NULL,'2020-04-07 05:52:16',NULL),
(197,3,20000.00,0.00,4027500.01,20000.00,0.00,0.00,'2020-03-14 10:38:29','2020-04-07 05:57:23',NULL),
(198,2,4047500.01,500.00,2889166.66,4047000.01,0.00,500.00,'2020-03-14 09:38:45','2020-04-07 05:57:23',NULL),
(199,1,6937166.67,259833.33,88500.00,6677333.34,0.00,259833.33,NULL,'2020-04-07 05:57:23',NULL),
(200,3,20500.00,0.00,4027500.01,20500.00,0.00,0.00,'2020-03-14 10:38:29','2020-04-07 05:58:30',NULL),
(201,2,4048000.01,500.00,2889166.66,4047500.01,0.00,500.00,'2020-03-14 09:38:45','2020-04-07 05:58:30',NULL),
(202,1,6937666.67,259833.33,88500.00,6677833.34,0.00,259833.33,NULL,'2020-04-07 05:58:30',NULL),
(203,3,21000.00,0.00,4027500.01,21000.00,0.00,0.00,'2020-03-14 10:38:29','2020-04-07 05:58:30',NULL),
(204,2,4048500.01,500.00,2889166.66,4048000.01,0.00,500.00,'2020-03-14 09:38:45','2020-04-07 05:58:30',NULL),
(205,1,6938166.67,259833.33,88500.00,6678333.34,0.00,259833.33,NULL,'2020-04-07 05:58:30',NULL),
(206,3,21500.00,0.00,4027500.01,21500.00,0.00,0.00,'2020-03-14 10:38:29','2020-04-07 05:58:30',NULL),
(207,2,4049000.01,500.00,2889166.66,4048500.01,0.00,500.00,'2020-03-14 09:38:45','2020-04-07 05:58:30',NULL),
(208,1,6938666.67,259833.33,88500.00,6678833.34,0.00,259833.33,NULL,'2020-04-07 05:58:30',NULL),
(209,3,22000.00,0.00,4027500.01,22000.00,0.00,0.00,'2020-03-14 10:38:29','2020-04-07 05:58:30',NULL),
(210,2,4049500.01,500.00,2889166.66,4049000.01,0.00,500.00,'2020-03-14 09:38:45','2020-04-07 05:58:30',NULL),
(211,1,6939166.67,259833.33,88500.00,6679333.34,0.00,259833.33,NULL,'2020-04-07 05:58:30',NULL),
(212,3,22500.00,0.00,4027500.01,22500.00,0.00,0.00,'2020-03-14 10:38:29','2020-04-07 06:00:54',NULL),
(213,2,4050000.01,500.00,2889166.66,4049500.01,0.00,500.00,'2020-03-14 09:38:45','2020-04-07 06:00:54',NULL),
(214,1,6939666.67,259833.33,88500.00,6679833.34,0.00,259833.33,NULL,'2020-04-07 06:00:54',NULL),
(215,3,23000.00,0.00,4027500.01,23000.00,0.00,0.00,'2020-03-14 10:38:29','2020-04-07 06:00:54',NULL),
(216,2,4050500.01,500.00,2889166.66,4050000.01,0.00,500.00,'2020-03-14 09:38:45','2020-04-07 06:00:54',NULL),
(217,1,6940166.67,259833.33,88500.00,6680333.34,0.00,259833.33,NULL,'2020-04-07 06:00:54',NULL),
(218,3,23500.00,0.00,4027500.01,23500.00,0.00,0.00,'2020-03-14 10:38:29','2020-04-07 06:00:54',NULL),
(219,2,4051000.01,500.00,2889166.66,4050500.01,0.00,500.00,'2020-03-14 09:38:45','2020-04-07 06:00:54',NULL),
(220,1,6940666.67,259833.33,88500.00,6680833.34,0.00,259833.33,NULL,'2020-04-07 06:00:54',NULL),
(221,1,6941166.67,259833.33,88500.00,6681333.34,0.00,259833.33,NULL,'2020-04-07 06:00:54',NULL),
(222,2,4051500.01,500.00,2889166.66,4051000.01,0.00,500.00,'2020-03-14 09:38:45','2020-04-07 06:00:54',NULL),
(223,2,4051500.01,500.00,2889166.66,4051000.01,0.00,0.00,'2020-03-14 09:38:45','2020-04-07 10:48:24',NULL),
(224,2,4051500.01,500.00,2889166.66,4051000.01,0.00,500.00,'2020-03-14 09:38:45','2020-04-07 10:48:24',NULL),
(225,1,6941166.67,259833.33,88500.00,6681333.34,0.00,0.00,NULL,'2020-04-07 10:48:24',NULL),
(226,18,0.00,0.00,0.00,0.00,0.00,0.00,'2020-03-24 13:53:18','2020-03-24 13:53:18',NULL),
(227,18,0.00,0.00,0.00,0.00,0.00,100.00,'2020-03-24 13:53:18','2020-03-24 13:53:18',NULL),
(228,3,24000.00,0.00,4027500.01,24000.00,0.00,0.00,'2020-03-14 10:38:29','2020-04-07 06:00:54',NULL),
(229,3,24000.00,0.00,4027500.01,24000.00,0.00,100.00,'2020-03-14 10:38:29','2020-04-07 06:00:54',NULL),
(230,3,24000.00,0.00,4027500.01,24000.00,0.00,0.00,'2020-03-14 10:38:29','2020-04-07 12:19:32',NULL),
(231,3,24000.00,0.00,4027500.01,24000.00,0.00,100.00,'2020-03-14 10:38:29','2020-04-07 12:19:32',NULL),
(232,3,24000.00,0.00,4027500.01,24000.00,0.00,0.00,'2020-03-14 10:38:29','2020-04-07 12:23:34',NULL),
(233,3,24000.00,0.00,4027500.01,24000.00,0.00,100.00,'2020-03-14 10:38:29','2020-04-07 12:23:34',NULL),
(234,3,24000.00,0.00,4027500.01,24000.00,0.00,0.00,'2020-03-14 10:38:29','2020-04-07 12:24:36',NULL),
(235,3,24000.00,0.00,4027500.01,24000.00,0.00,100.00,'2020-03-14 10:38:29','2020-04-07 12:24:36',NULL),
(236,2,4051500.01,500.00,2889166.66,4051000.01,0.00,0.00,'2020-03-14 09:38:45','2020-04-07 11:16:50',NULL),
(237,2,4051500.01,500.00,2889666.66,4051000.01,0.00,0.00,'2020-03-14 09:38:45','2020-04-08 21:17:45',NULL),
(238,2,4051500.01,500.00,2890166.66,4051000.01,0.00,0.00,'2020-03-14 09:38:45','2020-04-08 21:17:45',NULL),
(239,2,4051500.01,500.00,2890666.66,4051000.01,0.00,0.00,'2020-03-14 09:38:45','2020-04-08 21:17:45',NULL),
(240,2,4051500.01,500.00,2891166.66,4051000.01,0.00,0.00,'2020-03-14 09:38:45','2020-04-08 21:17:45',NULL),
(241,37,0.00,0.00,0.00,0.00,0.00,0.00,'2020-04-09 09:56:40','2020-04-09 09:56:40',NULL),
(242,1,6941241.67,259833.33,88500.00,6681408.34,0.00,0.00,NULL,'2020-04-07 12:11:54',NULL),
(243,1,6941641.67,259833.33,88500.00,6681808.34,0.00,0.00,NULL,'2020-04-09 10:38:35',NULL),
(244,1,6942041.67,259833.33,88500.00,6682208.34,0.00,0.00,NULL,'2020-04-09 10:38:35',NULL),
(245,1,6942441.67,259833.33,88500.00,6682608.34,0.00,0.00,NULL,'2020-04-09 10:38:35',NULL),
(246,1,6942841.67,259833.33,88500.00,6683008.34,0.00,0.00,NULL,'2020-04-09 10:38:35',NULL),
(247,36,0.00,0.00,0.00,0.00,0.00,0.00,'2020-04-09 09:33:16','2020-04-09 09:33:16',NULL),
(248,5,0.00,0.00,500.00,0.00,0.00,0.00,'2020-03-15 08:21:06','2020-03-17 12:17:02',NULL),
(249,2,4051500.01,500.00,2891666.66,4051000.01,0.00,0.00,'2020-03-14 09:38:45','2020-04-08 21:17:45',NULL),
(250,1,6943241.67,259833.33,88500.00,6683408.34,0.00,0.00,NULL,'2020-04-09 10:38:35',NULL),
(251,38,0.00,0.00,0.00,0.00,0.00,0.00,'2020-04-09 10:01:14','2020-04-09 10:01:14',NULL),
(252,38,0.00,0.00,500.00,0.00,0.00,0.00,'2020-04-09 10:01:14','2020-04-09 10:42:26',NULL),
(253,36,400.00,0.00,0.00,400.00,0.00,0.00,'2020-04-09 09:33:16','2020-04-09 10:38:35',NULL),
(254,5,0.00,400.00,500.00,0.00,400.00,0.00,'2020-03-15 08:21:06','2020-04-09 10:38:35',NULL),
(255,2,4051500.01,900.00,2891666.66,4050600.01,0.00,400.00,'2020-03-14 09:38:45','2020-04-09 10:38:35',NULL),
(256,1,6943641.67,259833.33,88500.00,6683808.34,0.00,0.00,NULL,'2020-04-09 10:38:35',NULL),
(257,36,400.00,400.00,0.00,0.00,0.00,400.00,'2020-04-09 09:33:16','2020-04-09 10:43:47',NULL),
(258,5,0.00,800.00,500.00,0.00,800.00,0.00,'2020-03-15 08:21:06','2020-04-09 10:43:47',NULL),
(259,2,4051500.01,1300.00,2891666.66,4050200.01,0.00,800.00,'2020-03-14 09:38:45','2020-04-09 10:43:47',NULL),
(260,1,6944041.67,259833.33,88500.00,6684208.34,0.00,0.00,NULL,'2020-04-09 10:43:47',NULL),
(261,2,4051500.01,1700.00,2891666.66,4049800.01,0.00,1200.00,'2020-03-14 09:38:45','2020-04-09 10:43:47',NULL),
(262,36,400.00,800.00,0.00,0.00,400.00,400.00,'2020-04-09 09:33:16','2020-04-09 10:43:47',NULL),
(263,37,0.00,0.00,500.00,0.00,0.00,0.00,'2020-04-09 09:56:40','2020-04-09 10:29:24',NULL),
(264,37,0.00,0.00,500.00,0.00,0.00,0.00,'2020-04-09 09:56:40','2020-04-09 10:29:24',NULL),
(265,36,400.00,800.00,0.00,0.00,400.00,0.00,'2020-04-09 09:33:16','2020-04-09 10:49:15',NULL),
(266,37,0.00,0.00,500.00,0.00,0.00,0.00,'2020-04-09 09:56:40','2020-04-09 10:29:24',NULL),
(267,38,0.00,0.00,1000.00,0.00,0.00,0.00,'2020-04-09 10:01:14','2020-04-09 10:42:26',NULL),
(268,36,400.00,800.00,0.00,0.00,400.00,0.00,'2020-04-09 09:33:16','2020-04-09 10:49:15',NULL),
(269,5,0.00,1200.00,500.00,0.00,1200.00,0.00,'2020-03-15 08:21:06','2020-04-09 10:43:47',NULL),
(270,2,4051500.01,1700.00,2891666.66,4049800.01,0.00,0.00,'2020-03-14 09:38:45','2020-04-09 10:49:15',NULL),
(271,1,6944441.67,259833.33,88500.00,6684608.34,0.00,0.00,NULL,'2020-04-09 10:43:47',NULL),
(272,36,800.00,800.00,0.00,0.00,0.00,400.00,'2020-04-09 09:33:16','2020-04-09 10:59:56',NULL),
(273,5,0.00,1600.00,500.00,0.00,1600.00,0.00,'2020-03-15 08:21:06','2020-04-09 10:59:56',NULL),
(274,2,4051500.01,2100.00,2891666.66,4049400.01,0.00,400.00,'2020-03-14 09:38:45','2020-04-09 10:59:56',NULL),
(275,1,6944841.67,259833.33,88500.00,6685008.34,0.00,0.00,NULL,'2020-04-09 10:59:56',NULL),
(276,2,4051500.01,2900.00,2891666.66,4048600.01,0.00,1200.00,'2020-03-14 09:38:45','2020-04-09 10:59:56',NULL),
(277,36,800.00,1600.00,0.00,0.00,800.00,400.00,'2020-04-09 09:33:16','2020-04-09 10:59:56',NULL),
(278,37,0.00,0.00,1000.00,0.00,0.00,0.00,'2020-04-09 09:56:40','2020-04-09 10:59:06',NULL),
(279,36,800.00,1600.00,0.00,0.00,800.00,0.00,'2020-04-09 09:33:16','2020-04-09 11:00:42',NULL),
(280,5,0.00,2400.00,500.00,0.00,2400.00,0.00,'2020-03-15 08:21:06','2020-04-09 10:59:56',NULL),
(281,2,4051500.01,2900.00,2891666.66,4048600.01,0.00,0.00,'2020-03-14 09:38:45','2020-04-09 11:00:42',NULL),
(282,1,6945641.67,259833.33,88500.00,6685808.34,0.00,0.00,NULL,'2020-04-09 10:59:56',NULL),
(283,2,4051500.01,13399.63,2891666.66,4038100.39,0.00,10499.63,'2020-03-14 09:38:45','2020-04-09 11:13:44',NULL),
(284,36,11299.63,1600.00,0.00,9699.63,0.00,800.00,'2020-04-09 09:33:16','2020-04-09 11:13:44',NULL),
(285,36,11299.63,1600.00,0.00,9699.63,0.00,0.00,'2020-04-09 09:33:16','2020-04-09 11:19:15',NULL),
(286,36,11299.63,1600.00,10.00,9699.63,0.00,0.00,'2020-04-09 09:33:16','2020-04-09 11:19:15',NULL),
(287,22,2000.00,0.00,500.00,2000.00,0.00,0.00,'2020-04-03 12:39:14','2020-04-06 06:41:10',NULL),
(288,2,4051500.01,13399.63,2891666.66,4038100.39,0.00,0.00,'2020-03-14 09:38:45','2020-04-09 11:19:15',NULL),
(289,2,4051500.01,13399.63,2891666.66,4038100.39,0.00,0.00,'2020-03-14 09:38:45','2020-04-09 11:19:15',NULL),
(290,2,4051500.01,13399.63,2891666.66,4038100.39,0.00,0.00,'2020-03-14 09:38:45','2020-04-09 11:19:15',NULL),
(291,2,4051500.01,13399.63,2891666.66,4038100.39,0.00,0.00,'2020-03-14 09:38:45','2020-04-09 11:19:15',NULL),
(292,2,4051500.01,13399.63,2891666.66,4038100.39,0.00,0.00,'2020-03-14 09:38:45','2020-04-09 11:19:15',NULL),
(293,2,4051500.01,13399.63,2891666.66,4038100.39,0.00,0.00,'2020-03-14 09:38:45','2020-04-09 11:19:15',NULL),
(294,2,4051500.01,13399.63,2891666.66,4038100.39,0.00,0.00,'2020-03-14 09:38:45','2020-04-09 11:19:15',NULL),
(295,2,4051500.01,13399.63,2891666.66,4038100.39,0.00,0.00,'2020-03-14 09:38:45','2020-04-09 11:19:15',NULL),
(296,2,4051500.01,13399.63,2891666.66,4038100.39,0.00,0.00,'2020-03-14 09:38:45','2020-04-09 11:19:15',NULL),
(297,2,4051500.01,13399.63,2891666.66,4038100.39,0.00,0.00,'2020-03-14 09:38:45','2020-04-09 11:19:15',NULL),
(298,2,4051500.01,13399.63,2891666.66,4038100.39,0.00,0.00,'2020-03-14 09:38:45','2020-04-09 11:19:15',NULL),
(299,2,4051500.01,13399.63,2891666.66,4038100.39,0.00,0.00,'2020-03-14 09:38:45','2020-04-09 11:19:15',NULL),
(300,2,4051500.01,13399.63,2891666.66,4038100.39,0.00,0.00,'2020-03-14 09:38:45','2020-04-09 11:19:15',NULL),
(301,2,4051500.01,13399.63,2891666.66,4038100.39,0.00,0.00,'2020-03-14 09:38:45','2020-04-09 11:19:15',NULL),
(302,2,4051500.01,13399.63,2891666.66,4038100.39,0.00,0.00,'2020-03-14 09:38:45','2020-04-09 11:19:15',NULL),
(303,2,4051500.01,13399.63,2891666.66,4038100.39,0.00,0.00,'2020-03-14 09:38:45','2020-04-09 11:19:15',NULL),
(304,2,4051500.01,13399.63,2891666.66,4038100.39,0.00,0.00,'2020-03-14 09:38:45','2020-04-09 11:19:15',NULL),
(305,2,4051500.01,13399.63,2891666.66,4038100.39,0.00,0.00,'2020-03-14 09:38:45','2020-04-09 11:19:15',NULL),
(306,2,4051500.01,13399.63,2891666.66,4038100.39,0.00,0.00,'2020-03-14 09:38:45','2020-04-09 11:19:15',NULL),
(307,2,4051500.01,13399.63,2891666.66,4038100.39,0.00,0.00,'2020-03-14 09:38:45','2020-04-15 15:28:05',NULL),
(308,3,24000.00,0.00,4027500.01,24000.00,0.00,0.00,'2020-03-14 10:38:29','2020-04-07 12:27:18',NULL),
(309,2,4051500.01,13399.63,2891666.66,4038100.39,0.00,0.00,'2020-03-14 09:38:45','2020-04-15 15:28:05',NULL),
(310,3,24000.00,0.00,4027500.01,24000.00,0.00,0.00,'2020-03-14 10:38:29','2020-04-07 12:27:18',NULL),
(311,2,4051500.01,13399.63,2891666.66,4038100.39,0.00,0.00,'2020-03-14 09:38:45','2020-04-15 15:29:22',NULL),
(312,3,24000.00,0.00,4027500.01,24000.00,0.00,0.00,'2020-03-14 10:38:29','2020-04-15 15:29:22',NULL),
(313,2,4051500.01,13399.63,2891666.66,4038100.39,0.00,0.00,'2020-03-14 09:38:45','2020-04-15 15:29:22',NULL),
(314,2,4051500.01,13399.63,2891666.66,4038100.39,0.00,0.00,'2020-03-14 09:38:45','2020-04-15 15:29:22',NULL),
(315,2,4051500.01,13399.63,2891666.66,4038100.39,0.00,0.00,'2020-03-14 09:38:45','2020-04-15 15:29:22',NULL),
(316,2,4051500.01,13399.63,2891666.66,4038100.39,0.00,0.00,'2020-01-14 09:38:45','2020-04-15 15:29:22',NULL),
(317,2,4051500.01,13399.63,2891666.66,4038100.39,0.00,0.00,'2020-01-01 09:38:45','2020-04-15 15:29:22',NULL),
(318,2,4051500.01,13399.63,2891666.66,4038100.39,0.00,0.00,'2019-01-01 09:38:45','2020-04-15 15:29:22',NULL),
(319,2,4051500.01,13399.63,2891666.66,4038100.39,0.00,0.00,'2019-12-01 09:38:45','2020-04-15 15:29:22',NULL),
(320,2,4051500.01,13399.63,2891666.66,4038100.39,0.00,0.00,'2020-03-14 09:38:45','2020-04-15 15:29:22',NULL),
(321,2,4051500.01,13399.63,2891666.66,4038100.39,0.00,0.00,'2020-03-14 09:38:45','2020-04-15 16:37:45',NULL),
(322,2,4051500.01,13399.63,2891666.66,4038100.39,0.00,0.00,'2018-03-14 09:38:45','2020-04-15 16:37:45',NULL),
(323,2,4051500.01,13399.63,2891666.66,4038100.39,0.00,0.00,'2018-03-14 09:38:45','2020-04-15 16:37:45',NULL),
(324,2,4051500.01,13399.63,2891666.66,4038100.39,0.00,0.00,'2019-03-14 09:38:45','2020-04-15 16:37:45',NULL),
(325,2,4051500.01,13399.63,2891666.66,4038100.39,0.00,0.00,'2019-04-15 09:38:45','2020-04-15 16:37:45',NULL),
(326,2,4051500.01,13399.63,2891666.66,4038100.39,0.00,0.00,'2019-04-15 09:38:45','2020-04-15 16:51:41',NULL),
(327,2,4051500.01,13399.63,2891666.66,4038100.39,0.00,0.00,'2019-04-15 09:38:45','2020-04-15 16:52:06',NULL),
(328,2,4051500.01,13399.63,2891666.66,4038100.39,0.00,0.00,'2019-04-15 09:38:45','2020-04-15 16:52:27',NULL),
(329,2,4051500.01,13399.63,2891666.66,4038100.39,0.00,0.00,'2020-03-14 09:38:45','2020-04-15 16:52:27',NULL),
(330,2,4051500.01,13399.63,2891666.66,4038100.39,0.00,0.00,'2020-03-14 09:38:45','2020-04-15 16:52:27',NULL),
(331,2,4051500.01,13399.63,2891686.66,4038100.39,0.00,0.00,'2020-03-14 09:38:45','2020-04-25 14:57:15',NULL),
(332,2,4051500.01,78000.00,2891686.66,4038100.39,0.00,0.00,'2020-03-14 09:38:45','2020-04-25 14:57:15',NULL),
(333,2,4051500.01,13399.63,2891686.66,4038100.39,0.00,0.00,'2020-03-14 09:38:45','2020-04-25 14:57:15',NULL),
(334,2,0.00,13399.63,2891686.66,4038100.39,0.00,0.00,'2020-03-14 09:38:45','2020-04-25 14:57:15',NULL),
(335,2,4051500.01,13399.63,2891686.66,4038100.39,0.00,0.00,'2020-03-14 09:38:45','2020-04-25 14:57:15',NULL),
(336,2,700000.00,13399.63,2891686.66,4038100.39,0.00,0.00,'2020-03-14 09:38:45','2020-04-25 14:57:15',NULL),
(337,2,70000.00,13399.63,2891686.66,4038100.39,0.00,0.00,'2020-03-14 09:38:45','2020-04-25 14:57:15',NULL),
(338,2,4051500.01,13399.63,2891686.66,4038100.39,0.00,0.00,'2020-03-14 09:38:45','2020-04-25 14:57:15',NULL),
(339,2,70000.00,13399.63,2891686.66,4038100.39,0.00,0.00,'2020-03-14 09:38:45','2020-04-25 14:57:15',NULL),
(340,2,4000.00,13399.63,2891686.66,4038100.39,0.00,0.00,'2020-03-14 09:38:45','2020-04-25 14:57:15',NULL),
(341,2,4051500.01,13399.63,2891686.66,4038100.39,0.00,0.00,'2020-03-14 09:38:45','2020-04-25 14:57:15',NULL),
(342,2,4000.00,13399.63,2891686.66,4038100.39,0.00,0.00,'2020-03-14 09:38:45','2020-04-25 14:57:15',NULL),
(343,2,4051500.01,13399.63,2891686.66,4038100.39,0.00,0.00,'2020-03-14 09:38:45','2020-04-25 14:57:15',NULL),
(344,2,3000.00,13399.63,2891686.66,4038100.39,0.00,0.00,'2020-03-14 09:38:45','2020-04-25 14:57:15',NULL),
(345,2,4000.00,13399.63,2891686.66,4038100.39,0.00,0.00,'2020-03-14 09:38:45','2020-04-25 14:57:15',NULL),
(346,6,0.00,0.00,0.00,0.00,0.00,0.00,'2020-03-15 08:32:58','2020-03-15 08:32:58',NULL),
(347,6,1.00,2.00,0.00,3.00,4.00,5.00,'2020-03-15 08:32:58','2020-04-27 09:35:26',NULL),
(348,4,16500.00,0.00,3000.00,16500.00,0.00,0.00,'2020-03-14 10:53:07','2020-04-07 05:52:16',NULL),
(349,4,16500.00,0.00,4585.50,16500.00,0.00,0.00,'2020-03-14 10:53:07','2020-04-27 10:41:26',NULL),
(350,2,4051500.01,13399.63,2891686.66,4038100.39,0.00,0.00,'2020-03-14 09:38:45','2020-04-25 14:57:15',NULL),
(351,2,0.00,0.00,2891686.66,0.00,0.00,0.00,'2020-03-14 09:38:45','2020-04-27 11:32:55',NULL),
(352,2,4051500.01,0.00,2891686.66,0.00,0.00,0.00,'2020-03-14 09:38:45','2020-04-27 11:32:55',NULL),
(353,12,2500.00,0.00,0.00,2500.00,0.00,0.00,'2020-03-17 07:04:32','2020-04-06 06:42:11',NULL),
(354,11,2500.00,0.00,14000.00,2500.00,0.00,0.00,'2020-03-17 06:03:59','2020-04-06 14:03:43',NULL),
(355,8,16500.00,0.00,0.00,16500.00,0.00,0.00,'2020-03-15 08:50:01','2020-04-07 05:52:16',NULL),
(356,4,16500.00,0.00,6215.04,16500.00,0.00,0.00,'2020-03-14 10:53:07','2020-04-27 10:58:54',NULL),
(357,3,24000.00,0.00,4027500.01,24000.00,0.00,0.00,'2020-03-14 10:38:29','2020-04-15 15:29:22',NULL),
(358,2,4051500.01,4051500.01,2891686.66,4038100.39,0.00,0.00,'2020-03-14 09:38:45','2020-04-27 11:32:55',NULL),
(359,1,6956141.30,259833.33,88500.00,6696307.97,0.00,0.00,NULL,'2020-04-09 11:13:44',NULL),
(360,1,7256141.30,259833.33,88500.00,6996307.97,0.00,0.00,NULL,'2020-04-30 15:45:01',NULL),
(361,3,324000.00,0.00,4027500.01,324000.00,0.00,0.00,'2020-03-14 10:38:29','2020-04-30 15:45:01',NULL),
(362,2,4351500.01,4051500.01,2891686.66,4338100.39,0.00,0.00,'2020-03-14 09:38:45','2020-04-30 15:45:01',NULL),
(363,1,7256156.30,259833.33,88500.00,6996322.97,0.00,0.00,NULL,'2020-04-30 15:45:01',NULL),
(364,3,325189.13,0.00,4027500.01,325189.13,0.00,0.00,'2020-03-14 10:38:29','2020-04-30 15:45:02',NULL),
(365,2,4352689.14,4051500.01,2891686.66,4339289.52,0.00,0.00,'2020-03-14 09:38:45','2020-04-30 15:45:02',NULL),
(366,1,7257345.43,259833.33,88500.00,6997512.10,0.00,0.00,NULL,'2020-04-30 15:45:02',NULL);

/*Table structure for table `user_businesses` */

DROP TABLE IF EXISTS `user_businesses`;

CREATE TABLE `user_businesses` (
  `id` bigint(20) unsigned NOT NULL AUTO_INCREMENT,
  `user_id` int(11) NOT NULL,
  `total_left_business` decimal(10,2) NOT NULL DEFAULT '0.00',
  `total_right_business` decimal(10,2) NOT NULL DEFAULT '0.00',
  `total_self_business` decimal(10,2) NOT NULL DEFAULT '0.00',
  `remaining_left_business` decimal(10,2) NOT NULL DEFAULT '0.00',
  `remaining_right_business` decimal(10,2) NOT NULL DEFAULT '0.00',
  `matching_amount` decimal(10,2) NOT NULL DEFAULT '0.00',
  `total_matching_amount` decimal(20,2) NOT NULL DEFAULT '0.00',
  `total_reward_business_amount` decimal(20,2) NOT NULL DEFAULT '0.00' COMMENT 'Sum of total_left_business and total_right_business',
  `created_at` timestamp NULL DEFAULT NULL,
  `updated_at` timestamp NULL DEFAULT NULL,
  `deleted_at` timestamp NULL DEFAULT NULL,
  PRIMARY KEY (`id`)
) ENGINE=MyISAM AUTO_INCREMENT=45 DEFAULT CHARSET=utf8mb4 COLLATE=utf8mb4_unicode_ci;

/*Data for the table `user_businesses` */

insert  into `user_businesses`(`id`,`user_id`,`total_left_business`,`total_right_business`,`total_self_business`,`remaining_left_business`,`remaining_right_business`,`matching_amount`,`total_matching_amount`,`total_reward_business_amount`,`created_at`,`updated_at`,`deleted_at`) values 
(1,1,7258567.59,259833.33,88500.00,6998734.26,0.00,0.00,0.00,6998734.26,NULL,'2020-04-30 15:45:02',NULL),
(2,2,4353911.30,4051500.01,2891686.66,4340511.68,0.00,0.00,12199.63,4340511.68,'2020-03-14 09:38:45','2020-04-30 15:45:02',NULL),
(3,3,326411.29,0.00,4027500.01,326411.29,0.00,0.00,0.00,326411.29,'2020-03-14 10:38:29','2020-04-30 15:45:02',NULL),
(4,4,316500.00,0.00,6215.04,316500.00,0.00,0.00,0.00,316500.00,'2020-03-14 10:53:07','2020-04-30 15:45:01',NULL),
(5,5,0.00,12899.63,500.00,0.00,12899.63,0.00,0.00,0.00,'2020-03-15 08:21:06','2020-04-09 11:13:44',NULL),
(6,6,0.00,0.00,0.00,0.00,0.00,0.00,0.00,0.00,'2020-03-15 08:32:58','2020-04-27 09:36:33',NULL),
(7,7,0.00,0.00,0.00,0.00,0.00,0.00,0.00,0.00,'2020-03-15 08:38:29','2020-03-15 08:38:29',NULL),
(8,8,316500.00,0.00,0.00,316500.00,0.00,0.00,0.00,316500.00,'2020-03-15 08:50:01','2020-04-30 15:45:01',NULL),
(9,9,0.00,0.00,0.00,0.00,0.00,0.00,0.00,0.00,'2020-03-15 10:04:30','2020-03-15 10:04:30',NULL),
(10,10,0.00,0.00,0.00,0.00,0.00,0.00,0.00,0.00,'2020-03-15 10:09:02','2020-03-15 10:09:02',NULL),
(11,11,302500.00,0.00,14000.00,302500.00,0.00,0.00,0.00,302500.00,'2020-03-17 06:03:59','2020-04-30 15:45:01',NULL),
(12,12,302500.00,0.00,0.00,302500.00,0.00,0.00,0.00,302500.00,'2020-03-17 07:04:32','2020-04-30 15:45:01',NULL),
(13,13,0.00,0.00,0.00,0.00,0.00,0.00,0.00,0.00,'2020-03-17 07:34:38','2020-03-17 07:34:38',NULL),
(14,14,0.00,0.00,0.00,0.00,0.00,0.00,0.00,0.00,'2020-03-18 07:24:39','2020-03-18 07:24:39',NULL),
(15,15,0.00,0.00,259833.33,0.00,0.00,0.00,0.00,0.00,'2020-03-19 03:36:31','2020-03-19 04:42:47',NULL),
(16,16,0.00,0.00,0.00,0.00,0.00,0.00,0.00,0.00,'2020-03-19 03:42:23','2020-03-19 03:42:23',NULL),
(17,17,0.00,0.00,0.00,0.00,0.00,0.00,0.00,0.00,'2020-03-20 06:49:11','2020-03-20 06:49:11',NULL),
(18,18,0.00,0.00,0.00,0.00,0.00,0.00,0.00,0.00,'2020-03-24 13:53:18','2020-03-24 13:53:18',NULL),
(19,19,0.00,0.00,0.00,0.00,0.00,0.00,0.00,0.00,'2020-03-24 14:01:30','2020-03-24 14:01:30',NULL),
(20,20,0.00,0.00,0.00,0.00,0.00,0.00,0.00,0.00,'2020-03-24 14:03:32','2020-03-24 14:03:32',NULL),
(21,21,0.00,0.00,0.00,0.00,0.00,0.00,0.00,0.00,'2020-03-24 14:11:29','2020-03-24 14:11:29',NULL),
(22,22,2000.00,0.00,400500.00,2000.00,0.00,0.00,0.00,0.00,'2020-04-03 12:39:14','2020-04-09 12:30:25',NULL),
(23,23,0.00,0.00,0.00,0.00,0.00,0.00,0.00,0.00,'2020-04-03 14:10:03','2020-04-03 14:10:03',NULL),
(24,24,0.00,0.00,2000.00,0.00,0.00,0.00,0.00,0.00,'2020-04-03 14:14:30','2020-04-06 06:09:46',NULL),
(25,25,0.00,0.00,0.00,0.00,0.00,0.00,0.00,0.00,'2020-04-03 14:19:29','2020-04-03 14:19:29',NULL),
(26,26,0.00,0.00,0.00,0.00,0.00,0.00,0.00,0.00,'2020-04-03 14:24:12','2020-04-03 14:24:12',NULL),
(27,27,0.00,0.00,0.00,0.00,0.00,0.00,0.00,0.00,'2020-04-03 14:28:35','2020-04-03 14:28:35',NULL),
(28,28,0.00,0.00,0.00,0.00,0.00,0.00,0.00,0.00,'2020-04-03 14:33:29','2020-04-03 14:33:29',NULL),
(29,29,0.00,0.00,0.00,0.00,0.00,0.00,0.00,0.00,'2020-04-03 14:37:39','2020-04-03 14:37:39',NULL),
(30,30,0.00,0.00,0.00,0.00,0.00,0.00,0.00,0.00,'2020-04-03 14:42:31','2020-04-03 14:42:31',NULL),
(31,31,0.00,0.00,0.00,0.00,0.00,0.00,0.00,0.00,'2020-04-03 14:48:18','2020-04-03 14:48:18',NULL),
(32,32,0.00,0.00,0.00,0.00,0.00,0.00,0.00,0.00,'2020-04-03 14:51:56','2020-04-03 14:51:56',NULL),
(33,33,0.00,0.00,0.00,0.00,0.00,0.00,0.00,0.00,'2020-04-03 14:56:54','2020-04-03 14:56:54',NULL),
(34,34,0.00,0.00,0.00,0.00,0.00,0.00,0.00,0.00,'2020-04-03 15:02:09','2020-04-03 15:02:09',NULL),
(35,35,0.00,0.00,0.00,0.00,0.00,0.00,0.00,0.00,'2020-04-08 09:13:06','2020-04-08 09:13:06',NULL),
(36,36,11299.63,1600.00,0.00,9699.63,0.00,0.00,1600.00,0.00,'2020-04-09 09:33:16','2020-04-09 11:19:15',NULL),
(37,37,0.00,0.00,14999.50,0.00,0.00,0.00,0.00,0.00,'2020-04-09 09:56:40','2020-04-09 11:10:47',NULL),
(38,38,0.00,0.00,2000.00,0.00,0.00,0.00,0.00,0.00,'2020-04-09 10:01:14','2020-04-09 10:59:19',NULL),
(39,39,0.00,0.00,0.00,0.00,0.00,0.00,0.00,0.00,'2020-04-13 06:48:24','2020-04-13 06:48:24',NULL),
(40,40,0.00,0.00,0.00,0.00,0.00,0.00,0.00,0.00,'2020-04-13 07:13:54','2020-04-13 07:13:54',NULL),
(41,41,0.00,0.00,0.00,0.00,0.00,0.00,0.00,0.00,'2020-04-13 07:27:07','2020-04-13 07:27:07',NULL),
(42,42,0.00,0.00,0.00,0.00,0.00,0.00,0.00,0.00,'2020-04-13 07:54:43','2020-04-13 07:54:43',NULL),
(43,43,0.00,0.00,0.00,0.00,0.00,0.00,0.00,0.00,'2020-04-13 08:15:25','2020-04-13 08:15:25',NULL),
(44,44,0.00,0.00,0.00,0.00,0.00,0.00,0.00,0.00,'2020-04-13 09:53:28','2020-04-13 09:53:28',NULL);

/*Table structure for table `user_coupon_wallets` */

DROP TABLE IF EXISTS `user_coupon_wallets`;

CREATE TABLE `user_coupon_wallets` (
  `id` bigint(20) unsigned NOT NULL AUTO_INCREMENT,
  `coupon_id` int(11) NOT NULL,
  `user_id` bigint(20) NOT NULL,
  `amount` decimal(8,2) NOT NULL,
  `type` enum('Cr','Dr') COLLATE utf8mb4_unicode_ci DEFAULT NULL,
  `description` text COLLATE utf8mb4_unicode_ci NOT NULL,
  `created_at` timestamp NULL DEFAULT NULL,
  `updated_at` timestamp NULL DEFAULT NULL,
  PRIMARY KEY (`id`)
) ENGINE=MyISAM DEFAULT CHARSET=utf8mb4 COLLATE=utf8mb4_unicode_ci;

/*Data for the table `user_coupon_wallets` */

/*Table structure for table `user_kyc_details` */

DROP TABLE IF EXISTS `user_kyc_details`;

CREATE TABLE `user_kyc_details` (
  `id` bigint(20) unsigned NOT NULL AUTO_INCREMENT,
  `user_id` int(11) NOT NULL,
  `dob` date DEFAULT NULL,
  `nationality` varchar(191) COLLATE utf8mb4_unicode_ci DEFAULT NULL,
  `occupation` varchar(191) COLLATE utf8mb4_unicode_ci DEFAULT NULL,
  `qualification` varchar(191) COLLATE utf8mb4_unicode_ci DEFAULT NULL,
  `adhar` varchar(191) COLLATE utf8mb4_unicode_ci DEFAULT NULL,
  `pan_number` varchar(191) COLLATE utf8mb4_unicode_ci DEFAULT NULL,
  `passport_number` varchar(191) COLLATE utf8mb4_unicode_ci DEFAULT NULL,
  `driving_licence_number` varchar(191) COLLATE utf8mb4_unicode_ci DEFAULT NULL,
  `proposed_area_of_work` varchar(191) COLLATE utf8mb4_unicode_ci DEFAULT NULL,
  `voter_id` varchar(191) COLLATE utf8mb4_unicode_ci DEFAULT NULL,
  `join_date` date DEFAULT NULL,
  `adhar_image` varchar(191) COLLATE utf8mb4_unicode_ci DEFAULT NULL,
  `pan_image` varchar(191) COLLATE utf8mb4_unicode_ci DEFAULT NULL,
  `passport_image` varchar(191) COLLATE utf8mb4_unicode_ci DEFAULT NULL,
  `driving_licence_image` varchar(191) COLLATE utf8mb4_unicode_ci DEFAULT NULL,
  `voter_image` varchar(191) COLLATE utf8mb4_unicode_ci DEFAULT NULL,
  `created_at` timestamp NULL DEFAULT NULL,
  `updated_at` timestamp NULL DEFAULT NULL,
  `deleted_at` timestamp NULL DEFAULT NULL,
  PRIMARY KEY (`id`)
) ENGINE=MyISAM AUTO_INCREMENT=43 DEFAULT CHARSET=utf8mb4 COLLATE=utf8mb4_unicode_ci;

/*Data for the table `user_kyc_details` */

insert  into `user_kyc_details`(`id`,`user_id`,`dob`,`nationality`,`occupation`,`qualification`,`adhar`,`pan_number`,`passport_number`,`driving_licence_number`,`proposed_area_of_work`,`voter_id`,`join_date`,`adhar_image`,`pan_image`,`passport_image`,`driving_licence_image`,`voter_image`,`created_at`,`updated_at`,`deleted_at`) values 
(1,1,NULL,'Indian','Job','mca','12','2121','121wq','12121','htry','1212',NULL,'adhar_1_1586328057.png','pan_1_1586339863.jpg','passport_1_1586339863.jpg','dl_1_1586339863.jpg','voter_1_1586339863.jpg',NULL,'2020-04-08 09:57:43',NULL),
(2,2,'1987-06-16','Indian','Job','MCA','123','AAAAA1111A','888888888','33333333','Noida','111111','2020-03-14','adhar_2_1585069611.jpg','pan_2_1585060849.jpg','passport_2_1585061077.jpg','dl_2_1585069611.jpg','voter_2_1585069611.jpg','2020-03-14 09:38:46','2020-03-24 17:06:51',NULL),
(3,3,'1989-03-01','indian','job','mca','12','brtpg2009','asdk1233','123456','noida','273432gjgd','2020-03-14','adhar_3_1585052363.jpg','pan_3_1585052363.jpg','passport_3_1585052363.jpg','dl_3_1585052363.jpg','voter_3_1585052363.jpg','2020-03-14 10:38:30','2020-03-24 12:19:23',NULL),
(4,4,'1997-10-25','Indian','job','btech','345','hhhh1213','123wee','23423werwerew','noida','wfwe24234','2020-03-14','adhar_4_1585920688.png','pan_4_1585920688.png','passport_4_1585920688.png','dl_4_1585920688.png','voter_4_1585920688.png','2020-03-14 10:53:08','2020-04-03 13:31:28',NULL),
(5,5,'2020-03-15',NULL,'Job',NULL,NULL,'AGGTS8765K',NULL,NULL,NULL,NULL,'2020-03-15',NULL,NULL,NULL,NULL,NULL,'2020-03-15 08:21:08','2020-03-15 08:21:08',NULL),
(6,6,'1997-08-09',NULL,'study',NULL,NULL,'brtpg5567',NULL,NULL,NULL,NULL,'2020-03-15',NULL,NULL,NULL,NULL,NULL,'2020-03-15 08:32:59','2020-03-15 08:32:59',NULL),
(7,7,'2020-01-15',NULL,'job',NULL,NULL,'brtpg5567',NULL,NULL,NULL,NULL,'2020-03-15',NULL,NULL,NULL,NULL,NULL,'2020-03-15 08:38:31','2020-03-15 08:38:31',NULL),
(8,8,'2020-03-15',NULL,'Majduri',NULL,NULL,'HGTUS8765T',NULL,NULL,NULL,NULL,'2020-03-15',NULL,NULL,NULL,NULL,NULL,'2020-03-15 08:50:02','2020-03-15 08:50:02',NULL),
(9,9,'2020-02-18',NULL,'job',NULL,NULL,'cdxvd455',NULL,NULL,NULL,NULL,'2020-03-15',NULL,NULL,NULL,NULL,NULL,'2020-03-15 10:04:31','2020-03-15 10:04:31',NULL),
(10,10,'2020-03-08',NULL,'job',NULL,NULL,'gygygy14554',NULL,NULL,NULL,NULL,'2020-03-15',NULL,NULL,NULL,NULL,NULL,'2020-03-15 10:09:04','2020-03-15 10:09:04',NULL),
(11,11,'2020-03-03','indian','job','btech',NULL,'efdedwf4555','defew','jjhjkhnkj99','noida','dfcfed3554','2020-03-17',NULL,NULL,NULL,NULL,NULL,'2020-03-17 06:03:59','2020-03-17 06:12:37',NULL),
(12,12,'2020-03-09',NULL,'job',NULL,NULL,'edecf2231',NULL,NULL,NULL,NULL,'2020-03-17',NULL,NULL,NULL,NULL,NULL,'2020-03-17 07:04:32','2020-03-17 07:04:32',NULL),
(13,13,'2020-03-08',NULL,'job',NULL,NULL,'dsecsa554',NULL,NULL,NULL,NULL,'2020-03-17',NULL,NULL,NULL,NULL,NULL,'2020-03-17 07:34:38','2020-03-17 07:34:38',NULL),
(14,14,'2020-03-10',NULL,'berogaar',NULL,NULL,'dvdfg5225',NULL,NULL,NULL,NULL,'2020-03-18',NULL,NULL,NULL,NULL,NULL,'2020-03-18 07:24:39','2020-03-18 07:24:39',NULL),
(15,15,'2020-03-17',NULL,'Study',NULL,NULL,'GFFTR4543S',NULL,NULL,NULL,NULL,'2020-03-19',NULL,NULL,NULL,NULL,NULL,'2020-03-19 03:36:31','2020-03-19 03:36:31',NULL),
(16,16,'2020-03-16',NULL,'Study',NULL,NULL,'KJJTUP8765T',NULL,NULL,NULL,NULL,'2020-03-19',NULL,NULL,NULL,NULL,NULL,'2020-03-19 03:42:23','2020-03-19 03:42:23',NULL),
(17,17,'2020-03-17',NULL,'infect everybody',NULL,NULL,'hbh554',NULL,NULL,NULL,NULL,'2020-03-20',NULL,NULL,NULL,NULL,NULL,'2020-03-20 06:49:11','2020-03-20 06:49:11',NULL),
(18,20,'2020-02-02',NULL,'Doctor',NULL,'2222',NULL,NULL,NULL,NULL,NULL,'2020-03-24',NULL,NULL,NULL,NULL,NULL,'2020-03-24 14:03:32','2020-03-24 14:03:32',NULL),
(19,21,'2020-03-17','Indian','Doctor','Doctor','123',NULL,'23','44','12','33','2020-03-24','adhar_19_1585059703.png','pan_19_1585059603.docx','passport_19_1585059703.png','dl_19_1585059703.png','voter_19_1585059703.png','2020-03-24 14:11:29','2020-03-24 14:28:02',NULL),
(20,22,'1990-10-28','Indian','QA','mca','012345678912','anfpk21222','rr44','rr44','qa','rr444','2020-04-03','adhar_20_1586266273.jpg','pan_20_1586266273.png','passport_20_1586266273.jpg','dl_20_1586266273.png','voter_20_1586266273.jpg','2020-04-03 12:39:14','2020-04-07 13:31:13',NULL),
(21,23,'1994-06-23',NULL,'Developer',NULL,'888888888888',NULL,NULL,NULL,NULL,NULL,'2020-04-03',NULL,NULL,NULL,NULL,NULL,'2020-04-03 14:10:03','2020-04-03 14:10:03',NULL),
(22,24,'1995-06-21',NULL,'DEVELOPER',NULL,'888888888888',NULL,NULL,NULL,NULL,NULL,'2020-04-03',NULL,NULL,NULL,NULL,NULL,'2020-04-03 14:14:30','2020-04-03 14:14:30',NULL),
(23,25,'1990-10-28',NULL,'Doctor',NULL,'888888888888',NULL,NULL,NULL,NULL,NULL,'2020-04-03',NULL,NULL,NULL,NULL,NULL,'2020-04-03 14:19:29','2020-04-03 14:19:29',NULL),
(24,26,'1990-11-06',NULL,'Pilot',NULL,'888888888888',NULL,NULL,NULL,NULL,NULL,'2020-04-03',NULL,NULL,NULL,NULL,NULL,'2020-04-03 14:24:12','2020-04-03 14:24:12',NULL),
(25,27,'1990-05-29',NULL,'Painter',NULL,'888888888888',NULL,NULL,NULL,NULL,NULL,'2020-04-03',NULL,NULL,NULL,NULL,NULL,'2020-04-03 14:28:35','2020-04-03 14:28:35',NULL),
(26,28,'1990-10-28',NULL,'Dancer',NULL,'888888888888',NULL,NULL,NULL,NULL,NULL,'2020-04-03',NULL,NULL,NULL,NULL,NULL,'2020-04-03 14:33:29','2020-04-03 14:33:29',NULL),
(27,29,'1990-10-28',NULL,'Builder',NULL,'888888888888',NULL,NULL,NULL,NULL,NULL,'2020-04-03',NULL,NULL,NULL,NULL,NULL,'2020-04-03 14:37:39','2020-04-03 14:37:39',NULL),
(28,30,'1990-10-28',NULL,'Teacher',NULL,'888888888888',NULL,NULL,NULL,NULL,NULL,'2020-04-03',NULL,NULL,NULL,NULL,NULL,'2020-04-03 14:42:31','2020-04-03 14:42:31',NULL),
(29,31,'1990-11-13',NULL,'Housemaker',NULL,'888888888888',NULL,NULL,NULL,NULL,NULL,'2020-04-03',NULL,NULL,NULL,NULL,NULL,'2020-04-03 14:48:18','2020-04-03 14:48:18',NULL),
(30,32,'1990-10-28',NULL,'Business',NULL,'888888888888',NULL,NULL,NULL,NULL,NULL,'2020-04-03',NULL,NULL,NULL,NULL,NULL,'2020-04-03 14:51:56','2020-04-03 14:51:56',NULL),
(31,33,'1989-06-14',NULL,'er',NULL,'123456789078',NULL,NULL,NULL,NULL,NULL,'2020-04-03',NULL,NULL,NULL,NULL,NULL,'2020-04-03 14:56:54','2020-04-03 14:56:54',NULL),
(32,34,'1994-06-20',NULL,'doctotr',NULL,'7896541230745',NULL,NULL,NULL,NULL,NULL,'2020-04-03',NULL,NULL,NULL,NULL,NULL,'2020-04-03 15:02:09','2020-04-03 15:02:09',NULL),
(33,35,'1969-07-06',NULL,'job',NULL,'132456790876543',NULL,NULL,NULL,NULL,NULL,'2020-04-08',NULL,NULL,NULL,NULL,NULL,'2020-04-08 09:13:06','2020-04-08 09:13:06',NULL),
(34,36,'2020-04-01',NULL,'--',NULL,'789987789987',NULL,NULL,NULL,NULL,NULL,'2020-04-09',NULL,NULL,NULL,NULL,NULL,'2020-04-09 09:33:16','2020-04-09 09:33:16',NULL),
(35,37,'2020-04-08',NULL,'--',NULL,'1111111111',NULL,NULL,NULL,NULL,NULL,'2020-04-09',NULL,NULL,NULL,NULL,NULL,'2020-04-09 09:56:40','2020-04-09 09:56:40',NULL),
(36,38,'2020-04-07',NULL,'--',NULL,'1111111111',NULL,NULL,NULL,NULL,NULL,'2020-04-09',NULL,NULL,NULL,NULL,NULL,'2020-04-09 10:01:14','2020-04-09 10:01:14',NULL),
(37,39,'1999-01-04',NULL,'business',NULL,'234567',NULL,NULL,NULL,NULL,NULL,'2020-04-13',NULL,NULL,NULL,NULL,NULL,'2020-04-13 06:48:24','2020-04-13 06:48:24',NULL),
(38,40,'1999-01-04',NULL,'business',NULL,'234567',NULL,NULL,NULL,NULL,NULL,'2020-04-13',NULL,NULL,NULL,NULL,NULL,'2020-04-13 07:13:54','2020-04-13 07:13:54',NULL),
(39,41,'1997-02-25',NULL,'Job',NULL,'7485139855',NULL,NULL,NULL,NULL,NULL,'2020-04-13',NULL,NULL,NULL,NULL,NULL,'2020-04-13 07:27:07','2020-04-13 07:27:07',NULL),
(40,42,'2002-06-11',NULL,'business',NULL,'1121',NULL,NULL,NULL,NULL,NULL,'2020-04-13',NULL,NULL,NULL,NULL,NULL,'2020-04-13 07:54:43','2020-04-13 07:54:43',NULL),
(41,43,'2002-02-04',NULL,'business',NULL,'2121',NULL,NULL,NULL,NULL,NULL,'2020-04-13',NULL,NULL,NULL,NULL,NULL,'2020-04-13 08:15:25','2020-04-13 08:15:25',NULL),
(42,44,'1985-12-31',NULL,'job',NULL,'69885577566588',NULL,NULL,NULL,NULL,NULL,'2020-04-13',NULL,NULL,NULL,NULL,NULL,'2020-04-13 09:53:28','2020-04-13 09:53:28',NULL);

/*Table structure for table `user_nominee_details` */

DROP TABLE IF EXISTS `user_nominee_details`;

CREATE TABLE `user_nominee_details` (
  `id` bigint(20) unsigned NOT NULL AUTO_INCREMENT,
  `user_id` int(11) NOT NULL,
  `father_husband_name` varchar(191) COLLATE utf8mb4_unicode_ci DEFAULT NULL,
  `mothers_name` varchar(191) COLLATE utf8mb4_unicode_ci DEFAULT NULL,
  `nominee_name` varchar(191) COLLATE utf8mb4_unicode_ci DEFAULT NULL,
  `nominee_age` varchar(191) COLLATE utf8mb4_unicode_ci DEFAULT NULL,
  `relation` varchar(191) COLLATE utf8mb4_unicode_ci DEFAULT NULL,
  `ndob` date DEFAULT NULL,
  `address` varchar(191) COLLATE utf8mb4_unicode_ci DEFAULT NULL,
  `created_at` timestamp NULL DEFAULT NULL,
  `updated_at` timestamp NULL DEFAULT NULL,
  `deleted_at` timestamp NULL DEFAULT NULL,
  PRIMARY KEY (`id`)
) ENGINE=MyISAM AUTO_INCREMENT=45 DEFAULT CHARSET=utf8mb4 COLLATE=utf8mb4_unicode_ci;

/*Data for the table `user_nominee_details` */

insert  into `user_nominee_details`(`id`,`user_id`,`father_husband_name`,`mothers_name`,`nominee_name`,`nominee_age`,`relation`,`ndob`,`address`,`created_at`,`updated_at`,`deleted_at`) values 
(1,1,NULL,NULL,'mansij','34','Brother','1970-01-01',NULL,NULL,'2020-04-08 09:56:47',NULL),
(2,2,'Omji Srivastav','Jaishri Srivastav','Jaishri Srivastav','58','Father','1957-03-14',NULL,'2020-03-14 09:38:46','2020-03-24 16:46:49',NULL),
(3,3,'Ramesh Chand Gupta','Shashi Gupta','Shakshi Gupta','23','Sister','1997-03-25',NULL,'2020-03-14 10:38:30','2020-03-14 10:38:30',NULL),
(4,4,'sunil','usha','salony','23','5','1997-08-09',NULL,'2020-03-14 10:53:08','2020-03-14 10:53:08',NULL),
(5,5,'Sushil','Sheela','Sheela','50','1','2020-03-15',NULL,'2020-03-15 08:21:07','2020-03-15 08:21:07',NULL),
(6,6,'sunil datt','usha rani','aditya datt','1','6','2020-03-01',NULL,'2020-03-15 08:32:59','2020-03-15 08:32:59',NULL),
(7,7,'yashraj','usha devi','mansij srivastava','33','8','2020-03-08',NULL,'2020-03-15 08:38:30','2020-03-15 08:38:30',NULL),
(8,8,'Ram','Seeta','Sakshi','50','1','2020-03-15',NULL,'2020-03-15 08:50:02','2020-03-15 08:50:02',NULL),
(9,9,'pradeep','aarti','prashant','23','5','2020-03-08',NULL,'2020-03-15 10:04:31','2020-03-15 10:04:31',NULL),
(10,10,'ghbg','gfhb','fdgd','54','2','2020-03-01',NULL,'2020-03-15 10:09:03','2020-03-15 10:09:03',NULL),
(11,11,'edfe','edew','jhghjg','45','9','2020-03-03',NULL,'2020-03-17 06:03:59','2020-03-17 06:03:59',NULL),
(12,12,'cfds','dsc','dsfcds','45','3','2020-03-10',NULL,'2020-03-17 07:04:32','2020-03-17 07:04:32',NULL),
(13,13,'vijay tiwari','shashsi','abhay','22','6','2020-03-02',NULL,'2020-03-17 07:34:38','2020-03-17 07:34:38',NULL),
(14,14,'ascdac','dsadcsa','hhhh','22','5','2020-03-13',NULL,'2020-03-18 07:24:39','2020-03-18 07:24:39',NULL),
(15,15,'Narayan','Durga','Rekha','52','1','2020-03-01',NULL,'2020-03-19 03:36:31','2020-03-19 03:36:31',NULL),
(16,16,'Rahul','Reena','Praveen','10','6','2020-03-10',NULL,'2020-03-19 03:42:23','2020-03-19 03:42:23',NULL),
(17,17,'india','bharat mata','india','78582223','2','2020-03-02',NULL,'2020-03-20 06:49:11','2020-03-20 06:49:11',NULL),
(18,18,'Bhuwan Singh Waldia','undefined','Anita Waldia','30','5','2020-03-03',NULL,'2020-03-24 13:53:18','2020-03-24 13:53:18',NULL),
(19,19,'CCC','DDD','JJJJ','23','5','2020-01-01',NULL,'2020-03-24 14:01:30','2020-03-24 14:01:30',NULL),
(20,20,'CCC','DDD','JJJJ','23','5','2020-01-01',NULL,'2020-03-24 14:03:32','2020-03-24 14:03:32',NULL),
(21,21,'Bhuwan Singh Waldia','Saraswati Walidia','Anita Walia','23','Sister','2020-03-10',NULL,'2020-03-24 14:11:29','2020-03-24 14:11:29',NULL),
(22,22,'premnawani','parmilanawani','Priyanka Nawani','25','Sister','1994-02-01',NULL,'2020-04-03 12:39:14','2020-04-03 12:39:14',NULL),
(23,23,'Rakesh','Asha','Priyanka','26','Sister','1995-06-01',NULL,'2020-04-03 14:10:03','2020-04-03 14:10:03',NULL),
(24,24,'RAKESH','ASHA','Priyanka','25','Sister','1996-05-29',NULL,'2020-04-03 14:14:30','2020-04-03 14:14:30',NULL),
(25,25,'Srikant','Shashi','Sashi','54','Mother','1967-01-31',NULL,'2020-04-03 14:19:29','2020-04-03 14:19:29',NULL),
(26,26,'Ajit','Rekha','Rekha','54','Mother','1967-01-31',NULL,'2020-04-03 14:24:12','2020-04-03 14:24:12',NULL),
(27,27,'Amit','Ranjana','Amit','58','Father','1962-06-25',NULL,'2020-04-03 14:28:35','2020-04-03 14:28:35',NULL),
(28,28,'Jacky','Aparna','Neha','28','Sister','1991-01-29',NULL,'2020-04-03 14:33:29','2020-04-03 14:33:29',NULL),
(29,29,'Rakesh','Asha','Asha','52','Mother','1962-10-02',NULL,'2020-04-03 14:37:39','2020-04-03 14:37:39',NULL),
(30,30,'Ashish','Asha','Lalita','26','Sister','1994-03-17',NULL,'2020-04-03 14:42:31','2020-04-03 14:42:31',NULL),
(31,31,'Lalit','Amrita','Amrita','54','Mother','1967-01-31',NULL,'2020-04-03 14:48:18','2020-04-03 14:48:18',NULL),
(32,32,'Abhishek','Arpita','Arpita','54','Mother','1967-09-27',NULL,'2020-04-03 14:51:56','2020-04-03 14:51:56',NULL),
(33,33,'Puneet','Shailja','Neha','29','Sister','1990-01-29',NULL,'2020-04-03 14:56:54','2020-04-03 14:56:54',NULL),
(34,34,'Dinesh','Pinki','Pinki','48','Mother','1976-02-04',NULL,'2020-04-03 15:02:09','2020-04-03 15:02:09',NULL),
(35,35,'sunaina father','sunaina mother','sumit','29','Son','1990-06-06',NULL,'2020-04-08 09:13:06','2020-04-08 09:13:06',NULL),
(36,36,'AT','UT','SS','10','Brother','2010-01-01',NULL,'2020-04-09 09:33:16','2020-04-09 09:33:16',NULL),
(37,37,'BB','BM','SS','19','Father','2001-03-07',NULL,'2020-04-09 09:56:40','2020-04-09 09:56:40',NULL),
(38,38,'FF','MM','DD','20','Daughter','2000-02-02',NULL,'2020-04-09 10:01:14','2020-04-09 10:01:14',NULL),
(39,39,'Manoj pal','Meenakshi pal','Meenakshi','31','Son','1989-02-07',NULL,'2020-04-13 06:48:24','2020-04-13 06:48:24',NULL),
(40,40,'Manoj pal','Meenakshi pal','Meenakshi','31','Son','1989-02-07',NULL,'2020-04-13 07:13:54','2020-04-13 07:13:54',NULL),
(41,41,'Ramesh Chandra Gupta','Shashi Gupta','shashi gupta','50','Mother','1970-03-11',NULL,'2020-04-13 07:27:07','2020-04-13 07:27:07',NULL),
(42,42,'Manoj pal','Meenakshi Pal','Meenakshi Pal','30','Son','1989-06-13',NULL,'2020-04-13 07:54:43','2020-04-13 07:54:43',NULL),
(43,43,'Ravinder pal','preeti pal','Manik Pal','26','Brother','1993-06-07',NULL,'2020-04-13 08:15:25','2020-04-13 08:15:25',NULL),
(44,44,'Ram gopal gupta','rekha gupta','pal','31','Aunt','1989-01-29',NULL,'2020-04-13 09:53:28','2020-04-13 09:53:28',NULL);

/*Table structure for table `user_rewards` */

DROP TABLE IF EXISTS `user_rewards`;

CREATE TABLE `user_rewards` (
  `id` bigint(20) unsigned NOT NULL AUTO_INCREMENT,
  `user_id` int(11) NOT NULL,
  `amount` decimal(20,2) NOT NULL DEFAULT '0.00',
  `status` enum('Pending','Approved','Rejected') COLLATE utf8mb4_unicode_ci NOT NULL DEFAULT 'Pending',
  `comment` text COLLATE utf8mb4_unicode_ci COMMENT 'Admin comment during approve and reject the reward request',
  `created_at` timestamp NULL DEFAULT NULL,
  `updated_at` timestamp NULL DEFAULT NULL,
  `deleted_at` timestamp NULL DEFAULT NULL,
  PRIMARY KEY (`id`)
) ENGINE=InnoDB AUTO_INCREMENT=11 DEFAULT CHARSET=utf8mb4 COLLATE=utf8mb4_unicode_ci;

/*Data for the table `user_rewards` */

insert  into `user_rewards`(`id`,`user_id`,`amount`,`status`,`comment`,`created_at`,`updated_at`,`deleted_at`) values 
(1,2,10.00,'Approved','test approved','2020-04-01 09:19:29','2020-04-21 14:39:45',NULL),
(2,2,20.00,'Pending','commission approved','2020-04-02 09:19:35','2020-04-16 12:08:58',NULL),
(3,2,30.00,'Pending',NULL,'2020-04-03 09:19:40','2020-04-16 12:29:19',NULL),
(4,2,40.00,'Pending','approved mansij 40 rs','2020-04-04 09:19:45','2020-04-16 12:30:58',NULL),
(5,2,50.00,'Pending',NULL,'2020-04-05 09:19:52','2020-04-16 12:31:56',NULL),
(6,2,60.00,'Rejected',NULL,'2020-04-06 09:19:58','2020-04-17 04:49:37',NULL),
(7,3,70.00,'Approved','approved meenakshi','2020-04-07 09:20:04','2020-04-17 04:40:55',NULL),
(8,3,80.00,'Pending','commission rejected','2020-04-08 09:20:09','2020-04-16 13:21:10',NULL),
(9,3,90.00,'Pending','approved 90 rs meenakshi','2020-04-09 09:20:17','2020-04-16 13:21:23',NULL),
(10,3,100.00,'Pending',NULL,'2020-04-10 09:20:23',NULL,NULL);

/*Table structure for table `users` */

DROP TABLE IF EXISTS `users`;

CREATE TABLE `users` (
  `id` bigint(20) unsigned NOT NULL AUTO_INCREMENT,
  `username` varchar(191) COLLATE utf8mb4_unicode_ci NOT NULL,
  `introducer_code` varchar(191) COLLATE utf8mb4_unicode_ci NOT NULL,
  `parent_node` varchar(191) COLLATE utf8mb4_unicode_ci NOT NULL,
  `left_node` varchar(191) COLLATE utf8mb4_unicode_ci DEFAULT NULL,
  `right_node` varchar(191) COLLATE utf8mb4_unicode_ci DEFAULT NULL,
  `orientation` varchar(191) COLLATE utf8mb4_unicode_ci NOT NULL,
  `designation_id` int(11) NOT NULL DEFAULT '0',
  `referral_id` int(11) NOT NULL,
  `parent_id` int(11) NOT NULL DEFAULT '0',
  `left_node_id` int(11) NOT NULL DEFAULT '0',
  `right_node_id` int(11) NOT NULL DEFAULT '0',
  `associate_name` varchar(191) COLLATE utf8mb4_unicode_ci NOT NULL,
  `icard_no` varchar(191) COLLATE utf8mb4_unicode_ci DEFAULT NULL,
  `icard_issued_on` date DEFAULT NULL,
  `icard_valid_till` date DEFAULT NULL,
  `gender` enum('Male','Female') COLLATE utf8mb4_unicode_ci DEFAULT NULL,
  `dob` date DEFAULT NULL,
  `father_or_husband_name` varchar(191) COLLATE utf8mb4_unicode_ci DEFAULT NULL,
  `mothers_name` varchar(191) COLLATE utf8mb4_unicode_ci DEFAULT NULL,
  `email` varchar(191) COLLATE utf8mb4_unicode_ci NOT NULL,
  `mobile_no` varchar(191) COLLATE utf8mb4_unicode_ci NOT NULL,
  `secondary_mobile_no` varchar(191) COLLATE utf8mb4_unicode_ci DEFAULT NULL,
  `marital_status` varchar(191) COLLATE utf8mb4_unicode_ci DEFAULT NULL,
  `occupation` varchar(191) COLLATE utf8mb4_unicode_ci DEFAULT NULL,
  `house_no` varchar(191) COLLATE utf8mb4_unicode_ci DEFAULT NULL,
  `block` varchar(191) COLLATE utf8mb4_unicode_ci DEFAULT NULL,
  `sector` varchar(191) COLLATE utf8mb4_unicode_ci DEFAULT NULL,
  `street_no` varchar(191) COLLATE utf8mb4_unicode_ci DEFAULT NULL,
  `village_colony` varchar(191) COLLATE utf8mb4_unicode_ci DEFAULT NULL,
  `post_office_or_sub_city` varchar(191) COLLATE utf8mb4_unicode_ci DEFAULT NULL,
  `state` varchar(191) COLLATE utf8mb4_unicode_ci DEFAULT NULL,
  `city` varchar(191) COLLATE utf8mb4_unicode_ci DEFAULT NULL,
  `pin_code` varchar(191) COLLATE utf8mb4_unicode_ci DEFAULT NULL,
  `land_line_phone` varchar(191) COLLATE utf8mb4_unicode_ci DEFAULT NULL,
  `pan` varchar(191) COLLATE utf8mb4_unicode_ci DEFAULT NULL,
  `address` text COLLATE utf8mb4_unicode_ci,
  `rank` varchar(191) COLLATE utf8mb4_unicode_ci DEFAULT NULL,
  `signature` varchar(191) COLLATE utf8mb4_unicode_ci DEFAULT NULL,
  `photo` varchar(191) COLLATE utf8mb4_unicode_ci DEFAULT NULL,
  `email_verified_at` timestamp NULL DEFAULT NULL,
  `password` varchar(191) COLLATE utf8mb4_unicode_ci NOT NULL,
  `transaction_password` varchar(191) COLLATE utf8mb4_unicode_ci DEFAULT NULL,
  `org_password` varchar(191) COLLATE utf8mb4_unicode_ci DEFAULT NULL,
  `org_transaction_password` varchar(191) COLLATE utf8mb4_unicode_ci DEFAULT NULL,
  `remember_token` varchar(100) COLLATE utf8mb4_unicode_ci DEFAULT NULL,
  `user_type` enum('ADMIN','AGENT','DISTRIBUTER') COLLATE utf8mb4_unicode_ci NOT NULL DEFAULT 'AGENT',
  `is_activated` tinyint(1) NOT NULL DEFAULT '0',
  `created_at` timestamp NULL DEFAULT NULL,
  `updated_at` timestamp NULL DEFAULT NULL,
  `deleted_at` timestamp NULL DEFAULT NULL,
  PRIMARY KEY (`id`),
  UNIQUE KEY `users_username_unique` (`username`)
) ENGINE=MyISAM AUTO_INCREMENT=45 DEFAULT CHARSET=utf8mb4 COLLATE=utf8mb4_unicode_ci;

/*Data for the table `users` */

insert  into `users`(`id`,`username`,`introducer_code`,`parent_node`,`left_node`,`right_node`,`orientation`,`designation_id`,`referral_id`,`parent_id`,`left_node_id`,`right_node_id`,`associate_name`,`icard_no`,`icard_issued_on`,`icard_valid_till`,`gender`,`dob`,`father_or_husband_name`,`mothers_name`,`email`,`mobile_no`,`secondary_mobile_no`,`marital_status`,`occupation`,`house_no`,`block`,`sector`,`street_no`,`village_colony`,`post_office_or_sub_city`,`state`,`city`,`pin_code`,`land_line_phone`,`pan`,`address`,`rank`,`signature`,`photo`,`email_verified_at`,`password`,`transaction_password`,`org_password`,`org_transaction_password`,`remember_token`,`user_type`,`is_activated`,`created_at`,`updated_at`,`deleted_at`) values 
(1,'OA0001','OA0000','','OA0002','OA0015','',1,0,0,2,15,'Super Admin',NULL,NULL,NULL,'Male','2020-03-17','Admin','Admin','admin@admin.com','1234567809',NULL,'Single','Job','411','H','63','Noida','Noida','Noida','23','542','201301','8920661892','AGSFD64532K',NULL,NULL,NULL,'1_avatar1588223615.png',NULL,'$2y$10$Nwa1JtY2BGHq3yiFe0vLj.qqnWQPvZZTHw1FiBelBxROY9V5kJ6nC','$2y$10$26kxwCp2xRzMsGitKOv9LeqN5QMwfa16vVaHFPlErDfJ4G4A8onCC','12345678','12345678',NULL,'ADMIN',1,NULL,'2020-04-30 05:13:35',NULL),
(2,'OA0002','OA0001','OA0001','OA0003','OA0005','Left',1,1,1,3,5,'Mansij Srivastava',NULL,NULL,NULL,'Male','1987-06-16','Omji Srivastava','Jaishri Srivastava','mansij.srivastava@sapple.co.in','9876543210',NULL,'Married','Job','41','H','63','Noida','Noida','Noida','23','542','201301','8920661892','HYYWP6754O',NULL,NULL,'2_sign1584361748.png','2_avatar1588224475.png',NULL,'$2y$10$6w//ljuXMVAecmOlAR8U5un.C.9FNW1mzic6IAl1nqEYN.GDXI6/i','$2y$10$OTw.yQar0u2QqtTKeizCH.RFHr2OLw1VQ80E5MXsRZdVItnMI5H.i','12345678','12345678','wT6G7rAOjYCpa6Pv1bcX7EhFrxve00FiB4kAmxd5ROwASC4ZxpIcdmzezClt','AGENT',1,'2020-03-14 09:38:43','2020-04-30 05:27:55',NULL),
(3,'OA0003','OA0002','OA0002','OA0004','OA0006','Left',1,2,2,4,6,'Meenakshi pal',NULL,NULL,NULL,'Female','1989-03-01','Ramesh Chand Gupta','Shashi Gupta','meenakshi.pal@sapple.co.in','9966557788',NULL,'Married','job','18','d','12','12','shiv puri','ghaziabad','23','546','120130','9966335588','brtpg2009',NULL,NULL,'3_sign1584182308.png','3_avatar1584357645.jpg',NULL,'$2y$10$b7Ogrs9jJGJaRM/ScKy7rOYhTnmW7RAdOZcHnP76RolfOP7Llb9JG','$2y$10$NkP1Vmd13/gdwPv36bVLf.s10dLXh5WmWrfC7tqCe39RU7YnQepFy','12345678','12345678',NULL,'AGENT',1,'2020-03-14 10:38:28','2020-04-05 06:50:48',NULL),
(4,'OA0004','OA0003','OA0003','OA0008','OA0007','Left',1,3,3,8,7,'sakshi gupta',NULL,NULL,NULL,'Female','1997-10-25','sunil','usha','sakshigupta647@gmail.com','9857456123',NULL,'Single','job','78','B','62','45','rasoolpur nawada','noida','23','542','201301','123456','hhhh1213',NULL,NULL,'4_sign1584183186.jpg','4_avatar1584185715.png',NULL,'$2y$10$BtdKgfiMc5hrHf40txuTeu0bJOKZu5tbiar2LJlQYZtSsGOY7r/xi',NULL,NULL,NULL,NULL,'AGENT',1,'2020-03-14 10:53:06','2020-04-05 07:38:48',NULL),
(5,'OA0005','OA0002','OA0002','OG000021','OG000036','Right',1,2,2,21,36,'Shalu',NULL,NULL,NULL,'Male','2020-03-15','Sushil','Sheela','shalu@gmail.com','9999999999',NULL,'Single','Job','12','A','12','Noida','Noida','Noida','23','535','201301','9999999999','AGGTS8765K',NULL,NULL,'5_sign1584260465.png','5_avatar1584260465.png',NULL,'$2y$10$zzHrZ2Vx6mgFzaBTd4PL/uONb5ED39RIi6W4lsKypsTeV2rC7CgjG',NULL,NULL,NULL,NULL,'AGENT',1,'2020-03-15 08:21:05','2020-04-09 09:33:16',NULL),
(6,'OA0006','OA0003','OA0003','OA0009','OA0010','Right',1,3,3,9,10,'Salony datt',NULL,NULL,NULL,'Female','1997-08-09','sunil datt','usha rani','salony@gmail.com','9725109531',NULL,'Single','study','56','B','62','78','gautam buddha nagar','noida','4','83','234585','123456','brtpg5567',NULL,NULL,'6_sign1584261177.png','6_avatar1584261177.png',NULL,'$2y$10$hfzQ7vUbJcG.6n8Ok..UpurhkQ/ngp4Blwphkvio9nZ6mWAoHwGJK',NULL,NULL,NULL,NULL,'AGENT',0,'2020-03-15 08:32:57','2020-04-05 08:28:21',NULL),
(7,'OA0007','OA0004','OA0004','OG000044',NULL,'Right',1,4,4,44,0,'pallavi tripathi',NULL,NULL,NULL,'Female','2020-01-15','yashraj','usha devi','pallavi@gmail.com','9725109831',NULL,'Single','job','89','C','103','90','greater noida','delhi','23','542','201301','124578','brtpg5567',NULL,NULL,'7_sign1584261508.png','7_avatar1584261508.png',NULL,'$2y$10$3W.WPRyBV1UnqZn4FwuDmOsTjsKMUJJAk4Sr7YpGjtFjxrIBXxTlC',NULL,NULL,NULL,NULL,'AGENT',1,'2020-03-15 08:38:28','2020-04-13 09:53:28',NULL),
(8,'OA0008','OA0004','OA0004','OA0011',NULL,'Left',1,4,4,11,0,'Ramesh',NULL,NULL,NULL,'Male','2020-03-15','Ram','Seeta','ramesh@gmail.com','8920661892',NULL,'Single','Majduri','12','V','12','HH','Noida','Noida','21','485','434567','9632587410','HGTUS8765T',NULL,NULL,'8_sign1584262200.png','8_avatar1584262200.png',NULL,'$2y$10$lLsTyhVRg.ZAz/Y/ZsQJV.CV64lngtKMXEdFXI0xR2gkKAgsqNwx.',NULL,NULL,NULL,NULL,'AGENT',1,'2020-03-15 08:50:00','2020-03-17 06:03:59',NULL),
(9,'OA0009','OA0006','OA0006',NULL,NULL,'Left',1,6,6,0,0,'Rachit bhardwaj',NULL,NULL,NULL,'Male','2020-02-18','pradeep','aarti','rachit@gmail.com','7889945555',NULL,'Single','job','45','d','126','85','greater noida','noida','23','529','555555','1212254','cdxvd455',NULL,NULL,'9_sign1584266669.png','9_avatar1584266669.png',NULL,'$2y$10$30aaIepCw1XHSKNkBF/xMOWGNHKXWgzh1pBfXpda73zkslhAj.Rvm',NULL,NULL,NULL,NULL,'AGENT',1,'2020-03-15 10:04:28','2020-03-15 10:04:29',NULL),
(10,'OA0010','OA0006','OA0006',NULL,'OG000041','Right',1,6,6,0,41,'prashant',NULL,NULL,NULL,'Male','2020-03-08','ghbg','gfhb','prashant@gmail.com','5555878256',NULL,'Single','job','106','b','12','56','gautam budhha nagar','noida','23','538','21514154','1545996','gygygy14554',NULL,NULL,'10_sign1584266941.png','10_avatar1584266941.png',NULL,'$2y$10$HVUghFL2SxuPD1yrMq/90u.vA18WCCn0R6LzeH5JmtAeOcXEvjMQi',NULL,NULL,NULL,NULL,'AGENT',1,'2020-03-15 10:09:01','2020-04-13 07:27:07',NULL),
(11,'OA0011','OA0003','OA0008','OA0012','OA0013','Left',1,3,8,12,13,'pranjal shukla',NULL,NULL,NULL,'Male','2020-03-03','edfe','edew','pranjalshukla@gmail.com','7894561235',NULL,'Single','job','45','B','62','45','rasoolpur nawada','noida','12','329','789456','123488','efdedwf4555',NULL,NULL,'11_sign1584523814.png','11_avatar1584523814.png',NULL,'$2y$10$DU2EhWgHjI339lzuBnWiserdgI./Vdjd1LatJKVZysXpA8EvpyDn2',NULL,NULL,NULL,NULL,'AGENT',0,'2020-03-17 06:03:59','2020-04-17 06:13:31',NULL),
(12,'OA0012','OA0011','OA0011','OG000022',NULL,'Left',1,11,11,22,0,'srejan sharma',NULL,NULL,NULL,'Male','2020-03-09','cfds','dsc','srejan@gmail.com','7845696212',NULL,'Single','job','12','B','62','45','rasoolpur nawada','noida','17','382','201301','4455241','edecf2231',NULL,NULL,'12_sign1584428672.jpg','12_avatar1584428672.jpg',NULL,'$2y$10$cehUDzrFofosL8V4bjl/OOWtF1PKhzoNqLd6RvgEdroljxc15dKuK',NULL,NULL,NULL,NULL,'AGENT',1,'2020-03-17 07:04:32','2020-04-03 12:39:14',NULL),
(13,'OA0013','OA0011','OA0011','OG000017','OA0014','Right',1,11,11,17,14,'shraddha tiwari',NULL,NULL,NULL,'Female','2020-03-08','vijay tiwari','shashsi','shraddha@gmail.com','5465645465',NULL,'Single','job','46','c','624','45','banglore','banglore','1','11','201301','456611','dsecsa554',NULL,NULL,'13_sign1584430478.jpg','13_avatar1584430478.jpg',NULL,'$2y$10$WKMs8eSg94YGU0CI.IuAWOIYwA5Cd1boHXLVm.XqZEqnqjvpuYZQG',NULL,NULL,NULL,NULL,'AGENT',1,'2020-03-17 07:34:38','2020-03-20 06:49:11',NULL),
(14,'OA0014','OA0011','OA0013',NULL,NULL,'Right',1,11,13,0,0,'kundan ratnani',NULL,NULL,NULL,'Male','2020-03-10','ascdac','dsadcsa','kundan@gmail.com','7885452625',NULL,'Separated','berogaar','89','g','9','555','rasoolpur nawada','noida','23','542','201302','1132254','dvdfg5225',NULL,NULL,'14_sign1584516279.jpg','14_avatar1584516279.jpg',NULL,'$2y$10$M/FcOHC2vT6ccpFbxgzx1Om7p2evJHtUkp.Do65jC0t6mRhcY3wtK',NULL,NULL,NULL,NULL,'AGENT',1,'2020-03-18 07:24:39','2020-03-18 07:24:39',NULL),
(15,'OA0015','OA0001','OA0001',NULL,'OA0016','Right',1,1,1,0,16,'Shikha',NULL,NULL,NULL,'Female','2020-03-17','Narayan','Durga','shikha@gmail.com','9632587410',NULL,'Single','Study','53','B1','22','3','Delhi','Delhi','1','4','110025','9999999999','GFFTR4543S',NULL,NULL,'15_sign1584588991.jpg','15_avatar1584588991.jpg',NULL,'$2y$10$e9P16lhUUsf8RgSF1PVBuOGFU.iQyu3NzvgOMyAfxzOENd4vinG6y',NULL,NULL,NULL,NULL,'AGENT',1,'2020-03-19 03:36:31','2020-03-19 03:42:23',NULL),
(16,'OA0016','OA0015','OA0015',NULL,'OG000023','Right',1,15,15,0,23,'Richa',NULL,NULL,NULL,'Female','2020-03-16','Rahul','Reena','richa@gmail.com','7894561230',NULL,'Single','Study','26','F','H','53','Kailash Colony','Lucknow','2','38','225588','7412589630','KJJTUP8765T',NULL,NULL,'16_sign1584589343.jpg','16_avatar1584589343.jpg',NULL,'$2y$10$V9AOTt0wzX4arfVo3/sdAOl1I.wCo.NBrRZ0QQM76zsNn6uek0JA2',NULL,NULL,NULL,NULL,'AGENT',1,'2020-03-19 03:42:23','2020-04-03 14:10:03',NULL),
(17,'OG000017','OA0013','OA0013',NULL,NULL,'Left',1,13,13,0,0,'corona',NULL,NULL,NULL,'Male','2020-03-17','india','bharat mata','corona@gmail.com','4554558855',NULL,'Separated','infect everybody','78','B','89521','45','china','china','6','151','789456','5445252565','hbh554',NULL,NULL,'17_sign1584686951.jpg','17_avatar1584686951.jpg',NULL,'$2y$10$QGmFW5OOl7x.pyJfDJQKI.vUnDKD2T9qjmF0mnZ.dIPrNud42Y41S',NULL,NULL,NULL,NULL,'AGENT',1,'2020-03-20 06:49:11','2020-03-20 06:49:11',NULL),
(19,'OG000019','OA0005','OG000018','OG000020',NULL,'Left',1,5,18,20,0,'AAA',NULL,NULL,NULL,'Female','2020-02-02','CCC','DDD','adsf@ah.sg','1111111111',NULL,'Single','Doctor','18','D','12','7','Delhi','Delhi','25','115','222222','2222222222',NULL,NULL,NULL,NULL,NULL,NULL,'$2y$10$Nwa1JtY2BGHq3yiFe0vLj.qqnWQPvZZTHw1FiBelBxROY9V5kJ6nC',NULL,NULL,NULL,NULL,'AGENT',1,'2020-03-24 14:01:30','2020-03-24 14:03:32',NULL),
(21,'OG000021','OA0005','OA0005',NULL,NULL,'Left',1,5,5,0,0,'Anjali Waldia',NULL,NULL,NULL,'Female','2020-03-17','Bhuwan Singh Waldia','Saraswati Waldia','anjali@gmail.com','9988755663',NULL,'Single','Doctor','12','D','23','12','Delhi','Delhi','25','116','120130','1230456789',NULL,NULL,NULL,'21_sign1585059089.png','21_avatar1585059089.png',NULL,'$2y$10$Nwa1JtY2BGHq3yiFe0vLj.qqnWQPvZZTHw1FiBelBxROY9V5kJ6nC',NULL,NULL,NULL,NULL,'AGENT',1,'2020-03-24 14:11:29','2020-03-24 14:13:07',NULL),
(20,'OG000020','OA0005','OG000019',NULL,NULL,'Left',1,5,19,0,0,'AAA',NULL,NULL,NULL,'Female','2020-02-02','CCC','DDD','adsf@ah.sg','1111111111',NULL,'Single','Doctor','18','D','12','7','Delhi','Delhi','25','115','222222','2222222222',NULL,NULL,NULL,NULL,NULL,NULL,'$2y$10$Nwa1JtY2BGHq3yiFe0vLj.qqnWQPvZZTHw1FiBelBxROY9V5kJ6nC',NULL,NULL,NULL,NULL,'AGENT',1,'2020-03-24 14:03:32','2020-03-24 14:03:32',NULL),
(22,'OG000022','OA0001','OA0012','OG000024','OG000025','Left',1,1,12,24,25,'Puneet Nawani',NULL,NULL,NULL,'Female','1990-10-28','744','77','puneet.nawani@sapple.co.in','9999999992',NULL,'Single','Qa','31','R','12','R','Noida','Noida','23','-- Select One --','20130','4444444',NULL,NULL,NULL,'22_sign1586264146.png','22_avatar1586261931.png',NULL,'$2y$10$i/niz304JBVnVmqRsq/9du2SyBJJSJ8TOSySn1fyjBsBNBDPvb.im','$2y$10$7jafRN6u3V06sOu1qa0uYOIbIyfP3/jqolY1I2h38fg8fSb0ISJ86',NULL,'sapple',NULL,'AGENT',1,'2020-04-03 12:39:14','2020-04-08 04:47:12',NULL),
(23,'OG000023','OA0001','OA0016',NULL,NULL,'Right',1,1,16,0,0,'Abhishek',NULL,NULL,NULL,'Male','1994-06-23','Rakesh','Asha','puneet.nawani@sapple.co.in','8888888888',NULL,'Single','Developer','31','R','12','2','Khora','Noida','23','542','201301','7777777',NULL,NULL,NULL,'23_sign1585923003.jpg','23_avatar1585923003.jpg',NULL,'$2y$10$GWgTzFBs0H61ogIHuyy7lOjq0PRHk9f4ddam4rCmHAkPMQTww2SYO',NULL,'12345678',NULL,NULL,'AGENT',1,'2020-04-03 14:10:03','2020-04-03 14:10:03',NULL),
(24,'OG000024','OG000022','OG000022','OG000026','OG000027','Left',1,22,22,26,27,'Abhishek',NULL,NULL,NULL,'Male','1995-06-21','RAKESH','ASHA','puneet.nawani@sapple.co.in','8888888888',NULL,'Single','DEVELOPER','31','R','12','12','KHORA','NOIDA','23','542','201301','7777777',NULL,NULL,NULL,'24_sign1585923270.jpg','24_avatar1585923270.jpg',NULL,'$2y$10$rsF9YZSYSMxvjlIvtVUgeetpQ9KRNzHfdAHlZgKo8nfxaU6DeA0nW',NULL,'12345678',NULL,NULL,'AGENT',1,'2020-04-03 14:14:30','2020-04-03 14:28:35',NULL),
(25,'OG000025','OG000022','OG000022','OG000028','OG000029','Right',1,22,22,28,29,'Sachin',NULL,NULL,NULL,'Male','1990-10-28','Srikant','Shashi','puneet.nawani@sapple.co.in','8888888888',NULL,'Single','Doctor','22','F','56','55','Amarpur','Dwarka','25','122','110092','7777777',NULL,NULL,NULL,'25_sign1585923569.png','25_avatar1585923569.png',NULL,'$2y$10$UP5Gb7w4m3Dahe68F/Cha.tkDsSJzpwxk72bvphyKD0O46Xxn3Y/e',NULL,'12345678',NULL,NULL,'AGENT',1,'2020-04-03 14:19:29','2020-04-03 14:37:39',NULL),
(26,'OG000026','OG000024','OG000024','OG000030',NULL,'Left',1,24,24,30,0,'Atul',NULL,NULL,NULL,'Male','1990-11-06','Ajit','Rekha','puneet.nawani@sapple.co.in','8888888888',NULL,'Married','Pilot','54','m','56','8','Khora','Noida','23','542','201301','7777777',NULL,NULL,NULL,'26_sign1585923852.png','26_avatar1585923852.png',NULL,'$2y$10$g3.Xu02PMYfX8hFAOeZeg.aMUXw3mj6ogxwTldztlQ79lzyA.7mJ6',NULL,'12345678',NULL,NULL,'AGENT',1,'2020-04-03 14:24:12','2020-04-03 14:42:31',NULL),
(27,'OG000027','OG000024','OG000024',NULL,NULL,'Right',1,24,24,0,0,'Anirudh',NULL,NULL,NULL,'Male','1990-05-29','Amit','Ranjana','puneet.nawani@sapple.co.in','9999999999',NULL,'Separated','Painter','98','M','12','21','Khora','Noida','23','542','201301','8888888',NULL,NULL,NULL,'27_sign1585924115.jpg','27_avatar1585924115.jpg',NULL,'$2y$10$b2Qljz6K0ThwXoL2CFnhd.giSr/C7ULa5JN7cieet5IGU4iFHHFLO',NULL,'12345678',NULL,NULL,'AGENT',1,'2020-04-03 14:28:35','2020-04-03 14:28:35',NULL),
(28,'OG000028','OG000025','OG000025',NULL,NULL,'Left',1,25,25,0,0,'Tiger',NULL,NULL,NULL,'Male','1990-10-28','Jacky','Aparna','puneet.nawani@sapple.co.in','9999999999',NULL,'Married','Dancer','21','U','33','2','Seelumpur','Noida','23','542','201301','9999999',NULL,NULL,NULL,'28_sign1585924409.jpg','28_avatar1585924409.jpg',NULL,'$2y$10$2Q8X6Kg3mKM/XPG/9c1Pt.VuBgh/cCqCtBKAcUc.hthcapGU7WcuC',NULL,'12345678',NULL,NULL,'AGENT',1,'2020-04-03 14:33:29','2020-04-03 14:33:29',NULL),
(29,'OG000029','OG000025','OG000025',NULL,'OG000033','Right',1,25,25,0,33,'Sarthak',NULL,NULL,NULL,'Male','1990-10-28','Rakesh','Asha','puneet.nawani@sapple.co.in','9999999999',NULL,'Single','Builder','5','I','12','22','Khora','Noida','23','542','201301','9999999',NULL,NULL,NULL,'29_sign1585924659.png','29_avatar1585924659.png',NULL,'$2y$10$gNNeA8BE1cpz902kwfw92usSVOpSLWvMrjgv3dw9s6.Gclp2U11Ny',NULL,'12345678',NULL,NULL,'AGENT',1,'2020-04-03 14:37:39','2020-04-03 14:56:54',NULL),
(30,'OG000030','OG000026','OG000026','OG000031',NULL,'Left',1,26,26,31,0,'Priya',NULL,NULL,NULL,'Female','1990-10-28','Ashish','Asha','puneet.nawani@sapple.co.in','9999999999',NULL,'Single','Teacher','12','Block T','23','22','Khora','Noida','23','542','201301','8888888',NULL,NULL,NULL,'30_sign1585924951.jpg','30_avatar1585924951.jpg',NULL,'$2y$10$/N7I8hssRqzTox8ORcSVAOvXZghqWB2gLPwHSjRqxTNQr3nDYIXEq',NULL,'12345678',NULL,NULL,'AGENT',1,'2020-04-03 14:42:31','2020-04-03 14:48:18',NULL),
(31,'OG000031','OG000030','OG000030','OG000032',NULL,'Left',1,30,30,32,0,'Asha',NULL,NULL,NULL,'Female','1990-11-13','Lalit','Amrita','puneet.nawani@sapple.co.in','9999999999',NULL,'Married','Housemaker','33','Block H','12','3','Khora','Noida','23','542','201301','9999999',NULL,NULL,NULL,'31_sign1585925298.jpg','31_avatar1585925298.jpg',NULL,'$2y$10$CtsLnplnbpH4/wLAwPWRO.j95h7yygTBgLG.BGEWbDZ.u1bGeYUDa',NULL,'12345678',NULL,NULL,'AGENT',1,'2020-04-03 14:48:18','2020-04-03 14:51:56',NULL),
(32,'OG000032','OG000031','OG000031','OG000035',NULL,'Left',1,31,31,35,0,'Priyanka',NULL,NULL,NULL,'Female','1990-10-28','Abhishek','Arpita','puneet.nawani@sapple.co.in','9999999999',NULL,'Single','Business','116','Block T','100','7','Devpur','Noida','23','542','201301','9999999',NULL,NULL,NULL,'32_sign1585925516.jpg','32_avatar1585925516.jpg',NULL,'$2y$10$wm2ALzfbv2OIH97HkfHYbupaNMa6.moJyI8V1b7QpmoPuInP7h5cm',NULL,'12345678',NULL,NULL,'AGENT',1,'2020-04-03 14:51:56','2020-04-08 09:13:06',NULL),
(33,'OG000033','OG000029','OG000029',NULL,'OG000034','Right',1,29,29,0,34,'Nidhi',NULL,NULL,NULL,'Female','1989-06-14','Puneet','Shailja','punnet.nawani@sapple.co.in','9874563210',NULL,'Single','er','55','12','12','5','khoda','noida','23','542','201301','123654789',NULL,NULL,NULL,'33_sign1585925814.jpg','33_avatar1585925814.jpg',NULL,'$2y$10$LoQcVtpousrNAWNRnw2ACuQTjSXOI88R4i6hWvYmYUyEBAw37nbae',NULL,'12345678',NULL,NULL,'AGENT',1,'2020-04-03 14:56:54','2020-04-03 15:02:09',NULL),
(34,'OG000034','OG000033','OG000033',NULL,'OG000039','Right',1,33,33,0,39,'Riya',NULL,NULL,NULL,'Female','1994-06-20','Dinesh','Pinki','punnet.nawani@sapple.co.in','9874563210',NULL,'Single','doctotr','15','34','51','23','Khoda','Noida','23','542','201301','22558899',NULL,NULL,NULL,'34_sign1585926129.png','34_avatar1585926129.png',NULL,'$2y$10$EOdr6HmMZzPUnLr4rEPM4exSOQlEUteg3ElwKJmgWfssN7hQHVCm2',NULL,'12345678',NULL,NULL,'AGENT',1,'2020-04-03 15:02:09','2020-04-13 06:48:24',NULL),
(35,'OG000035','OA0004','OG000032','OG000042',NULL,'Left',1,4,32,42,0,'Sunaina',NULL,NULL,NULL,'Female','1969-07-06','sunaina father','sunaina mother','sunaina@gmail.com','4712584544',NULL,'Divorced','job','45','B','71','45','khadakpur','sikkim','20','465','74585452','892066',NULL,NULL,NULL,'35_sign1586337186.png','35_avatar1586337186.png',NULL,'$2y$10$EkY5NdHtyhIkl8iw/rHrWuLFJavJrngkbLemuyNDJ4Gyo7/xSac.y',NULL,'123456789',NULL,NULL,'AGENT',1,'2020-04-08 09:13:06','2020-04-13 07:54:43',NULL),
(36,'OG000036','OA0002','OA0005','OG000037','OG000038','Right',1,2,5,37,38,'KT',NULL,NULL,NULL,'Female','2020-04-01','AT','UT','kt@gmail.com','9966332255',NULL,'Single','--','1','1','1','1','Noida','Noida','23','542','201301',NULL,NULL,NULL,NULL,'36_sign1586424796.png','36_avatar1586424796.png',NULL,'$2y$10$JYopbiY97id16agWofBJ7.1YM4CbJdtcVO2z7AECgZq6YjUVKLOS6',NULL,'12345678',NULL,NULL,'AGENT',1,'2020-04-09 09:33:16','2020-04-09 10:01:14',NULL),
(37,'OG000037','OG000036','OG000036',NULL,NULL,'Left',1,36,36,0,0,'BT',NULL,NULL,NULL,'Female','2020-04-08','BB','BM','bt@gmail.com','9988774455',NULL,'Single','--','2','2','2','2','Noida','Noida','23','542','201031',NULL,NULL,NULL,NULL,'37_sign1586426200.png','37_avatar1586426200.png',NULL,'$2y$10$h.2EksAR8..iRn4FShuxluuJPof7BHzGenL2AZbLgCKmzDNCRbJSu',NULL,'12345678',NULL,NULL,'AGENT',1,'2020-04-09 09:56:40','2020-04-09 09:56:40',NULL),
(38,'OG000038','OG000036','OG000036',NULL,NULL,'Right',1,36,36,0,0,'CT',NULL,NULL,NULL,'Female','2020-04-07','FF','MM','ct@gmail.com','7744112255',NULL,'Single','--','3','3','3','3','Noida','Noida','23','542','201301',NULL,NULL,NULL,NULL,'38_sign1586426474.png','38_avatar1586426474.png',NULL,'$2y$10$ABth527Jl8N6OFDZJRjq0.GWQEKxA8d8YfcpuvoTgW5E3q/Gp5l0u',NULL,'12345678',NULL,NULL,'AGENT',1,'2020-04-09 10:01:14','2020-04-09 10:01:14',NULL),
(43,'OG000043','OG000042','OG000042',NULL,NULL,'Left',1,42,42,0,0,'Shourya Pal',NULL,NULL,NULL,'Male','2002-02-04','Ravinder pal','preeti pal','meenakshi.pal@sapple.co.in','9966332244',NULL,'Single','business','79','c','12','2','sadatpur','delhi','25','115','110094','15445454',NULL,NULL,NULL,'43_sign1586765725.png','43_avatar1586765725.png',NULL,'$2y$10$pvJFvdnyEiwSm9wiy6LJQ.4GHsqBtTCASeoVfFnCjNvrL//qCugIy',NULL,'12345678',NULL,NULL,'AGENT',1,'2020-04-13 08:15:25','2020-04-13 08:15:25',NULL),
(42,'OG000042','OG000022','OG000035','OG000043',NULL,'Left',1,22,35,43,0,'Manik Pal',NULL,NULL,NULL,'Male','2002-06-11','Manoj pal','Meenakshi Pal','meenakshi.pal@sapple.com','9963521478',NULL,'Single','business','12','5','2','12','Indrapurm','ghaziabad','23','546','120130','123456789',NULL,NULL,NULL,'42_sign1586764483.png','42_avatar1586764483.png',NULL,'$2y$10$MtFFSw.xIcag3npBhfDACufEEG3AKS/3LignyQiKfue.IjE63U7t6',NULL,'12345678',NULL,NULL,'AGENT',1,'2020-04-13 07:54:43','2020-04-13 08:15:25',NULL),
(41,'OG000041','OA0006','OA0010',NULL,NULL,'Right',1,6,10,0,0,'Rashi Gupta',NULL,NULL,NULL,'Female','1997-02-25','Ramesh Chandra Gupta','Shashi Gupta','sakshi.gupta@sapple.co.in','8218669871',NULL,'Single','Job','57','Z','75','99','Bazdari pura','Bazdari pura','23','524','271801','7845612',NULL,NULL,NULL,'41_sign1586762827.png','41_avatar1586762827.png',NULL,'$2y$10$.nrnezUJj.rIxFaXWg4F2O1cYSkMVOW7wH23lI9LIPdq9vXxpNMtG',NULL,'123456789',NULL,NULL,'AGENT',1,'2020-04-13 07:27:07','2020-04-13 07:27:07',NULL),
(44,'OG000044','OA0007','OA0007',NULL,NULL,'Left',1,7,7,0,0,'Rheaa',NULL,NULL,NULL,'Female','1985-12-31','Ram gopal gupta','rekha gupta','sakshi250397@gmail.com','8267852285',NULL,'Separated','job','22','E','78','122','sonpur','noida','14','358','5556656','56666665',NULL,NULL,NULL,'44_sign1586771608.png','44_avatar1586771608.png',NULL,'$2y$10$rjQ2R9q0TODqn7ydy8MgSunyZNSPcTpeDxEWY2w4jOuLYnfRBj2Iu',NULL,'123456789',NULL,NULL,'AGENT',1,'2020-04-13 09:53:28','2020-04-13 09:53:28',NULL);

/* Trigger structure for table `customer_plot_booking_due_lists` */

DELIMITER $$

/*!50003 DROP TRIGGER*//*!50032 IF EXISTS */ /*!50003 `customer_plot_booking_due_list_trigger` */$$

/*!50003 CREATE */ /*!50017 DEFINER = 'obedent_usr'@'%' */ /*!50003 TRIGGER `customer_plot_booking_due_list_trigger` AFTER UPDATE ON `customer_plot_booking_due_lists` FOR EACH ROW             BEGIN
                INSERT INTO customer_plot_booking_due_list_transactions 
                                (`customer_plot_booking_detail_id`, `customer_id`, `customer_plot_booking_paid_list_id`, `payment_master_id`, 
                                `generated_date`, `received_date`, `due_date`, 
                                `total_emi_amount`, `balance_emi_amount`, `total_paid`, `emi_amount`, `total_installment`, `created_at`, `updated_at`, `deleted_at`) 
                    VALUES (OLD.customer_plot_booking_detail_id, OLD.customer_id, OLD.customer_plot_booking_paid_list_id, OLD.payment_master_id, 
                            OLD.generated_date, OLD.received_date, OLD.due_date, 
                        OLD.total_emi_amount, old.balance_emi_amount, OLD.total_paid, OLD.emi_amount, OLD.total_installment, OLD.created_at, OLD.updated_at, OLD.deleted_at);
            END */$$


DELIMITER ;

/* Trigger structure for table `user_businesses` */

DELIMITER $$

/*!50003 DROP TRIGGER*//*!50032 IF EXISTS */ /*!50003 `user_business_trigger` */$$

/*!50003 CREATE */ /*!50017 DEFINER = 'obedent_usr'@'%' */ /*!50003 TRIGGER `user_business_trigger` AFTER UPDATE ON `user_businesses` FOR EACH ROW BEGIN
                INSERT INTO user_business_transactions (`user_id`, `total_left_business`, `total_right_business`, `total_self_business`, 
                                                        `remaining_left_business`, `remaining_right_business`, `cycle_matching_amount`, 
                                                        `created_at`, `updated_at`, `deleted_at`) 
                VALUES (OLD.user_id, OLD.total_left_business, OLD.total_right_business, OLD.total_self_business, 
                        OLD.remaining_left_business, old.remaining_right_business, old.matching_amount,
                    OLD.created_at, OLD.updated_at, OLD.deleted_at);
            END */$$


DELIMITER ;

/*!40101 SET SQL_MODE=@OLD_SQL_MODE */;
/*!40014 SET FOREIGN_KEY_CHECKS=@OLD_FOREIGN_KEY_CHECKS */;
/*!40014 SET UNIQUE_CHECKS=@OLD_UNIQUE_CHECKS */;
/*!40111 SET SQL_NOTES=@OLD_SQL_NOTES */;
